id_producto;ean;nombre;categoria;marca;precio_empaque;precio_por_kilo;calorias_100g;proteinas_100g;fibra_100g;grasa_saturada_100g;azucar_100g;sal_100g;nutri_score;procesado
21398.0;8402001045554;Cambiador multiusos desechable Deliplus;Braguita y otros;Deliplus;4.15;0.35;;;;;;;;
34231.0;8480000342317;Cocktail mezcla Hacendado;Cocktails;Hacendado;1.6;5.33;498.0;14.8;7.9;2.9;6.8;1.6725;d;4
15275.0;8402001041839;Preparado en polvo gelatina maracuyá Hacendado;Levadura y preparado repostería;Hacendado;1.75;9.83;57.0;1.5;0.0;;;0.0;unknown;{}
60515.0;8480000605153;Filtros de café para cafeteras tamaño 2 y 4 Bosque Verde;Otros;Bosque Verde;2.2;0.02;;;;;;;;
13926.0;8410505320145;Soja texturizada Luengo;Lentejas y otros;Luengo;2.7;13.5;361.0;50.0;15.0;1.5;6.3000001907349;0.0;a;4
33026.0;8480000330260;Mix de pepinillos y cebollitas Hacendado;Pepinillos y otros encurtidos;Hacendado;1.85;2.76;19.0;1.2;0.9;0.2;1.7;1.3;c;4
15599.0;8480000155993;Leche evaporada Hacendado;Leche condensada y otros;Hacendado;1.66;2.77;50.9345794392523;7.4;;2.5;11.0;0.22;c;4
39394.0;8480000393944;Zumo de tomate Hacendado;Otros sabores;Hacendado;1.05;1.05;18.0;0.4;0.4;0.0;3.3;0.6;b;3
52451.0;8402001013553;Boquerones aliñados Hacendado;Salazones;Hacendado;1.7;21.25;280.0;16.0;;4.0;0.0;2.3;d;3
18002.0;8480000180025;Atún claro en aceite de oliva Hacendado;Atún;Hacendado;4.9;10.21;357.0;21.0;;2.9;0.4;0.54;a;3
23249.0;7613287424532;Empanados vegetales con proteína de soja Tivall;Otros;Tivall;2.4;13.33;235.0;12.3;5.3;0.8;1.4;0.83;a;4
59090.0;8480000590909;Salami extra Hacendado lonchas;Salchichón;Hacendado;1.85;7.71;462.0;16.0;;13.0;5.1;3.8;e;4
14085.0;8480000140852;Mini galletas caritas Hacendado con crema de cacao;Con chocolate y rellenas;Hacendado;1.4;4.26;485.436893203883;6.79611650485437;;7.76699029126214;28.1553398058252;0.618932038834951;e;4
69582.0;8412276046095;Cogollos corazón de lechuga;Lechuga;;2.0;0.33;13.0;0.98;;0.4;0.49;0.0;unknown;{}
17382.0;8480000173829;Salsa de Soja sin gluten Hacendado;Salsas orientales;Hacendado;2.5;10.0;57.0;10.0;;0.1;0.1;0.041;a;3
27951.0;8410261641416;Refresco sin gas de naranja Simon Life;Otros refrescos sin gas;Simon Life;1.85;1.23;20.0;0.0;;0.0;4.8;0.03;c;4
9820.0;8402001025600;Chocolate negro 72% de cacao Hacendado con almendras enteras;Chocolate negro;Hacendado;3.0;20.0;555.0;13.0;13.0;21.0;0.57;0.1075;d;{}
35595.0;8402001008672;Polvos de talco Deliplus;Accesorios;Deliplus;1.8;9.0;;;;;;;;
82227.0;8480000822277;Pan rallado con ajo y perejil Hacendado;Pan rallado;Hacendado;1.0;2.0;365.0;10.0;3.8;0.3;5.8;0.102;a;3
12348.0;8480000123480;Cacahuetes Hacendado chocolate negro;Chocolatinas;Hacendado;2.05;8.2;544.0;14.1;7.4;15.1;38.6;0.0;e;4
86368.0;8402001022135;Copos de avena sin gluten Hacendado;Cereales integrales y muesli;Hacendado;2.1;4.2;370.0;14.0;11.0;1.3;1.0;0.0;a;1
86600.0;8480000866004;Canelones de carne Hacendado ultracongelados;Pasta;Hacendado;3.24;5.4;144.0;7.3;;2.1;2.2;0.7475;c;4
24267.0;5740301100621;Camarón boreal cocido y pelado Royal Greenland ultracongelado;Marisco;Royal Greenland;4.75;23.75;66.0;15.0;;0.1;0.0;1.4;a;3
18071.0;8480000180711;Atún claro en aceite de oliva Hacendado;Atún;Hacendado;1.55;13.96;245.0;19.0;0.0;4.6;0.5;0.89;d;{}
29624.0;5449000033819;Bebida isotónica naranja Aquarius;Isotónico;Aquarius;0.99;3.0;19.0;0.0;0.0;0.0;4.5;0.05;d;4
87786.0;8402001049385;Arreglo de marisco pelado;Marisco;;9.45;21.0;;;;;;;;
81100.2;2105307811002;Sardina limpia sin cabeza;Sardina;;1.19;5.95;;;;;;;;
15077.0;8410154006001;Mermelada de tomate Hacendado;Mermelada;Hacendado;1.95;4.43;194.0;0.5;;0.0;44.0;0.0;unknown;{}
86808.0;8402001029080;Sazonador pollo y carne Hacendado;Sazonadores;Hacendado;1.4;18.42;;;;;;;unknown;{}
14054.0;8402001036309;Galletas Digestive choco y avena Hacendado;Galletas integrales y digestive;Hacendado;1.75;5.47;144.0625;8.2;10.0;4.2;24.0;0.83;d;4
8180.0;8402001021534;Queso lonchas cheddar de vaca Hacendado;Queso lonchas;Hacendado;1.85;9.25;415.0;25.0;;21.0;;4.5;e;4
21576.0;8402001047275;Panecillo de trigo integral 30%;Pan de bocadillo;;0.35;5.0;;;;;;;;
70652.0;8480000706522;Chocolate negro 55% cacao Hacendado;Chocolate negro;Hacendado;1.75;11.67;534.0;5.5;7.6;22.0;44.0;0.01;e;4
27667.0;8410656001153;Tónica original Schweppes;Tónica y bitter;Schweppes;0.99;3.0;36.0;0.0;;0.0;8.5;0.03;d;4
29360.0;5000112642896;Refresco Coca-Cola;Cola clásica;Coca-Cola;1.5;3.0;42.0;0.0;;0.0;10.6;0.0;e;4
64251.0;8480000642516;Helado cucurucho sabor choco nata Hacendado;Cucuruchos;Hacendado;2.2;3.06;319.0;4.0;2.2;11.0;30.0;0.11;e;4
2784.0;2105100027846;Alas de pollo;Pollo;;3.78;4.15;;;;;;;;
8949.0;8402001023804;Agua de colonia fresca infantil Deliplus con notas cítricas;Colonia;Deliplus;1.9;3.17;;;;;;;;
18116.0;8480000181169;Bonito del norte en aceite de oliva Hacendado;Bonito;Hacendado;3.2;14.41;192.0;25.0;;1.6;;2.0;unknown;3
52513.0;5411188138051;Postre de soja sabor natural con coco Alpro;Postres de soja;Alpro;2.0;5.0;54.0;3.9;0.9;1.0;2.2;0.22;a;4
64039.0;8402001017520;Helado cucurucho caramelo y nueces pecán Hacendado sabor vainilla;Cucuruchos;Hacendado;3.1;5.54;300.220750551876;3.53200883002208;1.32450331125828;8.16777041942605;30.9050772626932;0.171081677704194;unknown;{}
64196.0;8410663200211;Helado cucurucho sabor nata Hacendado;Cucuruchos;Hacendado;2.2;3.06;;;;;;;;
11438.0;8480000114389;Infusión Cúrcuma Hacendado con manzana y canela;Infusiones;Hacendado;1.35;39.71;2.0;0.5;0.0;0.0;0.5;0.03;not-applicable;4
3820.0;2105431038207;Kiwi verde;Fruta tropical;;0.39;3.25;;;;;;;;
21448.0;8402001045820;Piadina Hacendado;Pan de hamburguesa y wrap;Hacendado;2.2;5.5;323.0;8.1;4.0;;3.4;;unknown;{}
6277.0;8402001042232;Spaghetti fino Hacendado;Spaghetti y tallarines;Hacendado;0.8;1.6;;;;;;;;
82279.0;8480000822796;Picos Hacendado;Picos;Hacendado;0.8;3.2;416.0;11.2;2.2;0.7;2.6;2.0;d;3
13849.0;8480000138491;Bebida de avellana y arroz sin azúcares añadidos Hacendado;Bebidas vegetales;Hacendado;7.5;1.25;50.0;0.6;0.4;0.2;3.8;0.08;c;4
60869.0;8480000608697;Piñones Hacendado;Otras especias;Hacendado;3.25;46.43;;;;;;;a;1
60320.0;8480000603203;Banderillas Gildas Hacendado pinchos de aceituna, anchoa y guindilla;Cóctel y banderillas;Hacendado;2.3;18.4;230.933333333333;5.7;0.0;3.1;0.0;3.3;e;{}
27449.0;5449000136336;Refresco Coca-Cola Zero azúcar;Cola zero;Coca-Cola;3.95;0.99;0.2;0.0;;0.0;0.0;0.02;c;4
12530.0;8480000125309;Chocolate negro 70% cacao fundir Hacendado 0% azúcares añadidos;Chocolate negro;Hacendado;3.25;16.25;525.0;8.7;9.7;26.0;0.1;0.0;d;4
68266.0;8437001300143;Natillas sabor vainilla con galleta Hacendado;Natillas;Hacendado;1.15;2.3;;;;;;;;
65213.0;8402001035036;Chicles XXL gragea Hacendado;Chicles;Hacendado;1.8;18.0;;;;;;;unknown;{}
18107.0;8480000181077;Filetes de melva en aceite de oliva Hacendado;Caballa y melva;Hacendado;1.85;15.42;178.0;24.7;;1.4;0.5;1.0;a;3
15768.0;8410603125215;Huevos de gallinas camperas;Huevos;;3.5;0.29;138.3;12.5;0.0;2.8;0.7;0.0;a;{}
34035.0;8411109006619;Coco rallado Hacendado;Decoración;Hacendado;1.3;10.4;;;;;;0.0;unknown;{}
22651.0;8480000226518;Yogur griego sabor limón Hacendado;Yogures griegos;Hacendado;1.65;2.2;108.0;3.3;;5.2;12.4;0.11;c;4
22649.0;8480000226495;Pizza masa fina Barbacoa Hacendado ultracongelada;Pizzas;Hacendado;2.5;6.41;254.0;8.9;;3.1;5.9;0.0;c;4
10117.0;8480000101174;Nata fresca para cocinar Hacendado;Nata;Hacendado;1.3;6.6;284.0;2.4;;19.3;1.9;0.05;d;1
25243.0;8412610036188;Patas de pollo;Pollo;;2.07;4.6;;;;;;;;
86998.0;8480000869982;Levadura de panadería Hacendado;Levadura y preparado repostería;Hacendado;1.6;22.86;;;;;;;not-applicable;4
62048.0;8480000620484;Preparado de paella y sopa Hacendado ultracongelado;Marisco;Hacendado;4.25;6.2;82.0;15.0;0.0;0.5;0.0;0.6;unknown;{}
17366.0;8402001024467;Salsa César Hacendado;Otras salsas;Hacendado;1.4;4.52;342.0;2.3;;4.2;7.0;0.01;unknown;{}
22568.0;8480000225689;Sticks de patata Hacendado;Snacks;Hacendado;0.8;10.67;529.0;2.1;2.2;3.8;0.3;1.9;d;3
21774.0;8402001051531;Smoothie mango y coco Hacendado;Smoothie;Hacendado;1.65;6.6;67.0;0.6;0.6;1.0;11.0;0.01;unknown;{}
21732.0;8402001042744;Refresco sin gas Tropical Hacendado;Otros refrescos sin gas;Hacendado;1.2;0.8;;;;;;;;
10504.0;8410297110733;Leche entera Asturiana;Leche entera;Asturiana;11.82;1.31;63.0;3.0999999046326;;2.4000000953674;4.5999999046326;0.10000000149012;c;{}
23051.0;8480000230515;Batido sabor fresa Hacendado;Batidos;Hacendado;1.3;1.3;53.0;2.2;0.0;0.4;10.0;0.14;d;4
20504.0;8480000205049;Yogur griego sabor fresa Hacendado;Yogures griegos;Hacendado;1.65;2.2;139.0;3.3;;5.5;13.4;0.11;c;4
15923.0;8480000159236;Café molido mezcla Hacendado;Café molido;Hacendado;2.5;10.0;321.0;17.0;49.0;4.2;2.7;0.0;unknown;1
63643.0;8480000636430;Pizza Americana Hacendado ultracongelada;Pizzas;Hacendado;3.5;6.48;236.0;12.0;;3.3;5.7;1.5;d;4
51050.0;8422241807286;Mozzarella fresca de vaca Hacendado;Queso fresco;Hacendado;0.9;3.6;;;;;;;;
64087.0;8480000640871;Mini helados hielo sorbetes Hacendado;Granizados y helados de hielo;Hacendado;1.8;6.67;87.0;0.49956;;0.3;17.0;;unknown;4
23410.0;8480000234100;Mostaza clásica Hacendado;Mostaza;Hacendado;1.35;3.48;75.0;3.8;;0.3;1.0;2.6;d;4
6250.0;8402001010897;Macarrón Hacendado;Macarrones, pajaritas y hélices;Hacendado;1.2;1.2;;;;;;;;
59077.0;8480000590770;Salchichón extra pimienta Hacendado finas lonchas;Salchichón;Hacendado;1.85;18.5;345.0;25.0;;9.1000003814697;4.9000000953674;3.9000000953674;e;4
8722.0;8480000087225;Crema de verduras Hacendado;Cremas y puré;Hacendado;1.7;4.86;30.0;0.742857142857143;1.02857142857143;0.228571428571429;1.34285714285714;0.674285714285714;c;3
17132.0;8480000171320;Tomate frito Hacendado;Tomate frito;Hacendado;1.35;1.13;81.0;1.5;0.0;0.3;6.9;0.9825;c;3
60009.0;8480000600097;Cocktail tostado y ahumado Hacendado;Cocktails;Hacendado;2.8;14.0;598.0;22.8;8.5;39.4;5.8;1.5;e;4
11556.0;8700216493451;Pañales bebé talla 6 de 13-18 kg Dodot;Pañal talla de 4 a XL;Dodot;18.95;0.39;;;;;;;;
4640.0;8480000046406;Aceite de oliva 1º Hacendado;Aceite de oliva;Hacendado;4.15;4.15;822.0;0.0;;12.8;0.0;0.0;b;2
23155.0;8480000231550;Gyozas de pollo y verduras Hacendado congeladas;Pasta;Hacendado;2.15;9.35;165.0;5.7;2.4;1.5;2.6;0.9;c;4
15922.0;8480000159229;Café molido mezcla Hacendado;Café molido;Hacendado;4.8;9.6;321.0;17.0;49.0;4.2;2.7;0.0;unknown;4
20908.0;8480000209085;Postre lácteo natural +Proteínas Hacendado 0% MG 12 g proteínas;Yogures desnatados;Hacendado;1.4;2.92;51.6666666666667;10.0;;0.1;3.1;0.1;a;1
39129.0;8480000391292;Zumo de piña y uva Hacendado;Piña;Hacendado;1.2;1.2;54.0;0.6;0.0;0.0;12.9;0.01;d;{}
9397.0;8480000093974;Preparado lácteo con cereales Hacendado +1 año;Leche;Hacendado;1.6;1.6;82.0;2.3;1.2;0.6;6.2;0.13;not-applicable;4
82651.0;8008910231271;Crackers sin gluten Hacendado con romero;Crakers y tartaletas;Hacendado;1.7;8.5;440.119760479042;2.5;;2.3;1.5;2.1;d;4
20559.0;8480000205599;Yogur griego natural Hacendado;Yogures griegos;Hacendado;1.45;1.93;103.2;3.9;0.0;6.7;3.9;0.12;c;3
19731.0;8402001001840;Sal fina Hacendado;Sal y bicarbonato;Hacendado;0.4;0.4;;;;;;;;
63628.0;8480000636287;Pizza 4 quesos familiar Hacendado;Pizzas refrigeradas;Hacendado;3.4;5.86;267.0;14.4;;6.8;2.2;1.3775;d;4
40361.0;8480000403612;Mortadela Hacendado;Mortadela;Hacendado;3.6;4.0;;;;;;;;
3269.0;2105400032694;Manzanas Golden;Manzana y pera;;3.0;2.0;;;;;;;;
79715.0;8480000797155;Biberón 150 ml tetina silicona flujo lento Deliplus +0 meses;Biberón;Deliplus;3.3;3.3;;;;;;;;
59018.0;8421384016210;Mini taquitos de jamón Incarlopsa;Jamón serrano;Incarlopsa;2.65;14.72;234.2;33.6666666666667;;3.44444444444444;0.555555555555556;3.6;e;3
50971.0;2105600509712;Queso viejo tostado mezcla Hacendado;Queso curado;Hacendado;5.59;14.15;;;;;;;;
6566.0;8005180060235;Tortellini tres quesos Pagani;Pasta rellena;Pagani;1.4;5.6;378.0;15.0;4.8;5.2;1.8;1.9675;d;4
11770.0;8480000117700;Café monodosis natural Hacendado;Monodosis;Hacendado;3.0;0.09;336.0;17.0;50.0;5.3;0.9;0.0;unknown;{}
18211.0;8480000182111;Sardinillas en escabeche Hacendado;Sardinas;Hacendado;1.95;10.83;270.0;16.0;;4.1;0.0;1.1;d;3
13241.0;8402001033261;Ensalada de pasta Listo para Comer;Ensalada preparada;Listo para Comer;4.0;4.0;;;;;;;;
13502.0;8480000135025;Galletas María dorada Hacendado 0% azúcares añadidos;Galletas desayuno;Hacendado;1.5;3.75;445.0;6.9;3.9;8.3;0.7;0.95;d;4
69581.0;8412276046064;Cogollos de lechuga;Lechuga;;1.05;0.35;60.0;1.2;0.84;0.0;0.3;0.0;a;{}
61282.0;8480000612823;Judía verde redonda Hacendado ultracongelada;Verdura;Hacendado;1.3;1.3;31.0;1.9;2.4;0.0;3.0;0.01;a;1
2137.0;8411396000734;Flautas de pollo y queso;Pollo;;2.2;7.86;274.0;15.2;;5.7;0.6;1.475;d;4
29373.0;8480000293732;Harina de garbanzo Hacendado;Harina;Hacendado;2.0;4.0;342.0;20.2;11.8;0.9;4.6;0.0;a;1
53444.0;8402001054389;Salmón ahumado Hacendado;Ahumados;Hacendado;3.7;37.0;;;;;;;;
80292.0;8480000802927;Preparado para repostería y panificación Hacendado;Harina;Hacendado;2.7;2.7;335.0;2.9;6.0;0.01;2.2;1.7;c;4
5184.0;8480000051844;Arroz integral largo Hacendado;Arroz;Hacendado;1.65;1.65;350.0;7.6;3.3;0.7;0.5;0.01;b;1
10350.0;8480000103505;Café en cápsula extra fuerte Hacendado;Cápsulas compatibles Nespresso;Hacendado;3.8;0.19;1.0;0.0;0.0;0.1;0.0;0.0;unknown;{}
26002.0;8429386915104;Alubia cocida granja Hacendado;Alubias;Hacendado;1.75;3.07;;;;;;;;
63407.0;8480000634078;Empanadillas de atún Hacendado ultracongeladas;Pescado rebozado;Hacendado;1.9;3.8;256.666666666667;5.6;;3.0;4.7;0.0015;c;4
21699.0;8402001042850;Bebida energética Energy Drink Hacendado;Energético;Hacendado;0.4;1.6;;;;;;;;
11468.0;8480000114686;Infusión Hinojo Hacendado;Infusiones;Hacendado;1.05;26.25;;;;;;;b;1
2856.0;2105100028560;Mollejas de pollo;Pollo;;2.03;5.35;;;;;;;;
10699.0;8480000104694;Leche entera sin lactosa Hacendado;Leche entera;Hacendado;1.03;1.03;62.0;3.0;;2.4;4.5;0.000325;c;1
16712.0;8480000167125;Maíz dulce Hacendado;Conservas verdura;Hacendado;1.55;3.44;75.0;2.6;;0.5;4.7;0.4925;b;3
13324.0;8402001028342;Pañales bebé talla 6 de +17 kg Deliplus;Pañal talla de 4 a XL;Deliplus;6.3;0.29;;;;;;;;
69930.0;5603571313255;Tomates cherry pera kumato;Tomate;;1.7;5.67;;;;;;;;
68265.0;8480000682659;Flan de huevo sin azúcares añadidos Hacendado;Flan;Hacendado;1.9;4.75;68.0;6.3;1.8;0.6;6.1;0.21;a;4
63161.0;8480000631619;Rabas empanadas Hacendado ultracongeladas;Pescado rebozado;Hacendado;4.15;8.3;175.0;9.7;;1.3;0.0;1.44;c;4
5928.0;8480000059284;Albaricoques;Otras frutas;;2.8;4.0;;;;;;;;
52749.0;8402001015403;Cebolla caramelizada Hacendado;Confitura y otros;Hacendado;1.7;8.95;127.0;0.8;;0.6;17.7;1.0825;d;{}
28198.0;8402001019807;Agua de coco 100% Hacendado;Agua sin gas;Hacendado;2.3;2.3;20.0;0.0;;0.0;4.0;0.05;b;1
86117.0;8414100362227;Tónica original Schweppes;Tónica y bitter;Schweppes;6.3;5.25;25.0;0.0;;0.0;5.8;0.0;unknown;{}
23293.0;8480000232939;Café en cápsula descafeinado Hacendado;Cápsulas compatibles Dolce gusto;Hacendado;3.35;0.21;350.0;15.0;47.0;6.7;0.6;0.02;unknown;{}
26110.0;8480000261106;Garbanzos a la jardinera Hacendado;Platos de cuchara;Hacendado;1.2;2.86;70.0;3.8;;0.4;0.5;0.8;b;3
52614.0;8402001012198;Chicles eucalipto gragea Hacendado;Chicles;Hacendado;1.0;22.22;157.0;0.5;;0.1;0.0;0.04;not-applicable;4
50929.0;8480000509291;Queso Arzúa-Ulloa de vaca Punteiro;Queso curado;Punteiro;6.98;8.95;;;;;;;;
11934.0;8402001029264;Pasta tiburón Mac & Cheese Hacendado con salsa de queso;Pasta;Hacendado;1.3;6.84;397.0;14.1;1.8;;;2.42;unknown;4
21331.0;8402001034596;Bífidus con pera probióticos Hacendado 0% MG 0% azúcares añadidos;Bífidus de sabores;Hacendado;1.3;2.6;;;;;;;;
6260.0;8480000062604;Macarrón fino Hacendado;Macarrones, pajaritas y hélices;Hacendado;0.8;1.6;361.0;13.0;3.5;0.3;3.6;0.01;a;1
86145.0;8402001045837;Patatas fritas onduladas sabor jamón serrano Hacendado;Patatas fritas;Hacendado;1.2;8.0;525.0;6.7;3.7;3.2;0.7;1.5725;unknown;4
3858.0;2105400038580;Aguacates;Fruta tropical;;3.43;4.7;;;;;;;;
35391.0;8006540618882;Pañales bebé talla 5 de 11-16 kg Dodot;Pañal talla de 4 a XL;Dodot;18.95;0.35;;;;;;;;
13065.0;8402001034442;Champú infantil Deliplus;Champú y jabón;Deliplus;1.95;4.88;;;;;;;;
12282.0;8402001030277;Lomo de pavo Hacendado lonchas;Lomo y otros;Hacendado;3.2;25.6;172.0;40.0;;2.8;0.7;3.835;e;{}
14269.0;8436565363380;Muslito de pollo 97% La Carloteña asado al horno lonchas;Pavo y otros;La Carloteña;2.25;15.0;122.0;17.0;;;;1.475;unknown;{}
86348.0;8402001022333;Café con leche en cápsula Hacendado;Cápsulas compatibles Dolce gusto;Hacendado;3.35;0.21;23.8709677419355;1.61290322580645;1.03225807989797;0.580645145908479;1.61290322580645;0.0762001506970987;b;{}
4590.0;2105100045901;Lomo de cerdo trozo;Cerdo;;4.8;4.95;;;;;;;;
35778.0;8402001010200;Spaghetti integral Hacendado;Spaghetti y tallarines;Hacendado;1.15;2.3;345.0;13.5;10.0;0.5;3.7;0.01;a;{}
53122.0;8412450580698;Sobrasada ibérica L'Illa especialidades;Sobrasada;L'Illa especialidades;2.5;10.0;596.0;7.6;;21.2;0.8;2.75;e;4
22245.0;8402001001550;Patatas fritas clásicas Hacendado;Patatas fritas;Hacendado;1.8;6.0;524.0;7.0;;28.0;0.5;0.76;e;3
87204.0;8402001049194;Filete de salmón;Salmón;;8.22;23.5;;;;;;;;
14158.0;8480000141583;Tortitas de maíz Hacendado;Tortitas;Hacendado;1.1;9.17;366.666666666667;7.66666666666667;1.0;0.333333333333333;1.0;0.7;c;3
81100.1;2105307811002;Sardina sin limpiar;Sardina;;1.19;5.95;;;;;;;;
23843.0;8480000238436;Pan Bagel Hacendado;Otros panes;Hacendado;1.42;4.73;289.037603569152;11.0;4.0;0.4;11.0;0.7175;c;4
60093.0;8480000600936;Pincho tortilla de patata con cebolla Listo para Comer;Platos calientes;Listo para Comer;2.1;9.72;;;;;;;;
18408.0;8480000184085;Filetes de anchoa en aceite de oliva Hacendado;Salazones;Hacendado;2.8;23.33;192.068965517241;25.0;;1.77;0.0;14.0;e;3
2632.0;8422930950071;Carpaccio de vacuno;Vacuno;;4.1;37.27;;;;;;;;
14930.0;8402001040122;Crema de calabacín Hacendado;Cremas y puré;Hacendado;1.0;2.0;42.0;0.8;0.7;0.4;1.9;0.61;unknown;{}
59159.0;8480000591593;Salchichón de pavo extra Hacendado lonchas;Pavo y otros;Hacendado;2.8;18.67;273.0;25.0;;6.3;5.0;4.0;e;4
11533.0;8402001027789;Vela de cumpleaños 4 Hacendado;Velas;Hacendado;1.25;1.25;;;;;;;;
67608.0;8480000676085;Alubia negra Hacendado;Alubias;Hacendado;2.5;2.5;292.0;21.4;18.9;0.3;2.3;0.03;a;1
11801.0;7613033174667;Café con leche en cápsula Dolce Gusto;Cápsulas compatibles Dolce gusto;Dolce Gusto;4.95;0.31;;;;;;;c;3
15844.0;8402001049439;Galletas rellenas de chocolate Hacendado 0% azúcares añadidos;Con chocolate y rellenas;Hacendado;1.4;5.6;404.0;5.1;3.8;6.8;3.3;0.6;unknown;{}
67950.0;8480000679505;Bebida de soja sabor vainilla Hacendado 0% azúcar;Bebidas vegetales;Hacendado;6.6;1.1;32.0;3.0;0.5;0.2;0.0;0.17;b;4
21731.0;8402001043024;Refresco lima limón Hacendado fresh gas;Lima limón;Hacendado;0.95;0.48;;;;;;;;
23138.0;8480000231383;Albóndigas en salsa Hacendado;Platos de cuchara;Hacendado;1.8;4.29;132.380952380952;8.80952380952381;;2.9047619047619;2.19047619047619;1.0952380952381;c;4
21719.0;8402001047831;Refresco de naranja Hacendado fresh gas;Naranja;Hacendado;2.22;1.12;;;;;;;;
82839.0;8480000828392;Tostadas de arroz y maíz Hacendado;Crakers y tartaletas;Hacendado;1.45;14.5;387.0;6.7;1.6;0.4;0.5;1.6;d;4
13326.0;8402001034725;Ensalada china Hacendado con mazorquitas;Conservas verdura;Hacendado;1.6;3.81;33.0;0.6;1.2;0.2;4.3;0.9825;c;{}
23596.0;8480000235961;Paté de pollo asado Hacendado;Paté;Hacendado;1.1;6.88;213.0;12.0;;1.7;1.7;2.1;d;4
69657.0;8402001051555;Mix de setas intenso;Setas y champiñones;;3.76;16.0;;;;;;;;
63238.0;8410063089126;Aritos de surimi a la romana Hacendado ultracongelados;Pescado rebozado;Hacendado;3.3;5.5;224.0;5.6;1.6;2.2;1.8;1.21;c;4
63606.0;8480000636065;Bases de pizza sin gluten sin lactosa Hacendado ultracongeladas;Base de pizza;Hacendado;3.8;9.5;291.0;1.3;;0.3;1.6;1.4;c;{}
22767.0;8480000227676;Arroz de secreto ibérico con setas Hacendado;Arroz;Hacendado;3.0;10.71;207.0;6.5;1.7;2.8;1.3;1.7;d;4
23365.0;8402001017803;Anacardo natural Hacendado;Frutos secos;Hacendado;2.7;13.5;586.0;19.0;3.4;8.6;5.3;;unknown;1
19733.0;8402001001864;Sal gruesa Hacendado;Sal y bicarbonato;Hacendado;0.4;0.4;;;;;;;unknown;{}
33633.0;8480000336330;Trigo snack sabor ahumado Hacendado;Snacks;Hacendado;0.85;10.63;503.0;9.1;2.1;3.4;2.3;3.2;e;4
21632.0;8402001046490;Paté de lomo de atún Hacendado;Paté;Hacendado;2.3;7.67;216.0;9.6;;2.0;0.7;0.98;c;4
82365.0;8480000823656;Regañá Hacendado;Picos;Hacendado;1.05;4.2;448.0;11.8;3.7;2.3;2.6;1.8;d;3
81422.0;8436025381923;Navajas;Marisco de concha;;4.5;9.0;;;;;;;;
11537.0;8402001027826;Vela de cumpleaños 8 Hacendado;Velas;Hacendado;1.25;1.25;;;;;;;;
28115.0;5449000137517;Refresco Coca-Cola Zero azúcar;Cola zero;Coca-Cola;5.6;2.8;;0.0;;;;0.0;unknown;4
35683.0;8402001009143;Gelatina 0% azúcar sabores fresa, mandarina y limón Hacendado;Gelatina;Hacendado;0.9;1.5;1.0;0.0;;0.0;0.0;0.14;a;{}
21709.0;8402001043130;Refresco té  zero sabor melocotón Hacendado;Té;Hacendado;1.0;0.67;;;;;;;;
22313.0;8480000223135;Yogur natural Hacendado;Yogures naturales;Hacendado;1.0;1.33;62.0;3.7;;2.2;4.1;0.1;b;3
4041.0;8402001021633;Aceite de girasol refinado 0,2º Hacendado;Otros aceites;Hacendado;8.3;1.66;;;;;;;;
23047.0;8480000230478;Bebida de arroz sin azúcares añadidos Hacendado;Bebidas vegetales;Hacendado;1.05;1.05;38.0;0.4;;0.3;4.6;0.14;c;3
51627.0;8480000516275;Queso azul de vaca Hacendado;Queso especialidades;Hacendado;2.3;12.78;341.0;20.0;;19.0;0.5;3.3;e;3
3024.0;2105400030249;Piña natural a rodajas;Fruta tropical;;3.8;6.55;;;;;;;;
13917.0;5411188138013;Postre de soja sabor lima limón Alpro;Postres de soja;Alpro;2.0;5.0;70.0;3.6;0.8;0.4;8.4;0.2;b;4
20292.0;8402001043857;Copos de avena integral con chocolate Hacendado;Cereales integrales y muesli;Hacendado;1.85;4.63;405.0;10.8;10.8;4.2;10.4;0.01;c;4
8966.0;8402001024528;Helado de vainilla Hacendado;Tarrinas;Hacendado;2.15;2.15;;;;;;;;
4957.0;8480000049575;Vinagre de manzana Hacendado;Vinagre y otros aderezos;Hacendado;0.9;0.9;17.0;0.0;0.0;0.0;0.0;0.03;not-applicable;2
6258.0;8480000062581;Pasta maravilla Hacendado;Fideos;Hacendado;0.8;1.6;361.0;13.0;3.5;0.3;3.6;0.01;a;1
3547.0;8422930950040;Burger de vacuno gruesas;Hamburguesas;;5.1;14.17;;;;;;;;
20020.0;8480000200204;Ciruelas desecadas sin hueso Hacendado;Fruta desecada;Hacendado;2.14;8.56;240.0;2.2;7.1;0.1;38.0;0.0;c;3
23850.0;8006040610072;Mini helado bombón vegetal pistacho Hacendado a base de anacardos;Bombones;Hacendado;3.3;10.31;364.0;3.2;3.5;16.0;29.0;0.12;e;4
52640.0;8402001014581;Bebida de avena Hacendado 0% azúcar;Bebidas vegetales;Hacendado;0.75;0.75;35.0;0.7;0.5;0.2;0.0;0.1;b;4
61200.0;8480000612007;Guisante muy tierno Hacendado ultracongelado;Verdura;Hacendado;1.05;3.5;83.0;6.0;5.0;0.1;2.8;0.01;a;1
52891.0;8402001016851;Gofres clásicos Hacendado;Bollería envasada;Hacendado;1.3;5.91;466.0;5.7;0.0;14.0;24.0;1.0825;unknown;{}
86395.0;8402001047039;Filetes lomo de cerdo corte fino;Cerdo;;3.91;7.1;;;;;;;;
34177.0;8480000341778;Canela molida Hacendado;Otras especias;Hacendado;1.0;19.23;;;;;;;not-applicable;1
6044.0;2105100060447;Butifarra fresca;Embutido;;3.46;5.4;;;;;;;;
87292.0;8402001025433;Langostino cocido;Marisco;;6.45;10.75;;;;;;;;
51192.0;8480000511928;Queso fresco light de vaca Hacendado;Queso fresco;Hacendado;2.2;8.8;117.0;13.0;;3.9;3.6;0.85;c;3
60586.0;8402001019869;Pastas de aceite Hacendado;Galletas desayuno;Hacendado;1.25;5.0;475.0;5.8;2.1;3.0;20.0;0.59;d;3
69519.0;2105400695196;Champiñones laminados limpios;Setas y champiñones;;2.11;6.6;;;;;;;;
83886.0;8480000838865;Pan de molde 100% integral familiar Hacendado;Pan de molde;Hacendado;1.15;1.4;246.875;8.7;7.5;0.7;2.5;1.2;a;4
20037.0;8410500006143;Yogur sabor macedonia Danone;Yogures de sabores;Danone;1.0;2.08;77.0;3.0;;1.1;11.9;0.11;c;4
6371.0;8402001021398;Pasta trottole vegetales Hacendado;Macarrones, pajaritas y hélices;Hacendado;1.05;2.1;362.0;13.0;4.0;0.300000011920929;3.0;;unknown;{}
16317.0;8480000163172;Mantecadas Hacendado;Bollería envasada;Hacendado;2.3;4.42;460.0;5.0;;3.1;27.2;0.65;e;4
60236.0;8480000602367;Cereales con salvado de trigo Fibra Sticks Hacendado;Cereales integrales y muesli;Hacendado;1.8;3.6;342.0;16.0;33.0;0.6;10.0;0.88;c;3
19855.0;8402001042225;Empanadilla de pollo 7% y queso de cabra 4%;Bollería salada;;1.6;16.0;;;;;;;;
14221.0;8410109114157;Surtido bombones Senzza de chocolate negro 70%;Bombones;Senzza;2.9;16.11;560.0;7.0;;25.0;37.0;0.09;e;4
22981.0;5411188131380;Postre de coco natural Alpro sin azúcares añadidos;Postres de soja;Alpro;2.3;6.57;77.0;0.6;0.0;5.6;0.6;0.03;c;4
35773.0;8402001010064;Migas de coliflor Hacendado ultracongeladas;Verdura;Hacendado;1.55;3.44;20.4444444444444;1.3;;0.0;1.6;0.39;b;1
24340.0;2105100243406;Cola de rape del Cabo sin piel Hacendado ultracongelada;Pescado;Hacendado;9.25;18.5;;;;;;;;
21596.2;8402001047701;Barra pan integral de espelta 100% rebanado;Pan rebanado;;1.25;5.0;;;;;;;;
34163.0;8480000341631;Cúrcuma molida Hacendado;Otras especias;Hacendado;1.3;21.67;;;;;;;not-applicable;1
82933.0;8402001018831;Pan de leche Hacendado;Bollería envasada;Hacendado;1.85;3.85;332.5;8.5;2.25;4.5;17.0;;unknown;4
13635.0;8480000136350;Café en cápsula forte Hacendado;Cápsulas compatibles Dolce gusto;Hacendado;3.35;0.21;328.0;17.0;57.0;6.4;1.4;0.04;unknown;1
14707.0;8402001039232;Bebida de soja con calcio y vitaminas sin azúcares añadidos Hacendado;Bebidas vegetales;Hacendado;0.65;0.65;36.0;3.4;0.5;0.3;0.6;0.18;b;4
21772.0;8402001051630;Smoothie fresa y plátano Hacendado;Smoothie;Hacendado;1.65;6.6;;;;;;;unknown;{}
62228.0;8402001044137;Filetes de merluza del Cabo sin piel Hacendado ultracongelados;Pescado;Hacendado;5.5;9.17;98.0;15.2;;0.8;;0.245;unknown;{}
10922.0;8480000109224;Leche semidesnatada fresca Hacendado;Leche semidesnatada;Hacendado;1.09;1.09;44.0;3.1;;1.0;4.5;0.13;b;1
14576.0;8410376046229;Barquillos rellenos sabor nata Hacendado;Con chocolate y rellenas;Hacendado;1.0;4.76;498.0;3.4;;12.0;42.0;0.3;e;4
58110.0;8411769184603;Jamón serrano;Jamón serrano;;56.0;9.33;;;;;;;;
84940.0;2105900849402;Napolitana mixta;Bollería salada;;0.9;6.92;;;;;;;;
6459.0;8425514009073;Panes chapata de cristal;Pan de bocadillo;;1.3;4.58;;;;;;;;
19802.0;8480000198020;Edulcorante en pastillas sacarina Hacendado;Edulcorante y otros;Hacendado;1.15;22.12;29.0;0.9;8.3;0.0;0.0;12.84;not-applicable;4
11307.0;8480000113078;Refresco té soluble limón Hacendado;Té;Hacendado;1.5;41.67;2.2;0.0;0.0;0.0;0.0;0.01;c;4
35516.0;8428076006658;Agua de colonia bebé Nenuco;Colonia;Nenuco;2.85;5.7;;;;;;;;
20919.0;8402001044366;Cacao soluble instantáneo Hacendado;Cacao soluble;Hacendado;3.75;4.69;;;;;;;;
21311.0;8402001022449;Bífidus con mango probióticos Hacendado;Bífidus de sabores;Hacendado;1.3;2.6;86.0;3.5;;1.8;11.8;0.1375;c;4
9487.0;8480000094872;Cereales copos de trigo integral y arroz Hacendado bañados en chocolate con leche;Cereales integrales y muesli;Hacendado;2.65;7.07;399.0;8.3;5.1;3.4;18.3;0.98;d;4
59124.0;8421384009724;Jamón serrano lonchas Incarlopsa;Jamón serrano;Incarlopsa;3.95;16.46;247.8;33.5;;4.6;0.5;3.54;e;3
6261.0;8480000062611;Fideo grueso Hacendado;Fideos;Hacendado;0.8;1.6;361.0;13.0;3.5;0.3;3.6;0.04;a;1
86786.0;8480000867865;Pechuga de pavo reducido en sal Hacendado finas lonchas;Pavo y otros;Hacendado;3.95;9.88;76.0;16.5;0.0;0.3;1.3;1.3575;a;4
86559.0;8423102210351;Palitos de pan 100% trigo espelta integral Anitin;Rosquilletas;Anitin;1.32;8.8;522.0;13.5;7.7;3.3;1.2;1.8;c;3
24234.0;8436048071764;Rodaja de potón del Pacífico cocido Hacendado congelado;Pescado;Hacendado;6.5;13.68;;;;;;;;
21227.0;2105100212273;Filetes pechuga de pollo marinadas empanadas sin gluten;Pollo;;4.09;8.7;;;;;;;;
21710.0;8402001043147;Refresco té verde zero Hacendado sabor maracuyá y mango;Té;Hacendado;1.0;0.67;;;;;;;unknown;{}
82753.0;8480000827531;Baguette sin gluten;Barra de pan;;1.95;11.14;255.0;2.2;;1.0;2.3;1.71;c;4
16438.0;5449000144881;Bebida isotónica melocotón rojo Aquarius;Isotónico;Aquarius;2.1;1.4;20.0;0.0;;;4.8;0.059;c;4
68130.0;8412276215217;Lechuga Iceberg;Lechuga;;0.9;0.9;;;;;;;;
60323.0;8480000603234;Snack de maíz Redes sabor barbacoa Hacendado;Snacks;Hacendado;0.85;8.5;515.0;4.4;6.3;2.8;8.4;1.84;d;4
12764.0;8402001030895;Aceitunas verdes rellenas de anchoa Hacendado;Aceitunas verdes;Hacendado;3.35;4.04;135.0;1.2;;2.6;0.0;3.6;e;{}
30006.0;2330006000000;Pechugas de pollo enteras congeladas;Carne congelada;;7.32;6.1;;;;;;;;
35474.0;8402001019722;Pañal bañador desechable talla S Deliplus de 7-13 kg;Braguita y otros;Deliplus;5.9;0.49;;;;;;;;
60640.0;8402001019548;Sazonador pasta Hacendado;Sazonadores;Hacendado;1.6;35.56;265.0;9.4;19.1;0.8;12.4;24.9;e;{}
35541.0;8402001008757;Arroz negro Hacendado ultracongelado;Arroz;Hacendado;3.1;5.17;114.0;4.3;0.5;0.3;0.7;1.03;c;4
56647.0;8480000566478;Pizza atún y bacón Hacendado;Pizzas refrigeradas;Hacendado;2.9;6.59;263.0;14.0;;4.9;1.6;1.4;d;4
21256.0;8480000212566;Postre lácteo natural +Proteínas Hacendado 0% MG 10 g proteínas;Yogures desnatados;Hacendado;1.4;2.8;52.0;10.0;0.0;0.1;3.1;0.0;a;1
86656.0;8402001027550;Ajo granulado Hacendado;Otras especias;Hacendado;1.2;10.43;;;;;;;unknown;{}
35343.0;8402001007033;Salsa de tomate Zero sin azúcares añadidos Hacendado;Ketchup;Hacendado;1.6;2.67;83.0;1.7;;0.0;5.6;1.7;c;4
64221.0;8410663200235;Helado cucurucho sabor fresa nata Hacendado;Cucuruchos;Hacendado;2.2;3.06;;;;;;;;
81649.4;2105300816493;Salmón media pieza a rodajas;Salmón;;19.93;10.95;;;;;;;;
11960.0;8402001032707;Almendra tostada y salada Hacendado con piel;Frutos secos;Hacendado;2.4;12.0;626.0;22.4;12.0;5.3;4.3;1.0825;unknown;{}
10383.0;8402001002113;Leche desnatada Hacendado;Leche desnatada;Hacendado;4.92;0.82;;;;;;;;
19985.0;8402001043819;Bebida láctea sabor stracciatella +Proteínas Hacendado 0% azúcares añadidos 20 g proteínas;Yogures líquidos;Hacendado;1.15;4.11;52.1428571428571;7.14285714285714;;0.464285714285714;3.85714285714286;0.119642857142857;a;4
80939.0;8480000809391;Mini tortillas de trigo Hacendado;Pan de hamburguesa y wrap;Hacendado;1.65;5.5;303.0;8.0;4.4;1.8;1.8;1.6;c;4
18620.0;8402001009662;Mejillones al natural Hacendado pequeños;Mejillones;Hacendado;2.0;18.02;119.0;18.0;0.0;1.1;0.4;1.3;a;3
34702.0;8402001029042;Sazonador para paella con azafrán Hacendado;Sazonadores;Hacendado;1.55;77.5;240.0;11.0;13.6;0.7;20.9;29.0;not-applicable;{}
10781.0;8411700010121;Bebida láctea con cereales crecimiento y desarrollo Puleva Max;Leche Infantil;Puleva;1.89;1.89;77.0;3.0;0.1;0.9;6.5;0.18;c;{}
51619.0;4020300185524;Queso rulo con piña y almendra Liptana;Queso especialidades;Liptana;1.45;14.5;363.0;9.2;;18.0;16.0;0.1175;d;4
16416.0;8402001000799;Guisantes extra Hacendado;Conservas verdura;Hacendado;0.95;2.44;69.0;4.3;5.6;0.5;3.3;0.75;a;{}
10685.0;8480000105707;Leche semidesnatada calcio Hacendado;Leche semidesnatada;Hacendado;1.05;1.05;51.0;3.9;;1.0;5.2;0.13;b;{}
12086.0;8402001030246;Salchichón extra Hacendado lonchas;Salchichón;Hacendado;2.45;12.25;339.0;25.0;;;;3.4425;unknown;{}
51079.0;7622210103505;Queso untar light Philadelphia;Queso untable;Philadelphia;2.9;10.74;153.333333333333;5.9;0.3;8.1;4.0;1.1;d;4
52494.0;8402001013829;Barritas de galleta y arándanos Hacendado;Barritas de cereales;Hacendado;1.55;12.4;404.0;5.0;3.0;2.5;34.0;0.81;e;{}
15220.0;8410037002212;Piña en su jugo Hacendado rodajas;Conservas fruta;Hacendado;2.1;2.55;55.0;0.4;;0.0;11.0;0.0;a;{}
10806.0;8480000108067;Leche semidesnatada de cabra Hacendado;Leche semidesnatada;Hacendado;11.82;1.97;46.0;3.4;;1.0;4.5;0.1;b;1
52884.0;8410320349642;Salchichas cocidas con leche Campofrío de pollo, cerdo y pavo;Salchichas;Campofrío;1.25;7.35;199.0;5.0;;5.0;1.0;2.0;d;4
4915.0;2105100049152;Presa de cerdo ibérico;Cerdo;;8.91;27.0;;;;;;;;
11433.0;8480000114334;Té Chai Hacendado;Té;Hacendado;1.15;28.75;;;;;;;b;4
14212.0;8480000142122;Galletas Cookies Hacendado;Con chocolate y rellenas;Hacendado;1.35;6.0;496.0;5.33333333333333;4.26666666666667;13.8666666666667;33.0666666666667;0.533333333333333;e;4
86750.0;8480000867506;Pan de molde cereales sin gluten Hacendado;Pan de molde;Hacendado;2.74;5.83;244.0;4.1;11.1;0.0;3.0;1.3;c;4
67635.0;8480000676351;Flan de huevo +Proteínas Hacendado 0% MG 0% azúcares añadidos 10 g proteínas;Flan;Hacendado;2.0;5.0;62.0;10.0;;0.2;4.0;0.28;a;4
52633.0;8402001014352;Bebida de avena con chocolate sin azucares añadidos Hacendado;Bebidas vegetales;Hacendado;7.5;1.25;44.0;1.2;1.0;0.3;2.4;0.15;d;4
13441.0;8480000134417;Mermelada de fresa monodosis Hacendado;Mermelada;Hacendado;1.5;6.0;197.0;0.4;1.5;0.0;46.5;0.0;d;4
15137.0;8480000151377;Porras Hacendado congeladas;Churros;Hacendado;2.0;8.33;419.0;5.7;;3.3;1.3;1.1;d;3
8687.0;8480000086877;Tarta San Marcos Hacendado congelada;Tartas;Hacendado;9.25;12.17;332.0;4.2;1.0;5.5;24.0;0.4725;unknown;{}
4900.0;2105100049008;Chuletas aguja de cerdo;Cerdo;;3.86;5.15;189.0;18.0;0.0;5.0;0.0;0.2;unknown;{}
11777.0;8480000117779;Café monodosis descafeinado natural Hacendado;Monodosis;Hacendado;3.3;0.1;6.0;15.0;;5.8;0.9;0.0;d;{}
22332.0;8437010848230;Pechuguita de pollo 99% La Carloteña asada al horno lonchas;Pavo y otros;La Carloteña;2.5;20.0;125.0;26.8;;0.6;0.4;0.004;a;4
51630.0;8480000516305;Queso curado cheddar Hacendado;Queso curado;Hacendado;2.85;9.5;410.0;25.0;;21.7;0.5;1.8;d;3
12809.0;8402001030697;Bizcocho de cacao;Bollería dulce;;3.2;7.8;436.0;9.5;0.7;4.8;29.0;1.14;e;4
17347.0;4006824996686;Salsa Burger Hacendado;Salsas para carnes;Hacendado;1.4;5.6;340.0;1.5;;2.3;9.8;1.8;d;4
13496.0;8480000134967;Croquetas de cocido Hacendado ultracongeladas;Empanados y rebozados congelados;Hacendado;1.95;5.57;198.0;12.0;;2.2;4.9;1.1;c;3
86328.0;8402001019623;Tortillas de maíz Hacendado;Pan de hamburguesa y wrap;Hacendado;1.85;8.89;203.846153846154;3.5;7.6;0.4;9.5;2.1625;c;4
8280.0;2308280001808;Manzanas rojas dulces;Manzana y pera;;3.6;2.4;;;;;;;;
13422.0;8402001000775;Aceitunas verdes estilo casero Hacendado partidas aliñadas;Aceitunas verdes;Hacendado;2.85;2.91;184.0;1.2;;3.2;0.0;3.5;e;{}
13713.0;8437002390037;Roti de pollo relleno de jamón y queso Hacendado;Carne;Hacendado;3.0;8.0;144.0;12.0;;3.1;0.7;2.1;d;4
35649.0;8402001008832;Azúcar glas Hacendado;Azúcar;Hacendado;2.6;5.2;395.0;0.0;0.0;0.0;93.0;0.0;e;2
14431.0;8402001037733;6 Panes de leche 3%;Pan de bocadillo;;1.51;3.15;212.0;6.7;2.8;1.1;4.8;0.96;unknown;4
65077.0;8411500115422;Golosinas Moras Hacendado;Golosinas;Hacendado;1.1;5.5;352.0;4.0;;0.0;71.0;0.133;unknown;{}
63340.0;8480000633408;Pizza masa fina 4 quesos Hacendado ultracongelada;Pizzas;Hacendado;2.5;6.41;260.0;11.2;;5.0;5.7;1.6;d;4
7021.0;8480000070210;Caldo de marisco o fideuá para paella Hacendado con sofrito;Caldo líquido;Hacendado;1.9;1.9;17.0;1.0;0.5;0.2;0.5;0.93;c;3
6063.0;8480000060631;Tarta Cookies & Cream Hacendado congelada;Tartas;Hacendado;11.0;13.25;326.0;3.5;16.0;11.0;28.0;0.00095;d;4
10126.0;8410128276003;Fruta + leche tropical Bifrutas;Fruta + leche;Bifrutas;2.52;2.1;21.0;0.3;0.5;0.0;4.8;0.0;d;4
82908.0;8410637112014;Tortas de aceite Inés Rosales;Bollería envasada;Inés Rosales;2.15;11.94;493.0;6.0;3.6;3.3;17.0;0.32;d;4
23990.0;8402001053344;Foie gras de pato fresco;Pavo y otras aves;;6.8;85.0;;;;;;;;
15592.0;8402001015083;Caldo de verduras Hacendado en pastillas;Caldo en pastillas;Hacendado;0.85;7.08;190.0;13.7;1.7;0.6;2.6;52.9;unknown;4
21759.0;8402001049873;Barritas de cereales plátano y cacao Hacendado;Barritas de cereales;Hacendado;1.65;13.75;353.0;7.7;20.0;0.7;13.0;0.28;a;4
60346.0;8437013920018;Leche condensada desnatada Hacendado;Leche condensada y otros;Hacendado;2.35;5.22;274.0;8.5;;0.30000001192093;59.0;0.40000000596046;e;{}
25353.0;2105100253535;Solomillo de pavo marinado congelado;Carne congelada;;3.12;7.8;;;;;;;;
60683.0;8402001019241;Helado peanut butter cups Hacendado mantequilla de cacahuete con trocitos de tartaletas;Tarrinas;Hacendado;3.35;6.7;289.0;6.0;1.4;10.0;23.0;0.65;e;4
10055.0;8402001000843;Batido de chocolate 90% leche Hacendado;Batidos;Hacendado;1.75;1.46;61.0;1.0;;0.5;10.0;0.14;e;4
80418.0;8480000804181;Filetes de anchoa en aceite de oliva Hacendado;Salazones;Hacendado;3.65;49.32;192.0;25.0;;1.8;0.0;12.0;e;{}
81649.3;2105300816493;Salmón sin aletas y sin escamas;Salmón;;40.84;10.95;;;;;;;;
3456.0;2105100034561;Pinchos de pollo sin varilla adobados;Pollo;;4.3;8.6;;;;;;;;
13045.0;8402001034657;Sémola de trigo Hacendado;Harina;Hacendado;1.3;1.3;348.0;12.0;4.0;0.3;2.5;0.03;unknown;{}
12888.0;8402001034480;Preparado en polvo gelatina fresa Hacendado;Levadura y preparado repostería;Hacendado;1.75;9.83;58.0;1.5;0.0;0.0;13.0;0.0;unknown;4
51182.0;8480000511829;Queso lonchas fundido suave mezcla Hacendado;Queso lonchas;Hacendado;2.35;4.23;231.0;10.5;;11.1;5.8;0.725;d;4
61362.0;8435434311705;Pasta con pollo al pesto Hacendado ultracongelada;Pasta;Hacendado;2.4;8.0;188.0;9.1;;2.2;2.8;0.88;c;{}
60345.0;8480000603456;Leche condensada Hacendado;Leche condensada y otros;Hacendado;2.35;5.22;322.0;7.4;0.0;5.0;55.0;0.325;e;{}
24242.0;8436048071801;Calamar troceado limpio Hacendado congelado;Pescado;Hacendado;5.9;12.42;241.0;12.0;;0.1;0.0;0.85;a;{}
21730.0;8402001043017;Refresco de naranja Hacendado zero fresh gas;Naranja;Hacendado;0.9;0.45;;;;;;;;
15691.1;8437016823064;Hogaza de centeno 50%;Barra de pan;;1.7;3.4;;;;;;;;
11319.0;8480000113191;Refresco té soluble melocotón Hacendado;Té;Hacendado;1.5;41.67;;;;;;;c;4
68350.0;8480000683502;Mousse de chocolate Hacendado;Otros postres;Hacendado;1.2;4.8;178.0;4.8;1.4;4.2;23.0;0.11;d;4
69114.0;5605235066521;Lechuga hoja roble;Lechuga;;1.7;1.7;;;;;;;;
11550.0;8402001028649;Mayonesa Hacendado;Mayonesa;Hacendado;1.4;2.86;599.0;0.6;;9.5;1.33;1.0825;e;4
47489.0;8480000474896;Esponja anatómica para bebés Deliplus;Accesorios;Deliplus;1.0;1.0;;;;;;;;
17163.0;8480000171634;Tomate frito receta artesana Hacendado;Tomate frito;Hacendado;2.0;3.57;201.0;1.6;0.0;2.1;12.5;2.25;d;3
60651.0;8402001019760;Infusión fría Hacendado con sabor a piña y coco;Infusiones;Hacendado;1.45;36.25;4.0;0.0;0.0;0.0;0.0;0.0;unknown;4
10846.0;8402001000935;Bebida láctea desnatada omega 3 Hacendado;Leche desnatada;Hacendado;1.17;1.17;;;;;;;;
69737.0;8436006183454;3 Vegetales para microondas lavados;Verduras al vapor;;1.85;6.17;43.0;2.1;2.4;0.07;2.4;0.25;unknown;{}
18086.0;8480000180865;Atún en aceite de girasol Hacendado;Atún;Hacendado;6.5;7.22;262.0;20.0;;5.4;0.5;0.87;d;3
19867.0;8007640964060;Barrita con proteínas sabor chocolate con leche Enervit Sport;Barritas de cereales;Enervit Sport;4.9;27.22;385.0;33.3333333333333;;9.0;1.83333333333333;0.195833333333333;not-applicable;4
10382.0;8402001002106;Leche semidesnatada Hacendado;Leche semidesnatada;Hacendado;0.84;0.84;49.0;3.2;;;4.7;0.0975;unknown;{}
32524.0;8402001020599;Aroma de vainilla Hacendado;Levadura y preparado repostería;Hacendado;2.0;13.33;;;;;;;not-applicable;4
69706.0;8402001036330;Ensalada mezcla 4 estaciones lavada;Lechuga;;0.85;3.4;;;;;;;;
7331.0;8714100816622;Doble caldo sabor clásico carne Knorr en pastillas;Caldo en pastillas;Knorr;1.75;10.94;;;;;;;c;4
80942.0;8480000809421;Tortillas de trigo integrales Hacendado;Pan de hamburguesa y wrap;Hacendado;1.55;4.31;269.444444444444;9.3;8.5;1.9;2.1;1.5;c;4
4868.0;8480000048684;Picadillo de variantes Hacendado;Pepinillos y otros encurtidos;Hacendado;2.1;5.0;17.0;1.8;;0.1;0.8;1.4;unknown;{}
55108.0;8480000551085;Fuet espetec Hacendado;Salchichón;Hacendado;2.5;2.5;421.0;27.5;0.0;13.3;1.4;3.7;e;4
51110.0;8480000511102;Queso rallado mozzarella pizza-Roma de vaca Hacendado;Queso rallado;Hacendado;1.6;8.0;283.0;21.0;;13.0;0.8;1.0;c;3
35767.0;8402001010101;Lasaña boloñesa familiar Hacendado ultracongelada;Pasta;Hacendado;5.4;4.91;152.0;8.1;;2.7;3.0;0.73;c;4
9445.0;8007640982163;Barritas con proteínas sabor coco y chocolate Enervit Sport;Barritas de cereales;Enervit Sport;3.6;30.0;402.5;26.0;;5.0;34.0;1.0825;not-applicable;4
11646.0;8402001028830;Sopa de pollo Hacendado con fideos finos;Sopa;Hacendado;0.55;7.64;24.0;1.1;0.2;0.0;0.2;0.82;unknown;4
39404.0;8480000394040;Zumo de manzana Hacendado;Otros sabores;Hacendado;1.3;1.08;44.0;0.1;0.0;0.0;10.5;0.0;d;1
34262.0;8480000342621;Pistacho natural Hacendado pelado;Frutos secos;Hacendado;2.95;29.5;607.0;25.0;7.4;5.6;7.5;0.0;a;1
7026.0;8410300349006;Caldo de cocido casero Gallina Blanca;Caldo líquido;Gallina Blanca;2.3;2.3;4.0;0.3;0.0;0.1;0.0;0.9;c;4
12531.0;8480000125316;Chocolate negro fundir Hacendado;Chocolate negro;Hacendado;2.25;11.25;530.0;6.0;9.0;18.52;45.0;0.06;e;4
22612.0;8480000226129;Taquitos de salmón ahumado Hacendado;Ahumados;Hacendado;3.8;38.0;171.0;22.0;;1.4;0.5;2.5575;d;4
21879.0;8402001052163;Pepito de crema;Bollería dulce;;2.3;10.95;;;;;;;;
9547.0;8480000095473;Cereales rellenos de crema de cacao y avellana Hacendado sin gluten;Cereales;Hacendado;2.25;5.63;461.0;6.0;2.0;2.8;24.4;0.49;d;4
21552.0;8402001046957;Cayena guindillas Hacendado;Otras especias;Hacendado;1.35;58.7;;;;;;;;
52405.0;8480000524058;Queso en porciones Hacendado;Queso en porciones;Hacendado;1.95;5.2;192.0;11.8;;9.9;3.9;1.78;d;4
53445.0;8480000534453;Salmón ahumado Hacendado;Ahumados;Hacendado;10.8;36.0;;;;;;;;
50654.0;8480000506542;Queso lonchas gouda de vaca Hacendado;Queso lonchas;Hacendado;2.05;6.83;;;;;;;;
10884.0;8411700011111;Bebida láctea Omega 3 Puleva con leche desnatada;Leche desnatada;Puleva;1.89;1.89;50.0;2.9;;0.5;4.4;0.15;b;4
23561.0;8480000235626;Queso emmental de vaca Hacendado;Queso tierno;Hacendado;3.0;8.57;370.0;27.0;0.1;21.0;0.5;0.83;d;3
39224.0;8480000392244;Bebida 5 frutas Hacendado sin azúcares añadidos;Fruta variada y otros sabores;Hacendado;1.75;1.46;32.0;0.4;0.5;0.0;6.4;0.0;d;4
23925.0;8480000239259;Bebida de almendras 0% azúcar Hacendado;Bebidas vegetales;Hacendado;6.9;1.15;16.0;0.5;;0.3;0.1;0.1;b;4
21704.0;8402001042843;Tónica Hacendado;Tónica y bitter;Hacendado;0.37;1.12;;;;;;;;
52488.0;8402001012150;Gelatina sabor a frutos silvestres +Proteínas Hacendado 10 g proteínas 0% azúcar;Gelatina;Hacendado;1.55;3.88;40.0;10.0;;;;0.0975;a;4
22002.0;8402001034848;Bebida láctea de fresa Cuidacol 0% azúcares añadidos;Colesterol y otros;Cuidacol;2.5;3.13;37.0;2.9;;0.1;3.5;0.1;b;{}
21537.0;8402001046964;Salteado rústico Hacendado ultracongelado;Verdura;Hacendado;2.0;4.44;76.0;2.2;3.2;0.0;6.5;0.0875;unknown;{}
11601.0;8402001028205;Preparado en polvo instantáneo para crepes Hacendado;Levadura y preparado repostería;Hacendado;2.0;11.76;358.0;2.5;1.8;0.3;12.8;1.2775;unknown;{}
26496.0;8480000264961;Vinagre balsámico de Módena Hacendado;Vinagre y otros aderezos;Hacendado;2.25;4.5;123.0;1.0;;0.0;25.0;0.06;unknown;4
69753.0;8425779044437;Rúcula lavada;Lechuga;;0.85;17.0;26.0;4.3000001907349;;0.10000000149012;0.5;0.46000000834465;a;{}
14786.0;8402001039263;Tortitas de maíz campestre Hacendado;Tortitas;Hacendado;1.75;12.5;414.285714285714;6.7;3.9;0.8;1.9;1.6;d;4
15909.0;8719200202320;Margarina Flora Proactiv;Margarina;Flora;3.19;14.18;358.0;0.5;;10.0;0.5;0.3;c;4
61288.0;8480000612885;Ajo tierno Hacendado ultracongelado;Verdura;Hacendado;2.05;6.83;37.0;1.9;3.8;0.1;3.4;0.05;a;1
63592.0;8402001017179;Pizza 4 quesos Hacendado;Pizzas refrigeradas;Hacendado;2.9;6.9;276.0;13.8;;5.2;3.0;1.18;d;{}
86392.0;8402001024931;Fruta + leche mediterráneo Hacendado sin azúcares añadidos;Fruta + leche;Hacendado;1.2;1.0;15.0;0.4;0.3;;3.2;;unknown;4
39922.0;8480000399229;Zumo de manzana selección Hacendado;Otros sabores;Hacendado;1.7;1.7;53.0;0.3;0.8;0.1;11.4;0.0;e;1
7031.0;8480000070319;Caldo de pollo Hacendado bajo en sal;Caldo líquido;Hacendado;1.2;1.2;7.0;0.5;0.5;0.1;0.5;0.3;b;4
82332.0;8480000823328;Pan hot dog Hacendado;Pan de hamburguesa y wrap;Hacendado;0.9;2.73;270.0;9.0;2.5;0.6;5.5;0.0025;b;4
16737.0;8480000167378;Macedonia de verduras Hacendado;Conservas verdura;Hacendado;0.9;1.68;46.0;2.0;;0.0;0.9;0.7;b;3
16240.0;8402001047954;Barritas de barquillo Cookies cobertura de cacao con pepitas y rellenas de galleta;Chocolatinas;;1.7;18.89;100.0;0.9;;;;0.4325;unknown;{}
20032.0;8402001048401;Yogur sabor coco Hacendado;Yogures de sabores;Hacendado;0.75;1.5;76.0;3.5;;1.5;10.5;0.13;c;{}
60633.0;8402001020278;Filetes de vacuno marinado extra tiernos;Vacuno;;8.85;17.7;;;;;;;;
27548.0;8480000275486;Elaborado de merluza y langostino;Otros;;3.3;16.5;;;;;;;unknown;{}
22388.0;8480000223883;6 Panecillos integrales 100%;Pan de bocadillo;;1.05;3.89;235.0;9.2;7.2;0.4;3.0;1.2;a;4
13816.0;5449000133724;Refresco Coca-Cola Zero azúcar;Cola zero;Coca-Cola;1.39;1.11;0.3;0.0;0.0;0.0;0.0;0.01;c;4
9641.0;8480000096418;Tarta de queso Hacendado congelada;Tartas;Hacendado;10.0;11.36;295.0;4.7;1.0;14.4;19.4;0.52;e;{}
16625.0;8480000166258;Champiñón entero Hacendado;Conservas verdura;Hacendado;1.45;4.08;21.0;2.8;;0.0;0.3;1.0;a;3
59078.0;8480000590787;Sticks longaniza extra Hacendado;Salchichón;Hacendado;1.1;22.0;505.0;32.0;;16.0;0.7;3.7;e;4
54210.0;8480000542106;Chorizo picante extra Hacendado;Chorizo;Hacendado;2.49;8.89;443.0;25.0;;14.2;0.2;3.1;e;3
23010.0;8402001050473;Pasas sultanas sin semillas Hacendado;Fruta desecada;Hacendado;1.8;7.2;;;;;;;;
31310.0;8410603065214;Huevos de gallinas camperas;Huevos;;2.1;0.35;138.3;12.5;;2.8;0.7;0.36;a;{}
14641.0;8480000146410;Galletas Choco leche con chocolatina Hacendado;Con chocolate y rellenas;Hacendado;1.35;9.0;491.0;5.8;;14.0;38.0;0.48;e;{}
17537.0;8436021419828;Panceta de cerdo adobada;Cerdo;;3.86;6.9;;;;;;;;
79603.0;8402001026010;Toallitas bebé frescas & perfumadas Deliplus;Toallitas;Deliplus;3.0;0.01;;;;;;;;
19876.0;8410494304195;Bitter Kas sin alcohol;Tónica y bitter;Kas;7.84;2.97;;;;;;;;
11617.0;8402001028748;Wok de verduras Hacendado ultracongelado;Verdura;Hacendado;1.9;4.22;59.0;2.5;2.6;0.3;3.9;0.305;a;4
4912.0;8425514007116;Empanadilla de pollo 10% y bechamel;Bollería salada;;1.3;13.27;;;;;;;;
3028.0;2105445030280;Manzana Golden;Manzana y pera;;0.46;2.2;;;;;;;;
10054.0;8402001000836;Batido sabor fresa Hacendado;Batidos;Hacendado;1.55;1.29;51.0;1.9;;0.3;9.6;0.13;d;4
82665.0;8480000826657;Pan tostado pasas Hacendado;Pan tostado;Hacendado;1.15;9.58;417.0;9.8;3.3;1.0;16.0;1.4;d;4
31312.0;8411384100941;Claras de huevo líquidas pasteurizadas;Huevos;;2.85;2.85;42.0;11.0;0.0;0.1;0.5;0.44;a;{}
21540.0;8402001046872;Napolitana de crema 31%;Bollería dulce;;0.95;7.92;;;;;;;;
11111.0;5601001322808;Café soluble natural Nescafé classic;Café soluble;Nescafé;4.95;49.5;1.0;0.2;;0.0;0.0;0.0;b;{}
18509.0;8480000185099;Berberecho al natural XS Hacendado;Berberechos y almejas;Hacendado;3.2;17.3;79.0;13.5;;0.1;0.0;1.75;c;{}
21695.0;8402001042867;Bebida energética Energy Drink Hacendado;Energético;Hacendado;1.6;1.07;;;;;;;;
9057.0;8411700912418;Preparado lácteo con cereales crecimiento Peques 3 Puleva;Leche;Peques 3;11.94;1.99;78.0;2.4;;1.4;4.0;0.11;unknown;{}
87599.0;8480000086921;Tarta tres chocolates Hacendado congelada;Tartas;Hacendado;9.5;10.8;325.0;3.9;1.0;14.0;26.0;0.1875;e;{}
34209.0;8480000342096;Mango deshidratado Hacendado;Fruta desecada;Hacendado;1.45;24.17;318.0;2.9;7.6;0.4;61.0;0.2;d;3
6302.0;8480000063021;Spaghetti al huevo Hacendado;Spaghetti y tallarines;Hacendado;1.45;2.9;359.0;12.0;4.0;1.0;3.5;0.08;a;1
10506.0;8410297010101;Leche entera Asturiana;Leche entera;Asturiana;1.97;1.31;;;;;;;;
14197.0;8480000141972;Galletas Relieve Hacendado;Galletas desayuno;Hacendado;1.35;2.09;458.0;6.9;3.5;1.9;20.0;0.53;d;4
84692.0;2105972846927;Croissant de mantequilla 26%;Bollería dulce;;0.55;11.0;;;;;;;;
84684.0;2105900846845;Magdalenas con azúcar;Bollería dulce;;2.7;7.11;;;;;;;;
8915.0;8402001023743;Súper Cuquis;Snacks;;1.1;30.56;453.0;7.0;;1.6;0.8;1.0625;d;{}
22216.0;8402001025778;Queso rallado emmental gratinar Hacendado;Queso rallado;Hacendado;1.65;8.25;369.0;27.0;;19.0;0.5;0.6875;c;{}
33555.0;5053990101573;Aperitivo de patata sabor original Pringles;Patatas fritas;Pringles;2.0;12.12;503.33333;6.1;5.0;2.8;4.0;1.0;d;4
12016.0;9012200872739;Chocolate con leche Milka galleta;Chocolate con leche;Milka;3.95;13.17;561.561561561562;4.8048048048048;2.1021021021021;20.1201201201201;47.1471471471472;0.28003003003003;e;4
14467.0;8402001038785;Torreznos Hacendado;Snacks;Hacendado;1.4;14.0;600.0;52.0;;15.0;;2.8525;unknown;{}
29605.0;5449000254016;Bebida isotónica limón Aquarius;Isotónico;Aquarius;7.44;2.82;;;;;;;;
13297.0;8402001028298;Pañales bebé talla 3 de 5-10 kg Deliplus;Pañal talla de 0 a 3;Deliplus;6.95;0.15;;;;;;;;
67409.0;80177173;Crema al cacao con avellanas Nutella;Cremas de untar;Nutella;4.0;11.43;539.0;6.3;;10.6;56.3;0.107;e;4
25629.0;8412540001256;Magret de pato;Pavo y otras aves;;9.12;24.0;;;;;;;;
14484.0;8410109131864;Surtido bombones Senzza de chocolate;Bombones;Senzza;4.2;12.73;;;;;;;unknown;{}
80781.0;8480000807816;Ensaladilla americana Hacendado;Ensaladilla;Hacendado;1.7;6.8;156.0;0.8;;1.5;7.2;0.75;c;4
51621.0;3228022000304;Queso camembert de vaca Marcillat;Queso especialidades;Marcillat;2.0;8.33;265.0;19.0;;15.0;0.0;1.4;d;{}
13708.0;2105171137086;Muslo de pato confitado Hacendado;Carne;Hacendado;6.3;21.0;;;;;;;;
65088.0;8402001028038;Golosinas Nubi Mallow Hacendado;Golosinas;Hacendado;1.0;6.67;334.0;3.7;0.0;;67.0;0.07;e;{}
16415.0;8402001000782;Guisantes extra Hacendado;Conservas verdura;Hacendado;1.75;3.15;78.0;5.0;5.9;0.5;2.0;0.71;a;{}
50976.0;2105600509767;Queso viejo ahumado de oveja Hacendado;Queso curado;Hacendado;5.9;17.88;;;;;;;;
60622.0;8402001017735;Mantequilla sin sal añadida Hacendado;Mantequilla;Hacendado;2.45;9.8;744.0;0.6;;55.0;0.4;0.03;e;{}
29100.0;8402001018121;Harina de trigo Hacendado;Harina;Hacendado;0.72;0.72;350.0;10.0;3.0;;;0.02;unknown;{}
11534.0;8402001027796;Vela de cumpleaños 5 Hacendado;Velas;Hacendado;1.25;1.25;;;;;;;;
27342.0;5449000009067;Refresco Coca-Cola;Cola clásica;Coca-Cola;1.99;1.0;42.0;0.0;;;10.6;0.015;e;4
18615.0;8402001013645;Mejillones de Chile en escabeche Hacendado pequeños;Mejillones;Hacendado;2.65;7.57;173.0;21.0;;;;1.18;unknown;{}
86386.0;8402001024894;Fruta + leche tropical Hacendado sin azúcares añadidos;Fruta + leche;Hacendado;1.0;1.01;;;;;;;unknown;{}
35601.0;8445290686848;Papilla 8 cereales con miel Nestlé +6 meses;Papillas;Nestlé;5.75;7.93;407.0;9.0;5.0;0.8;23.0;0.0975;c;1
4903.0;8480000049032;Limón exprimido Hacendado;Vinagre y otros aderezos;Hacendado;1.4;5.0;29.0;0.0;;0.0;1.5;0.01;b;1
10005.0;8480000100054;Chocolate líquido a la taza Hacendado;Chocolate a la taza;Hacendado;2.45;2.45;106.0;2.0;;1.0;18.0;0.13;e;4
4908.0;8411831520018;Crema de vinagre balsámico de Módena Hacendado;Vinagre y otros aderezos;Hacendado;1.8;7.2;;;;;;;unknown;{}
9536.0;8480000095367;Muesli Hacendado con quinoa, chía y chocolate negro;Cereales integrales y muesli;Hacendado;2.5;6.25;416.0;9.8;10.0;4.3;18.0;0.11;c;4
2810.0;2105100028102;Carrillada de cerdo;Cerdo;;6.55;13.1;;;;;;;;
51223.0;8480000512239;Queso untar light de vaca Hacendado;Queso untable;Hacendado;1.4;4.67;130.0;9.0;;6.0;4.8;0.7475;c;4
13984.0;4009233003976;Mini pizzas jamón y queso Fiesta ultracongeladas;Pizzas;Fiesta;2.9;10.74;227.0;10.8;1.9;3.8;2.8;1.0;c;4
59283.0;8410783344468;Pechuga de pavo Noel lonchas muy finas;Pavo y otros;Noel;2.45;12.25;79.0;16.0;;0.3;0.5;1.8;c;4
82765.0;8423102210153;Palitos de pan con pipas Anitin;Rosquilletas;Anitin;1.32;7.95;521.0;11.4;3.4;2.8;1.3;2.3;d;{}
16278.0;8402001046476;Chocolate blanco Fussion Hacendado relleno de crema de avellana y masa filo tostada;Chocolate blanco;Hacendado;1.75;12.96;557.0;8.7;1.2;18.0;45.0;0.1975;e;4
3554.0;2105100035544;Pieza cabeza lomo de cerdo;Cerdo;;5.63;4.9;;;;;;;;
11175.0;8480000111753;Té verde con hierbabuena Hacendado;Té;Hacendado;1.35;33.75;;;;;;;b;{}
79344.0;8480000793447;Pomada del pañal sin perfume Deliplus;Aceite y crema;Deliplus;2.75;27.5;;;;;;;;
13251.0;8402001028175;Brioche Listo para Comer;Platos fríos;Listo para Comer;3.0;3.0;;;;;;;;
53100.0;8480000531001;Salchichas cocidas estilo Frankfurt con queso Hacendado de pollo y cerdo sabor ahumado;Salchichas;Hacendado;1.95;3.05;212.0;12.1;;6.1;0.5;0.0055;c;4
69239.0;2105498692398;Batata;Patata;;1.24;3.35;;;;;;;;
23264.0;8480000232649;Puré de patatas Hacendado en copos;Cremas y puré;Hacendado;2.0;4.0;349.0;8.3;7.4;0.4;1.5;1.2;unknown;4
63464.0;8480000634641;Masa fresca quebrada brisa Hacendado;Masas;Hacendado;2.2;4.78;378.0;6.0;;7.5;0.5;1.0;d;1
86385.0;8402001024887;Fruta + leche tropical Hacendado sin azúcares añadidos;Fruta + leche;Hacendado;0.95;0.95;18.0;0.4;0.2;0.0;3.8;0.0;c;{}
22280.0;8410184040730;Arroz cocido basmati Sabroz;Arroz;Sabroz;1.1;4.4;164.0;3.9;1.6;0.3;0.0;0.875;c;4
2876.0;2105100028768;Morcilla de arroz y cebolla;Embutido;;1.72;5.75;;;;;;;;
10820.0;8411700603613;Bebida láctea con cereales crecimiento y desarrollo Puleva Max;Leche Infantil;Puleva;11.34;1.89;68.0;3.9;;2.4;4.9;0.13;unknown;{}
8370.0;8402001022050;Azafrán hebra Hacendado;Colorante y pimentón;Hacendado;1.95;4875.0;;;;;;;;
23531.0;8410721057573;Zamburiñas en salsa de vieira Hacendado;Berberechos y almejas;Hacendado;1.8;16.22;160.0;10.0;;1.5;2.2;1.04;c;{}
69487.0;8480000694874;Rama de Tomates;Tomate;;1.76;2.2;;;;;;;;
17362.0;4006824999137;Salsa Teriyaki Hacendado;Salsas orientales;Hacendado;1.7;6.8;188.0;4.5;;0.1;36.5;7.4;e;4
11538.0;8402001027833;Vela de cumpleaños 9 Hacendado;Velas;Hacendado;1.25;1.25;;;;;;;;
83203.1;8480000832030;3 Barras de pan;Barra de pan;;1.19;1.59;268.0;8.9;2.9;0.2;2.7;1.6;c;4
17396.0;8480000173966;Salsa Piri Piri Hacendado;Salsas para carnes;Hacendado;1.0;5.13;14.0;0.6;1.4;0.1;0.1;5.28;e;4
15286.0;8711571099844;Patatas prefritas Waffle con piel Hacendado ultracongeladas;Patatas;Hacendado;2.1;3.5;176.0;2.7;4.0;0.6;0.3;0.83;c;4
22249.0;8480000222497;Piquitos bajos en sal Hacendado con orégano y tomillo;Picos;Hacendado;1.23;4.92;466.0;9.5;4.9;1.7;1.1;0.22;b;4
52948.0;8402001016455;Fruta + leche caribe Hacendado sin azúcares añadidos;Fruta + leche;Hacendado;1.2;1.0;15.0;0.5;0.2;0.0;3.0;0.0;d;4
14981.0;8402001041372;Romero Hacendado;Hierbas;Hacendado;1.35;38.57;;;;;;;;
81055.2;2105300810552;Corvina abierta a la espalda con espinas y con cabeza;Corvina;;17.02;11.5;;;;;;;;
25183.0;4052485456359;Jamoncitos de pollo congelados;Carne congelada;;3.1;3.1;131.0;18.0;;2.3;0.0;0.2;a;{}
87203.0;8402001049187;Escalopin de salmón;Salmón;;8.75;25.0;;;;;;;;
6082.0;8480000060822;Tarta infantil balón de fútbol Hacendado congelada;Tartas infantiles;Hacendado;13.8;9.86;384.0;3.5;2.1;12.0;32.0;0.19;unknown;4
17410.0;8480000174109;Salsa fresca Trufa Hacendado;Salsas para pasta;Hacendado;1.45;10.36;151.0;4.4;0.9;6.4;3.0;1.5;d;4
35941.0;8402001011177;Mini magdalenas con pepitas de chocolate con leche Hacendado;Bollería envasada;Hacendado;1.9;7.04;457.0;5.4;1.5;4.0;24.0;0.53;d;4
20627.0;8402001046391;Bebida láctea de fresa L-casei;L-Casei;L-casei;2.25;1.88;27.0;2.8;;0.0;3.7;0.12;b;4
21649.0;8402001054686;Empanada de carne 35%;Bollería salada;;3.65;7.3;;;;;;;;
39127.0;8480000391278;Bebida Florida Hacendado;Naranja;Hacendado;1.4;0.7;29.0;0.1;;0.0;6.6;0.0;e;4
13998.0;8402001036347;Caldo de carne con sofrito Hacendado;Caldo líquido;Hacendado;1.8;1.8;;;;;;;unknown;{}
11785.0;7613032396350;Café en cápsula cortado Dolce Gusto;Cápsulas compatibles Dolce gusto;Dolce Gusto;4.95;0.31;;;;;;;e;4
21378.0;8480000213785;Bebida láctea sabor tropical +Proteínas Hacendado 0% MG 20 g proteínas;Yogures líquidos;Hacendado;1.15;4.11;50.3571428571428;7.14285714285714;;0.25;3.85714285714286;0.116071428571429;b;4
10449.0;4040600088912;Crema de leche para café Campina;Otros;Campina;1.4;7.0;122.0;3.2;;7.3;4.2;0.1;e;1
29106.0;8402001018138;Harina de trigo grande Hacendado;Harina;Hacendado;2.95;0.59;;;;;;;unknown;{}
51228.0;8480000512284;Queso ricotta mezcla Hacendado;Queso fresco;Hacendado;1.6;8.0;179.0;9.7;;9.8;2.8;0.37;c;3
14213.0;8480000142139;Galletas Digestive avena Hacendado;Galletas integrales y digestive;Hacendado;1.0;2.35;477.0;7.5;6.8;2.3;18.0;1.1;d;4
11972.0;8402001029004;Sazonador hierbas provenzales Hacendado para pollo y costillas;Sazonadores;Hacendado;1.0;41.67;;;;;;;;
13235.0;8402001033193;Noodles Yakisoba con carne y verduras;Platos calientes;;4.5;4.5;;;;;;;;
87302.0;8402001030055;Filetes de dorada;Dorada;;4.5;22.5;;;;;;;;
35777.0;8402001010194;Macarrón rayado integral Hacendado;Macarrones, pajaritas y hélices;Hacendado;1.15;2.3;345.0;13.5;10.0;0.5;3.7;0.01;a;{}
35670.0;8032804431966;Spaghetti sin gluten Felicia;Spaghetti y tallarines;Felicia;2.05;4.1;341.0;6.3;2.8;0.5;0.3;0.01;b;4
82328.0;8402001024184;Pan de molde 100% integral Hacendado;Pan de molde;Hacendado;0.9;1.96;248.275862068966;8.62068965517241;7.58620689655173;0.689655172413793;2.41379310344828;1.18965517241379;a;4
34157.0;8414591000356;Carne de pimiento choricero Hacendado;Otras salsas;Hacendado;1.55;11.07;37.6;1.6;2.3;0.4;4.0;0.1;b;1
59216.0;8410783326754;Lacón al horno Noel lonchas;Jamón cocido;Noel;2.1;10.5;180.0;18.0;;6.2;0.5;1.0;d;4
86341.0;4008713713411;Copos de avena Brüggen;Cereales integrales y muesli;Brüggen;1.3;1.63;367.5;14.0;10.0;1.3;0.7;5e-05;a;1
14430.0;8480000144300;Galletas canela Hacendado;Galletas desayuno;Hacendado;1.5;3.0;468.0;6.4;2.9;1.4;23.0;0.73;d;4
60722.0;8480000607225;Chocolate negro 85% cacao Hacendado;Chocolate negro;Hacendado;1.75;17.5;600.0;12.0;14.0;30.0;14.0;0.03;d;4
81200.3;2105361812007;Trucha sin aletas;Trucha;;4.13;7.95;;;;;;;;
52408.0;8480000524089;Queso fresco Burgos natural Hacendado;Queso fresco;Hacendado;1.15;4.6;150.4;10.3;;7.1;3.7;0.95;c;{}
21703.0;8402001047787;Tónica Hacendado;Tónica y bitter;Hacendado;2.22;1.12;;;;;;;;
23146.0;8480000231468;Chorizo sarta picante extra de León Hacendado;Chorizo;Hacendado;4.2;12.0;435.0;26.6;;13.4;1.2;3.6;e;4
14347.0;8402001035029;Maíz palomitas Hacendado;Frutos secos;Hacendado;1.05;3.5;340.0;10.0;12.0;0.8;1.0;0.0;a;{}
60329.0;8480000603296;Jamón cocido extra Hacendado finas lonchas;Jamón cocido;Hacendado;2.0;10.0;101.0;18.6;0.0;0.5;0.9;0.0;a;4
2851.0;2105100028515;Manos de cerdo;Arreglos;;3.9;7.8;;;;;;;;
21369.0;5411188125808;Postre de soja sabor mango Alpro sin azúcares añadidos;Postres de soja;Alpro;2.3;5.75;59.0;3.7;0.9;0.4;5.2;0.1975;a;4
5042.0;8480000050427;Arroz redondo J Sendra Hacendado;Arroz;Hacendado;1.6;1.6;349.0;6.7;;0.3;0.5;0.01;b;1
21358.0;8480000213587;Yogur griego natural ligero Hacendado 2% MG;Yogures griegos;Hacendado;2.2;2.2;60.0;5.8;;1.4;4.7;0.16;a;4
20709.0;8410500012861;Bebida láctea natural Actimel 0% MG 0% azúcares añadidos;L-Casei;Actimel;4.95;4.13;31.0;2.8;;0.2;4.0;0.0975;c;4
69622.0;8437004621900;Floretas de brócoli para microondas lavadas;Verduras al vapor;;1.7;7.39;46.0;2.8;2.6;0.04;1.7;0.08;a;1
65172.0;8402001044304;Chicles hierbabuena gragea Hacendado;Chicles;Hacendado;1.95;19.5;170.0;0.5;;0.1;0.0;0.1;not-applicable;4
67634.0;8480000676344;Crema catalana Hacendado;Otros postres;Hacendado;2.75;6.88;218.0;4.1;;7.8;20.8;0.13;d;4
16279.0;8402001046483;Chocolate con leche Fussion Hacendado relleno de crema de pistacho y masa filo tostada;Chocolate con leche;Hacendado;2.25;16.67;540.740740740741;9.9;2.0;15.0;44.0;0.1;e;4
10666.0;8402001038372;Café con leche cappuccino Hacendado;Bebidas frías;Hacendado;0.75;3.0;71.0;3.2;0.3;1.4;9.2;0.00045;unknown;{}
2872.0;8436021411273;Burger de vacuno y cerdo;Hamburguesas;;4.2;7.78;219.0;17.7;;7.1;0.8;2.0;d;4
51218.0;8402001029356;Burrata fresca Hacendado;Queso fresco;Hacendado;2.2;8.8;156.666666666667;10.0;;14.0;1.5;0.6875;d;{}
4905.0;8480000049056;Reducción bálsamica de vinagre Pedro Ximénez Hacendado;Vinagre y otros aderezos;Hacendado;2.25;7.5;298.0;0.0;0.0;0.0;42.0;0.2;not-applicable;4
12784.0;8402001031106;Focaccia con tomates cherry Hacendado;Roscas, quiche y baguettes;Hacendado;1.95;12.19;276.0;6.1;1.7;1.2;5.0;1.3;d;4
50966.0;2105600509668;Queso curado mezcla Hacendado cortado en cuñitas;Queso curado;Hacendado;4.69;14.2;;;;;;;;
23374.0;8480000233745;Napolitanas con relleno sabor crema Hacendado;Bollería envasada;Hacendado;1.8;4.86;386.5;7.0;27.0;11.0;21.0;0.65;e;4
29314.0;8480000293145;Bebida de soja 0% azúcar Hacendado;Bebidas vegetales;Hacendado;0.75;0.75;32.0;2.8;0.4;0.0;0.0;0.0;b;3
23621.0;8480000236210;Queso rallado especial fundir mezcla Hacendado;Queso rallado;Hacendado;1.2;6.0;284.0;19.0;;13.0;0.5;1.5;d;{}
22718.0;8402001031847;Café soluble Classic Hacendado;Café soluble;Hacendado;2.9;29.0;304.0;22.0;24.0;;;0.12;unknown;{}
17360.0;4006824005715;Salsa de Soja Hacendado;Salsas orientales;Hacendado;1.2;4.8;74.0;7.5;;0.1;4.3;15.45;e;4
26001.0;8429386917108;Alubia cocida pinta Hacendado;Alubias;Hacendado;1.25;2.19;;;;;;;;
16272.0;8412500691831;Paté de cerdo La Piara tapa negra;Paté;La Piara;3.95;14.16;;;;;;;;
79493.0;8480000794932;Chupete silicona reversible Deliplus +6 a 18 meses luminiscente;Chupete;Deliplus;2.5;2.5;;;;;;;;
69155.0;5600319261021;Cebollas dulces;Cebolla y ajo;;2.5;2.5;;;;;;;;
67563.0;8425514004412;Panecillo de queso 18%;Pan de bocadillo;;0.5;5.88;;;;;;;;
13596.0;8480000135964;Café en cápsula descafeinado espresso Hacendado;Cápsulas compatibles Nespresso;Hacendado;3.85;0.19;;;;;;;unknown;{}
2869.0;8421610028697;Preparado de carne picada vacuno y cerdo;Picadas y otros;;4.1;8.2;172.0;17.0;;5.0;0.5;0.2;c;4
81241.1;2105365812416;Lubina limpia con cabeza;Lubina;;4.62;10.5;;;;;;;;
52892.0;8402001016868;Gofres con chocolate Hacendado;Bollería envasada;Hacendado;1.55;5.54;484.0;5.2;;12.0;31.0;0.86;e;4
21588.0;8402001047343;Napolitana de chocolate 35%;Bollería dulce;;0.95;7.92;;;;;;;;
84937.0;2105900849372;Croissants surtidos rellenos de crema de cacao y crema con leche sabor a chocolate blanco;Bollería dulce;;2.55;8.5;;;;;;;;
50543.0;8402001036736;Queso lonchas tierno de vaca Entrepinares;Queso lonchas;Entrepinares;2.5;8.33;368.0;21.0;;22.0;0.5;1.18;d;3
62191.0;8480000621917;Filetes de panga Hacendado ultracongelados;Pescado;Hacendado;4.75;5.28;71.3;15.1;;;;0.6875;unknown;{}
50999.0;8402001053757;Tabla de quesos nacionales Hacendado;Queso curado;Hacendado;5.0;20.83;;;;;;;;
19734.0;8402001001871;Sal gruesa para hornear Hacendado;Sal y bicarbonato;Hacendado;1.4;0.7;;;;;;;;
60846.0;8402001018824;Magdalenas Hacendado;Bollería envasada;Hacendado;2.0;3.64;415.0;5.0;1.2;3.0;28.0;0.38;d;4
7305.0;8402001015076;Caldo de pescado Hacendado en pastillas;Caldo en pastillas;Hacendado;0.85;7.08;222.0;15.0;0.8;5.6;0.2;53.0;unknown;{}
79497.0;8480000794970;Chupete silicona reversible Deliplus +18 meses;Chupete;Deliplus;2.5;2.5;;;;;;;;
20738.0;8410500010485;Bebida láctea natural Actimel;L-Casei;Actimel;4.95;4.13;66.0;3.1;;1.0;9.9;0.1;d;{}
22703.0;8480000227034;Chocolate negro 72% cacao Hacendado con trozos de naranja;Chocolate negro;Hacendado;1.75;17.5;520.0;8.2;10.0;20.0;35.0;0.02;e;4
14038.0;4001518009000;Galletas con chocolate y crema de leche Hacendado;Con chocolate y rellenas;Hacendado;2.65;9.89;525.373134328358;6.86567164179104;2.08955223880597;19.1044776119403;41.7910447761194;0.82089552238806;unknown;{}
53041.0;8410973077008;Salchichas cocidas Frankfurt La Selva;Salchichas;La Selva;2.4;5.22;165.0;13.0;;4.6;0.9;0.005;c;4
35534.0;8402001008269;Mini helado sándwich choco cream Hacendado;Bombones;Hacendado;3.0;5.88;370.983611560259;5.0819670567747;2.62295085875714;9.83606557377049;29.180326618132;;unknown;{}
21377.0;8402001040399;Bífidus cremoso natural edulcorado probióticos Hacendado 0% MG 0% azúcares añadidos;Bífidus naturales;Hacendado;1.4;1.87;51.0;5.4;;0.2;6.5;0.1975;unknown;{}
50151.0;2105600501518;Queso lonchas de oveja Entrepinares;Queso lonchas;Entrepinares;3.02;14.4;;;;;;;;
17128.0;8480000171283;Tomate frito Hacendado con aceite de oliva;Tomate frito;Hacendado;1.4;2.22;77.0;1.5;;0.3;6.9;1.0;b;4
82290.0;8423102204107;Pan tostado cereales y semillas Hacendado;Pan tostado;Hacendado;2.25;4.09;;;;;;;;
67637.0;8480000676375;Edulcorante Eritritol y Sucralosa Hacendado;Edulcorante y otros;Hacendado;3.05;15.25;0.0;0.0;0.0;0.0;0.0;0.0;not-applicable;4
51126.0;8422241805602;Queso lonchas mozzarella de vaca Hacendado;Queso lonchas;Hacendado;1.8;9.0;;;;;;;;
86905.0;8402001010620;Arroz tres delicias Hacendado ultracongelado;Arroz;Hacendado;2.85;2.85;;;;;;;;
68408.0;2368408002612;Puerros;Otras verduras y hortalizas;;2.16;4.8;;;;;;;;
34172.0;8480000341723;Pimienta negra en grano Hacendado;Pimienta;Hacendado;1.7;24.29;;;;;;;not-applicable;1
9886.0;5449000330116;Refresco Coca-Cola;Cola clásica;Coca-Cola;2.7;1.08;;;;;;;unknown;{}
83490.0;8402001042690;Langostino cocido;Marisco;;1084.05;10.95;;;;;;;;
59085.0;8480000590855;Salchichón extra Hacendado lonchas;Salchichón;Hacendado;1.95;8.13;372.0;22.0;;9.4;2.7;3.5;e;4
62380.0;8402001054778;Bogavante americano mediano crudo Hacendado;Marisco;Hacendado;16.5;33.0;;;;;;;;
12421.0;8480000124210;Huevo sorpresa de chocolate Hacendado;Chocolatinas;Hacendado;1.65;33.0;549.0;7.3;;20.0;53.0;0.21;e;4
20512.0;8480000205124;Yogur griego natural Hacendado;Yogures griegos;Hacendado;2.2;2.2;129.0;;0.12;6.7;3.9;;unknown;3
53116.0;8412450580612;Sobrasada selecta L'Illa especialidades;Sobrasada;L'Illa especialidades;2.05;8.2;640.0;7.5;;22.8;0.7;1.7;e;4
35438.0;8402001009051;Salsa Pesto con albahaca Hacendado;Salsas para pasta;Hacendado;1.95;10.26;570.0;5.9;;7.3;1.4;3.0;e;4
9981.0;8402001026669;Bebida láctea natural azucarada Hacendado;Yogures líquidos;Hacendado;1.3;1.3;73.0;2.4;;1.4;10.8;0.1175;c;{}
1564.0;2105100015645;Costilla de cerdo ibérico adobada;Cerdo;;3.78;7.55;;;;;;;;
11516.0;8402001027246;Salchichas cocidas de cerdo Hacendado estilo parrillero;Salchichas;Hacendado;2.6;8.67;306.0;16.0;;10.7;0.0;2.4575;e;{}
23046.0;8423352861792;Bebida de avena Alitey;Bebidas vegetales;Alitey;1.5;2.0;46.0;1.4;0.4;0.2;5.4;0.04;c;{}
14474.0;8402001038518;Pepinillos agridulces Hacendado;Pepinillos y otros encurtidos;Hacendado;1.65;4.13;56.0;0.9;;;;;unknown;{}
24541.0;8402001050428;Golosinas tubos rellenos Hacendado sabor nata y fresa;Golosinas;Hacendado;1.75;5.47;;;;;;;;
51052.0;8422241807712;Mozzarella fresca de vaca Hacendado en perlas;Queso fresco;Hacendado;1.9;6.33;;;;;;;;
52607.0;8402001014116;Infusión manzana y canela Hacendado;Infusiones;Hacendado;1.4;35.0;;;;;;;b;4
60091.0;8480000600912;Tortilla de patata con calabacín Listo para Comer;Platos calientes;Listo para Comer;8.5;6.54;147.0;5.5;;1.3;1.9;1.0825;unknown;{}
4717.0;8402001001192;Aceite de oliva virgen extra Hacendado;Aceite de oliva;Hacendado;14.55;4.85;822.0;0.0;;13.0;0.0;0.0;b;2
5548.0;8402001048289;Queso añejo ibérico mezcla Hacendado cortado en cuñitas;Queso curado;Hacendado;5.44;17.0;;;;;;;;
29006.0;8480000290069;Bicarbonato de sódio Hacendado;Sal y bicarbonato;Hacendado;1.1;3.67;;;;;;;not-applicable;1
67977.0;8402001023477;Bífidus cremoso con coco probióticos Hacendado;Bífidus de sabores;Hacendado;1.3;2.6;84.8;4.72;;2.24;9.6;0.158;c;{}
15287.0;8402001042041;Bastones de batata Hacendado ultracongelada;Patatas;Hacendado;2.65;3.53;163.0;1.6;3.2;0.5;9.5;0.25;c;4
10712.0;8410297012150;Leche semidesnatada Asturiana;Leche semidesnatada;Asturiana;1.17;1.17;46.0;3.2;;1.1;4.7;0.1;b;1
14739.0;8402001036262;Paté de cerdo sabor suave Hacendado;Paté;Hacendado;1.55;5.17;299.0;8.3;;10.7;0.5;1.3;e;{}
13652.0;8480000136527;Infusión Rooibos cítricos Hacendado;Infusiones;Hacendado;1.15;28.75;;;;;;;b;4
9350.0;8480000093509;Barritas de cereales y chocolate con leche Hacendado;Barritas de cereales;Hacendado;1.55;12.92;345.0;6.5;7.4;6.1;27.0;0.82;d;4
12946.0;8402001033902;Chocolate extrafino con leche Hacendado 0% azúcares añadidos;Chocolate con leche;Hacendado;1.35;13.5;465.0;9.0;9.0;19.0;11.0;0.295;d;{}
18714.0;8480000187147;Calamar en tinta Hacendado;Otras conservas de pescado;Hacendado;3.1;12.92;258.75;15.0;;1.9;0.7;1.0;b;4
53011.0;8414389019379;Compango;Arreglos;;2.6;10.4;463.0;17.58;;16.8;0.5;4.0;e;4
12495.0;8402001016394;Porciones de chocolate negro 72% cacao extrafino Hacendado;Chocolate negro;Hacendado;3.25;16.25;562.5;10.0;11.0;26.0;27.0;0.03;e;{}
13021.0;8410014478764;Cacao soluble ColaCao original;Cacao soluble;ColaCao;7.0;9.21;;;;;;;b;4
14133.0;7622210660176;Barritas de galleta bañadas en chocolate con leche Chips Ahoy;Con chocolate y rellenas;Chips Ahoy;1.5;10.71;487.0;6.3;3.1;12.0;39.0;0.88;e;4
19852.0;8402001042218;Bolitas de pollo Hacendado congeladas;Carne congelada;Hacendado;3.95;5.27;156.0;18.0;0.2;2.3;0.5;1.18;unknown;{}
2815.0;2105100028157;Panceta de cerdo;Cerdo;;3.24;5.5;;;;;;;;
52307.0;8480000523075;Paté de cerdo con finas hierbas Hacendado;Paté;Hacendado;1.1;6.88;271.0;11.7;;9.1;1.3;1.9;e;4
62403.0;8410063089096;Palitos de surimi Hacendado ultracongelados;Marisco de concha y otros;Hacendado;2.5;4.17;100.0;7.4;;0.3;1.3;1.53;c;4
51211.0;8480000512116;Queso untar con queso azul de vaca Hacendado;Queso untable;Hacendado;1.9;9.5;235.0;4.9;;15.0;2.2;1.5;d;{}
18210.0;8480000182104;Sardinillas en aceite de oliva Hacendado;Sardinas;Hacendado;2.05;11.39;365.555555555556;16.6666666666667;;6.0;0.0;1.2;d;3
10516.0;8410297110757;Leche desnatada Asturiana;Leche desnatada;Asturiana;10.38;1.15;34.0;3.2;;0.2;4.7;0.1;unknown;{}
35662.0;8720182697356;Crema de setas Starlux con champiñones;Cremas y puré;Starlux;1.6;3.2;42.0;0.9;0.5;0.5;0.5;0.65;c;4
8252.0;8436548784591;Pincho Mexicano de pollo con varilla;Pollo;;4.84;10.3;104.0;16.7;;0.5;0.5;1.18110240913752;unknown;{}
21327.0;8402001022463;Bífidus con cereales y fibras probióticos Hacendado;Bífidus de sabores;Hacendado;1.3;2.6;96.0;3.7;1.8;1.8;11.8;0.1475;e;{}
50008.0;2105600500085;Queso grana padano Zanetti;Queso curado;Zanetti;3.66;15.9;;;;;;;;
50994.0;8402001024399;Queso curado mezcla madurado en madera Hacendado;Queso curado;Hacendado;3.87;14.9;;;;;;;;
3362.0;2105400033622;Zumo de naranja recién exprimido Hacendado;Naranja;Hacendado;4.95;4.95;;;;;;;;
63627.0;8480000636270;Pizza jamón y queso familiar Hacendado;Pizzas refrigeradas;Hacendado;3.4;5.67;224.0;14.0;0.0;3.4;1.6;1.5;d;4
5002.0;8480000050021;Arroz basmati aromático Hacendado;Arroz;Hacendado;2.1;2.1;355.0;9.0;0.0;0.2;0.5;1e-05;b;1
34997.0;8480000349972;Nuez Pecana natural Hacendado pelada;Frutos secos;Hacendado;3.9;19.5;715.0;11.4;10.0;6.6;3.2;0.0;a;1
15436.0;8411496107036;Miel de flores Hacendado;Miel;Hacendado;4.8;4.8;;;;;;;unknown;2
39901.0;8480000399014;Salmorejo fresco Hacendado;Gazpacho y salmorejo;Hacendado;3.0;3.0;134.0;1.5;0.0;1.4;2.1;0.95;c;4
14961.0;8402001038990;Pan de molde espelta 100% integral Hacendado natural;Otros panes;Hacendado;1.65;3.0;240.0;1.1;12.0;0.8;3.7;1.1;c;4
29612.0;5449000171771;Bebida isotónica limón Aquarius zero azúcar;Isotónico;Aquarius;2.1;1.4;1.0;0.0;;;;0.06;c;4
60926.0;8480000609267;Bebida de avena con chocolate sin azúcares añadidos Hacendado;Bebidas vegetales;Hacendado;1.6;2.13;44.0;1.2;1.0;0.3;2.4;0.15;d;4
65064.0;8402001042027;Golosinas tubos Hacendado sabor fresa y nata;Golosinas;Hacendado;1.75;5.47;;;;;;;unknown;{}
87616.0;8436554241439;Trenza hojaldre de mantequilla Hacendado congelada;Tartas;Hacendado;6.5;15.12;425.0;7.3;1.875;12.0;23.0;0.51;e;{}
69098.0;8423761000454;Patatas rojas;Patata;;3.8;1.9;;;;;;;unknown;{}
20379.0;8480000203793;Yogur cremoso con melocotón y maracuya Hacendado;Yogures de sabores;Hacendado;1.25;2.5;96.0;3.6;;2.2;12.7;0.1;c;4
13568.0;8402001000584;Cebolla troceada Hacendado ultracongelada;Verdura;Hacendado;0.95;2.11;42.0;1.2;1.8;0.0;5.6;0.01;a;1
24486.0;8480000244864;Langostino crudo y pelado Hacendado ultracongelado;Marisco;Hacendado;3.95;17.95;63.5755258126194;14.8;;0.1;0.0;0.4;a;4
35711.0;8402001009402;Pan de molde sin gluten blanco Hacendado;Pan de molde;Hacendado;2.74;5.48;282.0;1.0;9.0;1.3;3.3;1.3;c;4
4706.0;8480000047069;Aceite de oliva virgen extra Hacendado Gran Selección;Aceite de oliva;Hacendado;5.95;7.93;822.0;0.0;0.0;13.0;0.0;0.0;b;2
33168.0;8402001002052;Aceitunas verdes Chupadedos Huerta de Barros partidas aliñadas;Aceitunas verdes;Huerta de Barros;3.3;3.37;140.0;1.4;;2.4;;;unknown;4
35727.0;8402001009846;Té negro con canela Hacendado;Té;Hacendado;1.4;46.67;1.0;0.0;0.0;0.0;0.0;0.0;b;{}
86442.0;8402001030260;Cabecero de lomo Hacendado lonchas;Lomo y otros;Hacendado;2.7;18.0;269.598470363289;31.0;;6.7;0.5;4.425;unknown;{}
80293.0;8480000802934;Impulsor gasificante repostería Hacendado para uso alimentario;Levadura y preparado repostería;Hacendado;0.7;7.78;;;;;;;unknown;4
33624.0;8480000336248;Patatas fritas paja Hacendado;Snacks;Hacendado;1.5;7.5;545.0;6.9;;2.9;0.0;1.1;d;3
21193.0;8402001040320;Bífidus natural probióticos Hacendado 0% MG 0% azúcares añadidos;Bífidus naturales;Hacendado;1.15;1.53;41.0;4.5;;0.0;5.4;0.17;a;4
39010.0;8480000390103;Zumo pura naranja Hacendado;Naranja;Hacendado;1.85;1.85;44.0;0.7;0.6;0.0;9.3;0.0;d;1
23851.0;8006040610089;Mini helado bombón vegetal triple chocolate Hacendado a base de anacardos;Bombones;Hacendado;3.3;10.31;354.0;3.2;3.3;16.0;28.0;;unknown;4
9664.0;8480000096647;3 Bocadillos;Pan de bocadillo;;1.04;2.67;263.529411764706;8.94117647058824;1.41176470588235;0.117647058823529;1.64705882352941;0.771470588235294;c;3
16352.0;8402001049453;Jamón cocido jugoso Hacendado lonchas;Jamón cocido;Hacendado;1.95;7.8;99.0;17.2;;;;2.065;unknown;{}
16260.0;8402001048487;Chopped cocido en lata Hacendado finas lonchas;Chopped;Hacendado;1.85;9.25;190.0;12.0;;5.4;;0.6;unknown;{}
23280.0;8402001018787;Helado barrita sabor cacahuete Hacendado con salsa de caramelo salado;Bombones;Hacendado;3.3;11.0;354.166666666667;6.45833333333333;1.66666666666667;11.0416666666667;29.1666666666667;0.354166666666667;e;4
53446.0;8480000534460;Salmón marinado Hacendado;Ahumados;Hacendado;3.5;43.75;221.0;20.0;;1.6;0.5;2.6;d;4
21625.0;8402001048111;Batido lácteo sabor café +Proteínas Hacendado 30 g proteínas;Yogures líquidos;Hacendado;1.4;4.24;46.0;9.1;;0.1;2.0;0.1975;unknown;{}
63739.0;8480000637390;Fingers de queso Hacendado ultracongelados;Verdura rebozada y otros;Hacendado;2.3;7.67;323.0;13.0;1.1;8.0;7.0;1.4;d;4
6321.0;8480000063212;Nidos al huevo Hacendado;Spaghetti y tallarines;Hacendado;1.45;2.9;357.0;14.0;4.1;0.8;3.5;0.05;a;1
23052.0;8480000230522;Batido sabor vainilla Hacendado;Batidos;Hacendado;1.3;1.3;53.0;2.2;;0.4;10.0;0.14;unknown;4
19820.0;8480000198204;Edulcorante líquido stevia Hacendado;Edulcorante y otros;Hacendado;2.05;13.67;0.0;0.0;;0.0;0.0;0.0;not-applicable;4
86403.0;8402001024733;Mix frutas tropical Hacendado ultracongeladas;Fruta;Hacendado;2.75;6.11;59.0;0.7;1.6;0.0;;0.0;unknown;{}
52739.0;8402001015106;Eneldo Hacendado;Hierbas;Hacendado;1.85;102.78;;;;;;;unknown;{}
69756.0;8437013139106;Ensalada de la casa;Ensalada preparada;;2.15;5.38;45.0;1.3;2.2;0.2;1.7;0.0;a;3
11104.0;8410100021553;Café soluble descafeinado Nescafé classic;Café soluble;Nescafé;4.95;49.5;;;;;;;unknown;1
53500.0;8410486081011;Bacón Oscar Mayer lonchas;Bacón;Oscar Mayer;2.35;15.67;386.0;14.0;;12.0;1.4;2.8;e;4
21727.0;8402001042980;Refresco cola Hacendado Zero azúcar;Cola zero;Hacendado;0.8;0.4;;;;;;;;
21653.0;8402001051104;Refresco té rojo zero Hacendado sabor frutos rojos, hibisco y granada;Té;Hacendado;1.0;0.67;2.0;0.0;;;;0.04;unknown;{}
53015.0;8410486078042;Salchichas cocidas hot dog bocadillo Oscar Mayer Classic de pollo y cerdo sabor ahumado;Salchichas;Oscar Mayer;1.85;6.73;219.0;13.0;;5.8;1.0;1.9675;d;4
82439.0;8002190020150;Crackers con sal Hacendado;Crakers y tartaletas;Hacendado;1.85;3.7;438.0;10.0;3.0;3.8;2.0;1.75;d;3
84785.0;2105900847859;Berlina al cacao;Bollería dulce;;1.45;6.04;;;;;;;;
86202.0;8480000862020;Pistacho tostado Hacendado con sal;Frutos secos;Hacendado;3.5;14.0;616.0;22.8;9.4;6.4;6.0;3.2;d;3
12171.0;3173282710497;Barritas de chocolate con leche Hacendado rellenas de leche;Chocolatinas;Hacendado;2.2;11.0;551.0;7.8;0.7;21.0;53.0;0.25;e;4
82302.0;8402001037870;Pan de molde con 55% centeno Hacendado;Otros panes;Hacendado;1.35;1.88;254.0;9.8;6.6;0.7;3.3;0.9;a;{}
35590.0;8402001008535;Fabada Hacendado;Platos de cuchara;Hacendado;1.45;3.45;140.0;7.3;3.5;2.7;0.5;0.885;b;3
11714.0;8480000117144;Café molido natural Hacendado Espresso;Café molido;Hacendado;3.6;14.4;334.0;16.0;49.0;6.0;1.1;0.0;unknown;1
58248.0;8480000582485;Mini salchichón ibérico extra La Hacienda del ibérico;Salchichón;La Hacienda del ibérico;2.65;13.25;492.0;25.6;;17.4;1.5;3.5;e;4
55135.0;8410320014212;Taquitos de chorizo extra Revilla;Chorizo;Revilla;2.55;12.75;347.0;21.0;;10.0;1.8;3.45;e;4
52746.0;8402001015731;Sopa de verduras Hacendado;Sopa;Hacendado;0.65;12.75;;;;;;;c;4
8179.0;5411188137993;Postre de soja sabor arándanos Alpro;Postres de soja;Alpro;2.0;5.0;69.0;3.7;1.0;0.4;7.9;0.15;b;4
9395.0;8011033012108;Cous cous mediano Hacendado;Arroz;Hacendado;1.95;1.95;346.0;12.0;3.9;0.4;2.5;;unknown;1
64492.0;8480000644923;Helado Mochi mango Hacendado;Bombones;Hacendado;2.9;13.43;202.0;0.6;0.5;0.4;28.3;0.03;c;4
13038.0;8402001032585;Cacao soluble Hacendado;Cacao soluble;Hacendado;2.8;5.6;383.0;6.9;7.4;1.6;69.0;0.02;unknown;4
20722.0;8480000207227;Mantequilla con sal Hacendado;Mantequilla;Hacendado;2.1;8.4;734.0;0.5;;55.0;0.8;0.0975;e;2
9398.0;8480000093981;Preparado lácteo con cereales Hacendado +1 año;Leche;Hacendado;9.6;1.6;82.0;2.3;1.2;0.6;6.2;0.13;not-applicable;4
63144.0;8480000631442;Langostino caballitos rebozados Hacendado ultracongelados;Pescado rebozado;Hacendado;3.25;10.83;185.0;8.1;;0.5;4.5;1.77;unknown;4
29410.0;8480000294104;Bebida isotónica Iso On blue Hacendado;Isotónico;Hacendado;1.55;1.03;21.0;0.0;;0.0;4.9;0.1;d;4
3026.0;2105435030269;Papaya;Fruta tropical;;2.27;5.05;;;;;;;;
15093.0;8402001009266;Confitura de fresa Hacendado 0% azúcares añadidos;Confitura y otros;Hacendado;1.6;4.21;40.0;0.6;;0.0;3.4;0.0;a;4
80795.0;8480000807953;Ensaladilla rusa Hacendado;Ensaladilla;Hacendado;2.8;5.6;211.0;5.5;;2.6;1.1;0.87;c;4
59032.0;8480000590329;Sándwiches jamón y queso Hacendado;Otros;Hacendado;2.8;5.83;248.0;14.2;;4.3;1.7;1.5;d;4
82731.0;2105900827318;Magdalenas al cacao Hacendado;Bollería envasada;Hacendado;2.1;6.0;;;;;;;;
26116.0;8480000261168;Lentejas a la jardinera Hacendado;Platos de cuchara;Hacendado;1.2;2.86;69.0;3.5;2.7;0.2;1.2;0.9;b;4
20031.0;8410500006105;Yogur sabor fresa Danone;Yogures de sabores;Danone;1.0;2.08;77.0;3.0;;1.1;11.9;0.11;c;4
10683.0;8480000105691;Leche semidesnatada calcio Hacendado;Leche semidesnatada;Hacendado;6.3;1.05;51.0;3.9;;1.0;5.2;0.13;unknown;{}
8953.0;8402001023163;Aperitivo de patata con sabor a nata agria y cebolla;Patatas fritas;;1.75;10.0;552.0;3.7;3.4;3.7;2.1;0.984251968503937;d;{}
87683.0;8480000876836;Tarta infantil animales Hacendado congelada;Tartas infantiles;Hacendado;8.5;13.39;384.0;3.5;2.1;12.0;32.0;0.19;unknown;{}
83202.1;8480000832023;Barra de pan;Barra de pan;;0.5;2.0;267.0;8.6;2.1;0.2;2.3;1.475;c;4
21960.0;8402001052040;Pan de burger Hacendado Rústico 100% integral;Pan de hamburguesa y wrap;Hacendado;1.05;3.5;;;;;;;unknown;{}
5500.0;8424314002031;Frambuesas;Otras frutas;;2.98;14.9;;;;;;;;
65235.0;8402001025730;Chicles menta fuerte gragea Hacendado;Chicles;Hacendado;1.0;22.22;170.0;0.5;;0.1;0.0;0.01;not-applicable;4
10281.0;8411700911305;Bebida láctea Omega 3 Puleva con nueces y leche desnatada;Leche desnatada;Puleva;11.7;1.95;51.0;2.9;;0.5;4.4;0.13;b;{}
69383.0;8480000693839;Wakame ensalada de alga marina Hacendado congelada;Verdura;Hacendado;1.7;13.6;74.0;1.4;4.4;0.0;3.0;1.5;c;4
60127.0;8480000601278;Media tortilla de patata con cebolla Listo para Comer;Platos calientes;Listo para Comer;4.75;7.31;;;;;;;;
81200.2;2105361812007;Trucha abierta en libro sin cabeza y sin espina;Trucha;;4.13;7.95;;;;;;;;
23308.0;8436021417404;Fiambre de magro de cerdo adobado;Cerdo;;2.8;7.57;86.0;11.6;;0.9;0.8;2.0;c;4
64419.0;8480000644190;Helado hielo sorbete con fresa Hacendado;Granizados y helados de hielo;Hacendado;2.3;3.07;94.0;0.0;;0.0;21.0;0.02;c;4
67766.0;8480000677662;Yogur azucarado YogoMix Discos Hacendado con disquitos chocolateados;Otros postres;Hacendado;1.3;4.33;127.0;4.7;;2.0;19.0;0.11;c;4
68172.0;8402001012587;Gelatina sabor fresa Hacendado;Gelatina;Hacendado;0.9;1.5;64.0;0.0;0.0;0.0;15.7;0.21;c;4
86610.2;8480000866103;Barra de pan espiga rebanado;Pan rebanado;;1.05;2.63;;;;;;;;
83789.0;8480000837899;Pan tostado 100% integral bajo en sal y en azúcares Hacendado;Pan tostado;Hacendado;2.2;4.07;388.0;17.7;10.9;0.6;2.9;0.2;a;4
18808.0;8435129718062;Sucedáneo de caviar negro Ubago Caviartic;Salazones;Ubago;1.95;26.0;6.0;0.5;0.0;0.1;0.5;3.2;d;4
29540.0;8402001022654;Pepinillos pequeños Hacendado;Pepinillos y otros encurtidos;Hacendado;1.55;3.69;17.0;1.5;1.5;;;1.8675;unknown;{}
21762.0;8402001051647;Smoothie mango y naranja Hacendado;Smoothie;Hacendado;1.65;6.6;53.2;0.4;0.5;0.0;11.6;1e-05;unknown;{}
84710.0;2105900847101;Berlina glacé;Bollería dulce;;1.25;6.25;;;;;;;;
23307.0;8402001007262;Fiambre de magreta de cerdo adobada;Cerdo;;2.7;7.71;260.0;11.8000001907349;;8.89999961853027;0.800000011920929;;unknown;{}
11430.0;8480000114303;Infusión Manzanilla con anís Hacendado;Infusiones;Hacendado;0.85;32.69;;;;;;;b;4
10384.0;8402001002120;Leche desnatada Hacendado;Leche desnatada;Hacendado;0.82;0.82;34.0;3.2;;0.17;4.7;0.0975;b;{}
23003.0;8480000230034;Pasas moscatel sin semillas Hacendado;Fruta desecada;Hacendado;2.2;8.8;321.0;2.9;4.2;0.2;64.0;0.0;d;3
14200.0;8402001013140;Galletas Digestive 0% azúcares añadidos Hacendado;Galletas integrales y digestive;Hacendado;1.4;3.5;500.0;6.66666666666667;;;;;unknown;4
20612.0;8480000206121;Bebida láctea de fresa Hacendado;Yogures líquidos;Hacendado;1.3;1.3;75.0;2.3;;1.3;11.7;0.12;e;4
13631.0;8480000136312;Picos saladitos Hacendado;Picos;Hacendado;1.13;4.52;466.0;9.7;;1.6;1.2;2.28;d;3
8904.0;8480000089045;Brevas;Otras frutas;;3.49;6.85;;;;;;;;
22911.0;8402001001321;Aceitunas verdes rellenas de anchoa Hacendado;Aceitunas verdes;Hacendado;1.05;3.0;150.0;1.6;;2.9;0.5;2.6;d;4
64499.0;8480000644992;Mini helado bombón sabor nocciola Hacendado;Bombones;Hacendado;3.15;6.56;403.0;4.1;1.0;13.5;34.5;0.1075;e;4
21928.0;8402001052507;Cocktail tostado con sal Hacendado;Cocktails;Hacendado;2.8;14.0;653.0;23.0;7.2;7.3;6.7;0.9825;unknown;{}
27761.0;8410600008030;Refresco limón Schweppes original;Limón;Schweppes;7.76;2.94;;;;;;;;
22613.0;8854692010357;Salsa Thai Chili dulce J-Lek;Salsas orientales;J-Lek;1.4;5.6;183.317399617591;0.8;2.0;0.4;25.1;0.0;unknown;4
59165.0;8480000591654;Longaniza de pavo extra Hacendado lonchas;Pavo y otros;Hacendado;2.8;22.4;315.0;31.0;;6.8;2.7;4.3;e;4
16827.0;8480000168276;Salsa Mexicana Hacendado;Otras salsas;Hacendado;1.25;4.17;38.0;1.4;;0.0;4.1;0.9;a;4
4265.0;8480000042651;Spaghetti carbonara Hacendado;Pasta;Hacendado;2.2;7.86;142.0;4.8;0.464;3.9;1.1;0.8928575;c;4
8309.0;8402001023811;Aceitunas negras en rodajas Hacendado;Aceitunas negras;Hacendado;1.9;12.84;143.0;0.5;3.0;2.3;0.0;2.0;d;{}
24249.0;8436048071894;Anillas de pota Argentina Hacendado congeladas;Pescado;Hacendado;5.75;15.97;51.0;10.0;;0.2;0.0;1.3;b;{}
10812.0;8480000108128;Leche semidesnatada de cabra Hacendado;Leche semidesnatada;Hacendado;1.97;1.97;46.0;3.4;;1.0;4.5;0.1;b;1
24324.0;2105300243244;Merluza del Cabo sin cabeza Hacendado ultracongelada;Pescado;Hacendado;5.77;8.25;;;;;;;;
69286.0;8422837122359;Cebollino;Hierbas aromáticas;;1.8;90.0;;;;;;;;
82090.0;8480000820907;Ensaimadas Hacendado;Bollería envasada;Hacendado;1.7;4.86;454.0;9.9;2.6;14.0;11.0;0.68;e;4
51230.0;8480000512307;Mozzarella fresca light de vaca Hacendado;Queso fresco;Hacendado;1.0;4.0;152.8;17.0;;6.0;0.8;1.5;c;{}
15101.0;8402001041471;Chocolate con leche classic Hacendado extrafino;Chocolate con leche;Hacendado;1.1;8.8;556.0;9.3;1.9;22.0;49.0;0.1975;e;4
31504.0;8402001028243;Huevos grandes L;Huevos;;3.2;0.27;;;;;;;;
22194.0;8480000221940;Papilla pera y manzana Hacendado +4 meses;Tarritos de fruta;Hacendado;2.85;5.48;55.0;0.7;3.7;0.1;11.0;0.01;not-applicable;1
15810.0;8402001000805;Patatas light Hacendado;Patatas fritas;Hacendado;1.3;8.67;451.0;3.9;3.1;2.1;2.0;2.3;d;{}
2864.0;8421610028642;Chistorra;Embutido;;1.4;6.36;400.0;14.0;;14.0;0.0;2.0;e;{}
14934.0;8402001041112;Surtido de caramelos Diver Xuxes Hacendado;Golosinas;Hacendado;2.95;7.87;;;;;;;unknown;4
14443.0;8402001038211;Bizcocho azúcar sin gluten;Bollería dulce;;2.85;9.5;420.0;5.0;1.0;3.0;22.0;0.7675;d;{}
13597.0;8480000135971;Maíz frito gigante Hacendado;Frutos secos;Hacendado;1.4;9.33;447.0;6.0;;2.0;1.0;1.8;c;3
4718.0;8480000047182;Aceite de oliva virgen extra Hacendado;Aceite de oliva;Hacendado;2.7;13.5;824.0;0.0;;15.0;;0.0;b;{}
23137.0;8480000231376;Chili con carne Hacendado;Otras salsas;Hacendado;2.8;6.67;113.809523809524;8.2;4.0;1.1;2.8;1.0;c;4
82609.0;8480000826091;Bollo con pepitas de chocolate Hacendado Choco Buns;Bollería envasada;Hacendado;1.5;6.0;353.0;8.6;1.4;9.1;16.0;0.000875;d;4
8870.0;9002490252687;Bebida energética Red Bull;Energético;Red Bull;6.3;4.2;;;;;;;unknown;{}
14216.0;8402001022722;Galletitas saladas Hacendado;Snacks;Hacendado;1.2;3.43;462.0;7.6;4.4;2.0;10.0;2.0;unknown;4
69474.0;8480000694744;Ensalada queso de cabra;Ensalada preparada;;2.8;18.3;137.0;4.5;1.4;2.6;8.5;0.8;c;4
3485.0;8412276006044;Naranjas;Cítricos;;5.75;1.15;42.0;0.8;2.0;0.0;8.6;0.0;unknown;{}
52760.0;8402001012129;Bálsamo facial corporal infantil pieles atópicas Deliplus;Aceite y crema;Deliplus;4.4;22.0;;;;;;;;
21594.0;8402001047534;Pizza Kebab con pollo asado Hacendado ultracongelada;Pizzas;Hacendado;2.9;7.25;242.0;10.9;;3.2;4.8;1.2775;unknown;{}
83869.0;8402001042201;Pan de molde semillas y pipas de calabaza Hacendado;Otros panes;Hacendado;1.55;2.67;;;;;;;unknown;{}
82277.0;8423102204008;Panecillo tostado classic Hacendado;Pan tostado;Hacendado;1.15;3.83;;;;;;;;
35643.0;8032804431942;Pasta fusilli sin gluten Felicia;Macarrones, pajaritas y hélices;Felicia;2.05;4.1;341.0;6.3;2.8;0.5;0.3;0.01;b;4
27326.0;5449000000996;Refresco Coca-Cola;Cola clásica;Coca-Cola;0.95;2.88;42.0;0.0;;0.0;10.6;0.0;e;4
52992.0;8402001018572;Caña de hojaldre rellena de crema sabor vainilla Hacendado con cobertura de cacao;Bollería envasada;Hacendado;1.7;6.67;437.0;3.9;2.9;16.0;32.0;0.49;unknown;4
8268.0;5609014019487;Manzanas rojas acidulces;Manzana y pera;;4.21;2.6;;;;;;;;
34924.0;8480000349248;Cocktail fruta deshidratada Hacendado;Cocktails;Hacendado;1.9;9.5;425.0;2.3;5.2;12.0;41.0;0.28;e;4
19859.0;8436542193269;Panela azúcar moreno de caña integral Hacendado;Azúcar;Hacendado;2.05;4.1;376.0;0.0;;0.0;94.0;0.0;e;2
12562.0;7613035268388;Chocolate con leche extrafino Nestlé;Chocolate con leche;Nestlé;1.8;14.4;538.0;6.3;2.0;17.4;57.7;0.13;e;4
59080.0;8480000590800;Chorizo extra pimienta Hacendado finas lonchas;Chorizo;Hacendado;1.85;18.5;315.0;21.0;;9.3;1.4;3.3;e;4
86404.0;8437003894473;Paleta curada lonchas Paletas Marpa;Jamón serrano;Paletas Marpa;2.5;20.83;258.333333333333;29.8333333333333;;;;58.95;unknown;{}
62103.0;8435035301082;Porciones de merluza del Cabo sin piel Hacendado ultracongeladas;Pescado;Hacendado;4.9;9.8;;;;;;;;
24274.0;8436048071955;Sepia faraónica troceada limpia Hacendado congelada;Pescado;Hacendado;5.9;16.39;79.0;18.0;;0.2;0.0;0.3;a;3
18817.0;8480000188175;Salmón al natural Hacendado;Otras conservas de pescado;Hacendado;3.55;14.79;98.0;17.0;0.0;1.4;0.5;0.75;a;3
87177.0;8480000871770;Calamar pequeño limpio patagónico;Sepia, pulpo y calamar;;5.85;19.5;;;;;;;;
21714.0;8402001047817;Refresco cola Hacendado Zero azúcar;Cola zero;Hacendado;2.1;1.06;;;;;;;;
81234.4;2105318812340;Dorada abierta en libro sin cabeza y sin espina;Dorada;;4.75;9.5;;;;;;;;
34170.0;8480000341709;Pimienta blanca molida Hacendado;Pimienta;Hacendado;2.3;32.86;;;;;;;not-applicable;1
12083.0;8402001030796;Pizza carnívora Hacendado;Pizzas refrigeradas;Hacendado;3.4;5.67;260.0;13.1;;5.0;2.9;1.77;unknown;{}
67694.0;8480000676948;Molinillo mix pimientas Hacendado;Pimienta;Hacendado;1.95;39.0;;;;;;;not-applicable;{}
35932.0;8402001011788;Mermelada de arándanos Hacendado;Mermelada;Hacendado;1.95;5.91;88.4321223709368;0.5;;0.1;49.0;0.01;d;4
81649.1;2105300816493;Salmón a rodajas;Salmón;;40.84;10.95;;;;;;;;
50918.0;2105600509187;Queso tierno mezcla Hacendado cortado en cuñitas;Queso tierno;Hacendado;3.82;11.75;;;;;;;;
60243.0;8480000602435;Pechuga de pavo reducido en sal Hacendado finas lonchas;Pavo y otros;Hacendado;2.5;11.11;76.0;16.5;;0.3;1.3;1.3575;a;{}
2873.0;8422930900526;Burger de vacuno;Hamburguesas;;6.2;11.48;;;;;;;;
3202.0;2105432032020;Pomelo;Cítricos;;1.02;3.3;;;;;;;;
81241.3;2105365812416;Lubina sin limpiar;Lubina;;4.62;10.5;;;;;;;;
10721.0;8480000104717;Leche semidesnatada sin lactosa Hacendado;Leche semidesnatada;Hacendado;5.64;0.94;44.0;3.0;;1.0;4.6;0.13;unknown;{}
9887.0;5449000330123;Refresco Coca-Cola Zero azúcar;Cola zero;Coca-Cola;2.7;1.08;;;;;;;;
50545.0;8480000505453;Queso lonchas cremoso de vaca Hacendado;Queso lonchas;Hacendado;2.85;9.5;396.0;19.0;;25.0;0.5;1.2;d;3
61421.0;8402001007774;Patatas prefritas corte fino Hacendado ultracongeladas;Patatas;Hacendado;1.85;1.85;123.0;2.29999995231628;2.70000004768372;0.5;0.5;;unknown;{}
9571.0;8480000095718;Cereales copos de trigo espelta integral Hacendado 0% azúcares añadidos;Cereales integrales y muesli;Hacendado;1.7;4.25;364.0;14.6;8.8;0.2;1.9;0.78;a;3
21711.0;8402001043154;Refresco té zero sabor mango Hacendado;Té;Hacendado;1.0;0.67;;;;;;;;
51181.0;8480000511812;Crema de queso camembert Hacendado;Queso untable;Hacendado;1.8;12.0;218.0;13.0;;12.0;0.0;1.1;d;4
4929.0;8480000049292;Queso precortado de cabra Hacendado;Queso especialidades;Hacendado;2.85;14.25;270.0;14.0;;16.0;1.7;1.2775;d;{}
34188.0;8480000341884;Pipas de calabaza natural Hacendado peladas;Frutos secos;Hacendado;1.7;11.33;582.0;35.3;5.5;8.5;1.6;0.0;a;1
52592.0;8402001013195;Galletas Divertidas chocolate con leche Hacendado;Con chocolate y rellenas;Hacendado;1.8;7.17;493.0;5.5;2.4;6.5;29.0;0.93;unknown;4
13242.0;8402001023262;Ensalada de marisco Listo para Comer;Platos fríos;Listo para Comer;5.5;5.5;211.0;10.2;;;;;unknown;{}
34025.0;8480000340252;Avellana tostada Hacendado 0% sal añadida;Frutos secos;Hacendado;4.3;21.5;710.0;18.0;9.4;5.4;3.0;0.0;a;1
86511.0;8480000865113;Mini burgers vegetales Hacendado con espinacas y zanahoria;Otros;Hacendado;2.4;12.0;233.0;10.7;4.2;1.8;1.7;1.2775;c;4
5598.0;8402001033582;Orégano Hacendado;Hierbas;Hacendado;1.0;40.0;;;;;;;unknown;{}
50613.0;2105600506131;Queso gorgonzola de vaca Hacendado;Queso especialidades;Hacendado;2.09;12.3;;;;;;;;
83560.0;8414897100606;Barra de pan tradicional;Otros panes;;1.28;1.83;252.0;9.5;3.7;0.4;3.0;1.18;c;4
21717.0;8402001042928;Refresco cola Hacendado Zero Zero;Cola zero;Hacendado;0.35;1.06;0.5;0.0;0.0;0.0;0.0;0.02;unknown;{}
60672.0;8402001021466;Infusión quema grasas Hacendado;Infusiones;Hacendado;1.05;35.0;3.0;0.0;0.0;0.0;0.0;0.0;a;4
21697.0;8402001042812;Bebida energética Energy Drink Zero Hacendado;Energético;Hacendado;0.4;1.6;;;;;;;unknown;{}
25258.0;8412610037673;Contramuslos deshuesados y sin piel de pollo certificado alimentado con un 50% de maíz;Pollo;;4.5;9.0;;;;;;;;
15157.0;8402001039980;Hojaldre relleno de crema de cacao Hacendado;Pastelitos surtidos;Hacendado;0.29;5.75;;;;;;;;
65138.0;8480000651389;Caramelos sabor eucalipto y mentol Hacendado 0% azúcares;Caramelos;Hacendado;1.0;11.11;250.0;0.7;0.0;0.0;0.0;0.05;b;4
2855.0;2105100028553;Carcasa de pollo certificado alimentado con un 50% de maíz;Pollo;;2.03;2.7;;;;;;;;
3400.0;2105100034004;Filetes pechuga de pollo corte fino;Pollo;;4.72;8.0;;;;;;;;
13451.0;8480000134516;Cacahuete tostado Hacendado pelado 0% sal añadida;Frutos secos;Hacendado;1.05;5.25;618.0;24.0;8.2;6.0;6.2;0.0;c;1
35221.0;8402001005688;Pimiento rojo y verde Hacendado ultracongelado;Verdura;Hacendado;1.2;2.67;28.0;0.9;1.6;0.1;4.3;0.01;b;{}
8790.0;8402001022579;Bebida de naranja Hacendado sin azúcares añadidos;Naranja;Hacendado;1.05;1.05;22.0;0.32;0.2;;4.0;0.0;d;4
22974.0;8480000229748;Dátiles Medjoul con hueso Hacendado;Fruta desecada;Hacendado;4.1;19.07;284.0;2.0;5.5;0.16;65.5;0.0;c;1
23373.0;8480000233738;Napolitanas con relleno de cacao Hacendado;Bollería envasada;Hacendado;1.8;4.86;441.0;5.6;2.9;12.0;21.0;0.59;e;4
16354.0;8402001050855;Berlina con cobertura de frutos rojos y virutas de chocolate blanco relleno 30% arándanos;Bollería dulce;;1.0;11.11;;;;;;;;
82417.0;8480000824172;Panecillos tostados cereales y semillas Hacendado;Pan tostado;Hacendado;1.3;5.2;425.0;13.8;6.8;1.6;3.8;1.4;c;4
69461.0;8437013139748;Ensalada de pasta;Ensalada preparada;;2.6;10.4;173.0;4.0;0.8;1.5;3.0;0.69;c;4
82117.0;5601560111882;Mini biscotes de trigo Hacendado;Pan tostado;Hacendado;0.76;6.33;;;;;;;a;4
13985.0;8402001036163;Masa fresca pizza Hacendado;Base de pizza;Hacendado;2.1;3.75;270.0;8.6;;0.7;3.6;1.5;c;3
27487.0;8414100306955;Tónica zero Schweppes;Tónica y bitter;Schweppes;5.2;1.97;2.0;0.0;;0.0;0.0;;unknown;{}
50968.0;2105600509682;Queso curado mezcla Hacendado;Queso curado;Hacendado;18.06;11.08;;;;;;;;
13236.0;8402001033209;Pollo teriyaki;Platos calientes;;5.0;5.0;;;;;;;;
26761.0;8402001046063;Medallones de merluza del Cabo Hacendado ultracongelados;Pescado;Hacendado;4.6;9.2;;;;;;;;
29608.0;5449000164957;Bebida isotónica limón Aquarius;Isotónico;Aquarius;2.1;1.4;18.0;0.0;;0.0;4.3;0.05;d;4
60964.0;8480000609649;Pepperoni en lonchas Hacendado;Salchichón;Hacendado;1.6;21.33;423.0;17.0;0.0;14.0;1.0;0.0;d;4
13593.0;8480000135933;Café molido descafeinado Hacendado;Café molido;Hacendado;4.8;9.6;327.0;14.0;52.0;5.5;2.1;0.01;unknown;1
27414.0;5449000131805;Refresco Coca-Cola Zero azúcar;Cola zero;Coca-Cola;0.95;2.88;0.2;0.0;;0.0;0.0;0.02;c;4
14587.0;8480000145871;Surtido de pastas artesanas Hacendado;Galletas surtidas;Hacendado;2.35;4.7;505.0;5.8;1.7;10.0;22.0;0.125;e;4
82656.0;8480000826565;Pan rallado de arroz Hacendado;Pan rallado;Hacendado;2.0;5.71;113.142857142857;2.05714285714286;0.257142857142857;0.257142857142857;0.142857142857143;0.0;c;4
20033.0;8402001048395;Yogur sabor macedonia Hacendado;Yogures de sabores;Hacendado;0.75;1.5;;;;;;;;
13778.0;8480000137784;Relleno para kebab con carne de pollo asado Hacendado ultracongelado;Carne rebozada;Hacendado;3.15;10.5;211.0;22.4;1.6;3.4;1.1;1.9;d;4
58228.0;8480000582287;Jamón de cebo ibérico 50% raza ibérica La Hacienda del Ibérico;Jamón serrano;La Hacienda del Ibérico;4.9;49.0;295.0;36.5;;6.6;0.7;3.5;e;{}
13651.0;8480000136510;Té verde Hacendado;Té;Hacendado;0.75;25.0;133.333333333333;0.375;;0.1;0.5;;unknown;{}
52876.0;8402001016080;Galletas Choco con relleno de crema de cacao Hacendado recubiertas de chocolate con leche;Con chocolate y rellenas;Hacendado;1.7;11.72;513.0;7.0;2.0;15.0;44.0;0.4;e;4
12586.0;8480000125866;99% cacao negro Hacendado;Chocolate negro;Hacendado;2.5;25.0;610.0;15.0;16.0;34.0;1.0;0.19;d;3
11565.0;8402001027956;Pepinillos en vinagre Hacendado;Pepinillos y otros encurtidos;Hacendado;1.45;3.45;15.0;0.9;0.8;0.1;0.5;1.6725;c;3
52411.0;8480000524119;Queso fresco Burgos sin lactosa Hacendado;Queso fresco;Hacendado;1.9;7.6;149.0;10.3;;7.3;3.3;0.9;c;{}
6145.0;8480000061454;Pasta fresca girasoles rellena de quesos Hacendado;Pasta rellena;Hacendado;1.9;7.6;274.0;10.0;2.2;5.3;6.7;1.1;d;4
21199.0;8480000211996;Yogur sabor fresa Hacendado 0% MG 0% azúcares añadidos;Yogures desnatados;Hacendado;0.9;1.8;35.0;4.3;;0.0;4.4;0.13;a;4
54209.0;8480000542090;Chorizo dulce extra Hacendado;Chorizo;Hacendado;2.49;8.89;443.0;25.0;;14.2;0.2;3.1;e;3
86118.0;8414100339007;Tónica original Schweppes;Tónica y bitter;Schweppes;1.1;5.5;11.0;0.0;0.0;0.0;2.4;0.0;c;{}
15628.0;8421395357500;Jamón serrano gran reserva Costa Brava sin aditivos lonchas;Jamón serrano;Costa Brava;2.3;25.56;290.0;35.0;;5.0;0.5;5.0;e;3
13233.0;8402001001956;Surtido sushi Bento pequeño;Platos fríos;;6.75;6.75;157.0;7.0;;1.4;3.3;1.77;unknown;{}
21235.0;2105100212358;Lagrimitas de pollo al limón empanadas sin gluten;Pollo;;3.44;8.4;;;;;;;;
33053.0;8402001000737;Aceitunas verdes sin hueso Hacendado;Aceitunas verdes;Hacendado;2.8;3.35;142.0;1.2;;2.4;0.0;4.0;unknown;{}
2185.0;8411713212185;Oreja de cerdo cocida adobada Rogusa;Empanados y elaborados;Rogusa;4.6;9.2;234.0;22.4;0.0;5.3;0.4;1.3;d;{}
87342.0;8437007415612;Filetes de trucha Arco iris;Trucha;;3.28;14.5;;;;;;;;
11551.0;8402001028656;Salsa Light Hacendado;Mayonesa;Hacendado;1.35;2.76;294.0;0.7;;4.8;3.5;2.065;d;4
68037.0;8423098031077;Hierbabuena;Hierbas aromáticas;;1.35;33.75;;;;;;;;
61368.0;8480000613684;Espinacas a la crema Hacendado ultracongeladas;Verdura;Hacendado;2.25;5.0;67.0;2.9;1.7;2.5;2.2;0.4925;c;3
22177.0;8402001049828;Combinado de aperitivos Hacendado;Snacks;Hacendado;1.6;8.0;;;;;;;;
64445.0;8480000644459;Helado de turrón Hacendado;Tarrinas;Hacendado;2.95;5.9;282.0;6.2;;6.2;27.0;0.2;d;4
4570.0;2105100045703;Solomillo de cerdo;Cerdo;;4.29;7.8;;;;;;;;
50941.0;8480000509413;Queso semicurado sin lactosa mezcla Hacendado;Queso semicurado;Hacendado;5.63;13.1;;;;;;;;
50385.0;2105600503857;Queso lonchas tierno mezcla Entrepinares;Queso lonchas;Entrepinares;2.49;9.95;;;;;;;;
13234.0;8402001002748;Surtido sushi Bento mix;Platos fríos;;8.75;8.75;175.0;4.9;;1.4;4.4;1.9;d;4
70711.0;8480000707116;Tarta helada sabor nata y chocolate Hacendado;Barras de helado y barquillos;Hacendado;2.05;2.05;251.0;3.2;0.8;11.9;25.0;0.12;e;4
33640.0;8480000336408;Nachos Hacendado;Snacks;Hacendado;0.9;6.0;488.0;8.2;6.3;2.3;3.1;0.5;c;3
4072.0;2105100040722;Paletilla de lechal entera congelada;Carne congelada;;17.55;27.0;;;;;;;;
59164.0;8410783332090;Jamón cocido braseado Noel lonchas;Jamón cocido;Noel;2.25;11.25;126.0;18.0;;1.8;0.5;2.1;d;4
81234.1;2105318812340;Dorada limpia con cabeza;Dorada;;4.75;9.5;;;;;;;;
68137.0;8480000681379;Natillas sabor vainilla Hacendado;Natillas;Hacendado;1.05;2.1;127.0;3.8;;3.1;15.3;0.18;c;4
20846.0;8402001017698;Margarina Hacendado;Margarina;Hacendado;1.5;3.0;;;;;;;unknown;{}
22189.0;8480000221896;Papilla fruta variada Hacendado +4 meses;Tarritos de fruta;Hacendado;2.85;5.48;65.0;0.7;1.0;0.0;13.0;0.0;not-applicable;1
13299.0;8402001028311;Pañales bebé talla 4 de 10-15 kg Deliplus;Pañal talla de 4 a XL;Deliplus;16.95;0.17;;;;;;;;
60384.0;8402001025082;Golosinas Mix azúcar Hacendado;Golosinas;Hacendado;1.6;5.33;333.0;4.5;0.2;;66.0;0.1975;e;4
52751.0;8402001015205;Cereales avena Crunchy Hacendado de cacao;Cereales integrales y muesli;Hacendado;2.15;5.38;389.0;13.0;11.0;1.6;9.0;0.18;a;4
68124.0;8410500015787;Danonino sabor fresa Danone;Yogures y postres infantiles;Danone;1.7;5.67;88.0;5.9;;1.5;9.9;0.09;b;4
11511.0;8436021419484;Carne de cerdo Pulled Pork Hacendado sabor barbacoa;Carne;Hacendado;2.5;12.5;194.0;21.0;;2.4;3.6;0.885;c;4
86610.1;8480000866103;Barra de pan espiga;Barra de pan;;1.05;2.63;;;;;;;;
15289.0;8402001041303;Galletas con avena y semillas Hacendado;Galletas integrales y digestive;Hacendado;1.25;6.25;447.761194029851;7.1;9.5;1.6;15.0;0.55;c;4
25461.0;8412610037659;Jamoncitos de pollo certificado alimentado con un 50% de maíz;Pollo;;4.33;5.1;;;;;;;;
22966.0;8480000229663;Cereales copos de maíz Corn Flakes Hacendado 0% azúcares añadidos;Cereales;Hacendado;1.5;3.0;373.333333333333;6.7;4.4;0.4;0.9;1.0;c;3
39903.0;8480000399038;Salmorejo al estilo cordobés Hacendado;Gazpacho y salmorejo;Hacendado;2.65;2.68;85.0;1.1;;0.9;2.7;0.8;b;3
60128.0;8480000601285;Media tortilla de patata con calabacín Listo para Comer;Platos calientes;Listo para Comer;4.75;7.31;;;;;;;;
27184.0;5449000233011;Refresco Coca-Cola light;Cola zero;Coca-Cola;7.38;2.48;;;;;;;unknown;{}
14132.0;8480000141323;Galletas María dorada Hacendado;Galletas desayuno;Hacendado;1.35;1.69;443.0;7.0;2.2;1.4;20.0;0.9825;d;4
16012.0;8480000160126;Tomate tamizado sin piel Hacendado;Tomate;Hacendado;0.9;2.31;35.0;1.4;;0.0;3.8;0.1;a;1
13943.0;8402001035340;Pizza Truffata con queso, champiñones y trufa Hacendado ultracongelada;Pizzas;Hacendado;2.9;7.25;285.0;11.8;;7.1;3.2;1.5725;d;{}
82380.2;2105945823801;Pan campeón del mundo rebanado;Pan rebanado;;2.0;2.67;;;;;;;;
27426.0;5449000133342;Refresco Coca-Cola Zero azúcar;Cola zero;Coca-Cola;9.96;2.52;0.2;0.0;;0.0;0.0;0.02;c;4
90933.0;8480000909336;Mantequilla light Hacendado;Mantequilla;Hacendado;2.15;8.6;384.0;1.8;;24.4;;0.00325;unknown;{}
69938.0;8430543025611;Tomate rallado;Tomate;;1.45;5.0;18.0;0.5;1.2;0.1;0.8;0.5;a;1
21596.1;8402001047701;Barra pan integral de espelta 100%;Barra de pan;;1.25;5.0;;;;;;;;
52563.0;8402001010255;Helado capuccino Hacendado con sirope de café;Tarrinas;Hacendado;3.25;3.42;223.709369024857;2.8;;;;0.1675;unknown;{}
70741.0;8402001048555;Edulcorante líquido sacarina Hacendado;Edulcorante y otros;Hacendado;0.85;5.67;;;;;;;;
62050.0;8436542057035;Lomo de bacalao MareDeus ultracongelado;Pescado;MareDeus;9.41;24.5;;;;;;;;
20629.0;8480000206299;Bebida láctea de piña y coco Hacendado;Yogures líquidos;Hacendado;1.3;1.3;76.0;2.3;;1.4;11.7;0.12;e;4
7325.0;8402001013911;Caldo de pescado Hacendado;Caldo líquido;Hacendado;0.95;0.95;3.0;0.5;0.5;0.1;0.5;0.9;c;{}
69653.0;2105400696537;Setas;Setas y champiñones;;2.05;8.2;;;;;;;;
73331.0;8480000733313;Mix de encurtidos Hacendado;Cóctel y banderillas;Hacendado;2.65;3.96;40.0;1.1;2.1;0.6;0.5;1.75;c;4
18214.0;8480000182142;Sardinillas reducidas en sal en aceite de oliva Hacendado;Sardinas;Hacendado;2.05;11.39;322.0;19.0;;4.8;0.0;0.7;c;3
3454.0;8421610034544;Preparado de carne picada vacuno;Picadas y otros;;10.8;10.8;182.0;17.0;;5.0;0.8;0.3;c;4
22444.0;8402001019906;Bolsita postre lácteo cereales y miel Hacendado +12 meses;Yogures y postres;Hacendado;0.9;9.0;95.0;1.9;;2.4;8.3;0.03;unknown;4
86798.0;8480000867988;Chocolate con leche Fussion Hacendado relleno crema de fresa;Chocolate con leche;Hacendado;1.35;12.27;496.0;3.5;0.9;15.0;58.0;0.01;e;4
18622.0;8480000186225;Mejillones en salsa de vieira Hacendado pequeños;Mejillones;Hacendado;2.0;18.02;172.0;14.0;;1.6;0.7;1.3;c;3
69523.0;3182340121212;Remolacha cocida y pelada;Otras verduras y hortalizas;;1.05;2.33;;;;;;;;
29225.0;7622210972910;Impulsor gasificante en polvo Royal uso alimentario;Levadura y preparado repostería;Royal;2.25;28.13;;;;;;;not-applicable;4
22932.0;8480000229328;Preparado crujiente Hacendado;Pan rallado;Hacendado;1.6;4.0;371.0;8.1;3.8;0.2;3.8;1.5;d;3
14151.0;8410376050332;Galletas con chocolate blanco Hacendado;Con chocolate y rellenas;Hacendado;1.3;5.51;;;;;;;;
24511.0;8480000245113;Lomos de salmón sin piel Hacendado congelado;Pescado;Hacendado;5.95;23.8;223.0;20.0;0.0;2.3;0.0;0.1;a;1
12771.0;8402001022814;Caramelos sabor eucalipto y mentol Hacendado 0% azúcares;Caramelos;Hacendado;1.6;17.2;235.0;0.0;;0.0;0.0;0.133;b;4
22688.0;8480000226884;Galletas Divertidas con cereales Hacendado;Galletas desayuno;Hacendado;1.9;4.62;478.0;5.7;2.5;1.7;20.0;1.1;d;4
9288.0;8410175013903;Papilla verduritas con pollo Hero Solo buenas noches +6 meses;Tarritos salados;Hero Solo;2.85;7.5;69.0;3.0;1.1;0.6;1.6;0.07;not-applicable;3
63629.0;8480000636294;Pizza barbacoa familiar Hacendado;Pizzas refrigeradas;Hacendado;3.4;5.67;250.0;11.9;;3.6;1.3;1.7;d;{}
63151.0;8480000631510;Palitos de merluza a la romana Hacendado ultracongelados;Pescado rebozado;Hacendado;2.75;5.5;193.0;6.8;;0.5;1.5;1.91;d;4
11427.0;8480000114273;Infusión Dormir Hacendado;Infusiones;Hacendado;1.05;35.0;;;;;;;b;4
21329.0;8402001040351;Bífidus con nueces y cereales probióticos Hacendado 0% MG;Bífidus de sabores;Hacendado;1.3;2.6;56.8;4.16;1.68;0.08;5.28;0.142;a;{}
60235.0;8480000602350;2 Baguettes para hornear;Barra de pan;;1.3;4.33;262.0;8.9;2.4;0.2;2.1;1.2;c;3
10379.0;8402001002076;Leche entera Hacendado;Leche entera;Hacendado;5.76;0.96;;;;;;;unknown;{}
13450.0;8480000134509;Picos sin gluten Hacendado;Picos;Hacendado;1.42;14.2;392.0;2.9;2.3;0.4;2.0;2.03;d;4
23217.0;8402001047923;Aceitunas verdes rellenas de anchoa Hacendado;Aceitunas verdes;Hacendado;1.8;5.0;;;;;;;;
35186.0;8402001009044;Salsa fresca Pesto con albahaca Hacendado;Salsas para pasta;Hacendado;1.9;12.67;560.0;4.9;;8.8;1.1;2.4575;e;3
69757.0;8437004621405;Ensalada mezcla brotes tiernos lavada;Lechuga;;1.2;12.0;27.0;1.6;1.8;0.1;0.4;0.0975;a;{}
86598.0;8480000865984;Lasaña de atún Hacendado ultracongelada;Pasta;Hacendado;3.66;6.1;161.0;9.6;;1.7;2.9;0.73;c;4
12782.0;8402001031694;Arroz marinera Hacendado ultracongelado;Arroz;Hacendado;2.2;6.29;113.0;4.28571428571429;0.514285714285714;0.4;0.742857142857143;0.219285714285714;unknown;{}
13803.0;8402001000577;Maxi pan de burger Hacendado;Pan de hamburguesa y wrap;Hacendado;0.85;2.83;270.0;10.0;3.5;0.8;5.5;1.0825;c;4
6344.0;8402001015717;Hélices con vegetales Hacendado;Macarrones, pajaritas y hélices;Hacendado;1.45;1.45;362.0;13.0;4.0;0.3;0.0;0.0;a;1
87163.0;8436550546811;Filete de rodaballo;Rodaballo;;8.25;33.0;;;;;;;;
5124.0;8480000051240;Alubia blanca Hacendado;Alubias;Hacendado;2.45;2.45;292.0;21.4;18.9;0.3;2.3;0.03;a;{}
82352.0;8480000823526;Pan rallado casero Hacendado;Pan rallado;Hacendado;1.0;2.0;357.0;8.78;;0.43;2.68;1.0;a;3
8248.0;8402001021596;Bebida de melocotón Hacendado sin azúcares añadidos;Melocotón;Hacendado;1.5;1.25;27.0;0.5;0.7;0.0;4.6;0.01;d;4
86503.0;8719200234857;Margarina Flora Original;Margarina;Flora;3.19;7.98;531.0;0.5;0.0;12.0;0.5;0.2;c;4
13944.0;8402001035210;Refresco sin gas de naranja Hacendado;Otros refrescos sin gas;Hacendado;1.15;0.77;;;;;;;unknown;4
26019.0;8480000260192;Alubia cocida blanca Hacendado;Alubias;Hacendado;0.75;1.32;83.0;5.8;;0.1;0.8;0.8;b;3
52733.0;8402001015007;Aceitunas negras sin hueso Hacendado;Aceitunas negras;Hacendado;3.0;2.86;;;;;;;unknown;{}
61302.0;8480000613028;Arroz para microondas Hacendado ultracongelado;Arroz;Hacendado;1.9;1.9;126.0;2.69;0.42;0.06;0.0;0.01;a;1
22910.0;8402001001314;Aceitunas verdes rellenas de anchoa Hacendado;Aceitunas verdes;Hacendado;3.0;2.86;150.0;1.6;;2.9;0.5;2.6;d;4
86766.0;8480000867667;Dulce de membrillo taco Hacendado;Conservas fruta;Hacendado;2.1;8.4;288.0;0.4;4.1;0.0;61.0;0.02;d;3
68354.0;8480000683540;Arroz con leche Hacendado;Otros postres;Hacendado;1.3;2.5;138.0;3.1;0.1;2.4;14.7;0.19;c;4
69448.0;8423761000478;Patatas especial para freir;Patata;;3.9;1.95;;;;;;;;
35774.0;8421610357742;Preparado de carne picada pollo;Picadas y otros;;3.95;7.9;144.0;17.0;0.0;2.0;0.5;0.0;a;4
21578.0;8402001047299;Helado golden pecan Hacendado sabor vainilla con trozos de nueces de pecán, salsa dulce de arce y caramelo;Tarrinas;Hacendado;3.25;6.5;258.0;4.0;;;;0.255;unknown;4
51504.0;3073781014129;Queso en porciones mini Babybel;Queso en porciones;Babybel;3.9;24.38;308.0;23.0;;16.0;0.5;1.8;d;3
4883.0;8480000048837;Queso curado mezcla con trufa Hacendado;Queso curado;Hacendado;6.04;22.36;900.0;0.0;;94.5;0.0;0.0;e;2
84597.0;2105900845978;24 Mini saladas surtidas;Bollería salada;;2.8;7.18;325.0;8.89999961853027;;5.69999980926514;4.0;;unknown;{}
9492.0;8480000094926;Muesli Hacendado 50% frutas y frutos secos;Cereales integrales y muesli;Hacendado;2.1;4.2;367.0;6.8;7.8;5.1;26.0;0.11;c;3
34143.0;8480000341433;Cacahuete frito con miel Hacendado;Frutos secos;Hacendado;1.65;8.25;591.0;21.0;6.5;5.6;20.0;0.305;d;4
14283.0;8402001036965;Aguacate en dados Hacendado congelado;Fruta;Hacendado;3.5;7.0;159.0;1.6;6.4;3.0;2.1;;unknown;{}
3418.0;8480000034182;Paraguayo;Otras frutas;;0.46;4.2;;;;;;;;
13237.0;8402001001888;Poke salmón;Platos fríos;;5.5;5.5;141.0;5.0;;0.9;7.1;1.6;unknown;{}
11051.0;8402001031885;Café soluble descafeinado en sobres Hacendado;Café soluble;Hacendado;1.2;60.0;;;;;;;;
2789.0;2105100027891;Contramuslos de pollo deshuesados y sin piel;Pollo;;3.58;6.5;;;;;;;;
69695.0;8436020000027;Ajo negro dientes pelados;Cebolla y ajo;;5.0;58.82;;;;;;;;
64705.0;8480000647054;Granizado de limón Hacendado;Granizados y helados de hielo;Hacendado;2.7;2.25;82.0;0.1;0.0;0.0;19.0;0.02;c;4
65177.0;8402001026355;Chicles jengibre gragea Hacendado;Chicles;Hacendado;1.0;22.22;168.0;;;0.1;0.0;0.02;not-applicable;4
20260.0;8410500001360;Yogur natural Danone;Yogures naturales;Danone;1.99;2.07;60.0;3.3;;1.7;4.3;0.11;b;3
17150.0;8410422005026;Allioli Chovi;Allioli;Chovi;1.55;8.61;749.0;1.2;0.1;10.0;0.0;1.3;e;3
60354.0;8424465810356;Panes integrales 100% fino;Pan de bocadillo;;1.4;8.48;223.0;9.1;;0.4;0.9;1.2;c;4
9298.0;8410175028129;Papilla lentejas con verduritas Hero Solo recetas caseras +8 meses;Tarritos salados;Hero Solo;2.95;7.76;69.0;3.5;2.1;0.6;1.4;0.07;not-applicable;3
69166.0;8414014000079;Patatas;Patata;;4.65;1.55;;;;;;;unknown;{}
26138.0;5000157024671;Alubias con tomate Heinz;Platos de cuchara;Heinz;1.5;3.61;79.0;4.7;3.7;0.1;5.0;0.6;a;4
15633.0;8402001041488;Chocolate con leche Hacendado avellanas troceadas;Chocolate con leche;Hacendado;1.65;11.0;571.428571428571;11.0;3.9;15.0;41.0;0.2;e;4
13404.0;8480000134042;Salteado de pollo Hacendado ultracongelado;Verdura;Hacendado;2.1;4.67;101.0;8.6;1.5;0.3;3.2;0.91;b;4
11925.0;8402001028847;Fruta + leche piña y coco Hacendado sin azúcares añadidos;Fruta + leche;Hacendado;1.25;1.04;18.0;0.3;0.2;0.0;4.0;0.09875;c;{}
23773.0;8480000237736;Chocolate negro 72% de cacao Hacendado;Chocolate negro;Hacendado;1.65;16.5;568.0;10.0;11.0;26.0;27.0;0.03;e;4
69697.0;8437008711812;Ensalada mezcla dúo canónigos y rúcula lavada;Lechuga;;1.45;14.5;26.0;2.1;;0.03;2.3;0.08;a;{}
21605.0;8402001045257;Helado Dochi sabor tarta de la abuela Hacendado con salsa de avellana;Bombones;Hacendado;3.0;13.89;321.0;4.0;0.9;8.6;29.7;0.265;unknown;{}
19740.0;8411131010592;Escamas de sal marina natural Polasal;Sal y bicarbonato;Polasal;2.0;16.0;0.0;0.0;;0.0;0.0;94.2;not-applicable;2
14246.0;8402001036613;Pizza Frankfurt Hacendado;Pizzas refrigeradas;Hacendado;2.9;6.9;254.0;12.7;;5.5;1.8;;unknown;{}
58166.0;2105600581664;Caña de lomo cebo ibérico La Hacienda del ibérico;Lomo y otros;La Hacienda del ibérico;23.75;47.5;;;;;;;;
68131.0;5600234419323;Judía verde plana;Otras verduras y hortalizas;;1.7;4.86;;;;;;;;
68170.0;8003938005842;Tiramisú Hacendado;Otros postres;Hacendado;1.35;7.5;235.0;4.4;1.5;7.3;18.6;0.19;d;{}
19832.0;8402001010545;Azúcar moreno en sobres Hacendado;Azúcar;Hacendado;1.75;5.0;400.0;;;;99.0;;unknown;2
33114.0;8402001001338;Aceitunas verdes sin hueso Hacendado;Aceitunas verdes;Hacendado;1.85;3.52;169.0;1.0;;3.0;0.0;4.5;e;{}
24102.0;8402001033032;Colas de gambón crudo Hacendado congelado;Marisco;Hacendado;6.55;26.2;73.0;16.4;;;;;unknown;{}
69975.0;2105400699750;Tomates pera;Tomate;;1.68;1.6;;;;;;;;
21332.0;8402001040382;Bífidus con piña probióticos Hacendado 0% MG 0% azúcares añadidos;Bífidus de sabores;Hacendado;1.3;2.6;49.0;3.8;;0.0;6.2;;unknown;4
80515.0;8480000805157;Cereales estrellas de maíz Stars Hacendado con miel;Cereales;Hacendado;2.1;5.25;403.0;7.9;5.2;0.6;25.0;0.2;c;4
26101.0;8480000261014;Lentejas a la riojana Hacendado;Platos de cuchara;Hacendado;1.35;3.21;114.0;5.3;2.2;2.0;0.5;0.8;b;3
22996.0;8480000229960;Helado salted caramel Hacendado con salsa de caramelo salado;Tarrinas;Hacendado;3.25;6.5;275.0;3.8;0.0;11.0;27.0;0.4;e;4
22191.0;8480000221919;Papilla frutas con avena Hacendado +8 meses;Tarritos de fruta;Hacendado;2.9;5.58;79.0;1.1;2.6;0.1;12.0;0.01;not-applicable;4
28180.0;5449000096203;Refresco Coca-Cola Zero Zero;Cola zero;Coca-Cola;3.95;0.99;0.2;0.0;;0.0;0.0;0.02;c;4
60587.0;8402001017896;Sopa maravilla Hacendado;Sopa;Hacendado;0.65;7.65;325.0;14.5;3.2;;;;unknown;4
39900.0;8480000399007;Gazpacho fresco Hacendado;Gazpacho y salmorejo;Hacendado;2.65;2.65;75.0;0.6;0.9;1.3;1.5;0.7375;b;3
16313.0;8480000163134;Judías verdes planas Hacendado;Conservas verdura;Hacendado;1.1;1.67;17.0;0.9;1.6;0.0;1.0;0.74;b;{}
3021.0;2105461030219;Manzana Granny Smith;Manzana y pera;;0.46;2.4;;;;;;;;
52728.0;8402001014680;Mayonesa Hacendado;Mayonesa;Hacendado;1.0;4.17;599.0;0.6;;9.7;1.33;1.1;e;4
10066.0;8410014366580;Batido de chocolate ColaCao Energy;Batidos;ColaCao;2.5;3.32;;;;;;;;
4641.0;8480000046413;Aceite de oliva 1º Hacendado;Aceite de oliva;Hacendado;18.75;3.75;822.0;0.0;0.0;13.0;0.0;0.0;b;2
87734.0;8480000877345;Merluza rebozada;Otros;;3.9;16.96;198.0;12.2;0.8;1.14;0.2;1.02;c;4
16334.0;8402001049088;Salteado de verduras asadas Hacendado ultracongeladas;Verdura;Hacendado;1.8;4.0;46.0;1.8;2.9;;;0.03;unknown;{}
2786.0;2105100027860;Solomillos de pollo;Pollo;;3.68;8.0;;;;;;;;
4073.0;2105100040739;Pierna de lechal entera congelada;Carne congelada;;12.17;16.9;;;;;;;;
18729.0;8402001022968;Tacos de pota al ajillo Hacendado;Otras conservas de pescado;Hacendado;3.2;13.33;;;;;;;;
81234.5;2105318812340;Dorada a filetes sin cabeza y sin espina;Dorada;;4.75;9.5;;;;;;;;
21733.0;8402001042836;Gaseosa grande Hacendado;Gaseosa;Hacendado;0.55;0.37;;;;;;;;
86444.0;8402001030253;Lomo embuchado Hacendado lonchas;Lomo y otros;Hacendado;2.55;17.0;199.0;57.0;;2.85;0.75;3.0;e;4
34182.0;8480000341822;Colorante alimentario Hacendado;Colorante y pimentón;Hacendado;0.95;11.18;;;;;;;not-applicable;4
69968.0;2105448699682;Tomate canario;Tomate;;0.35;2.2;;;;;;;;
4740.0;8402001001185;Aceite de oliva virgen extra Hacendado;Aceite de oliva;Hacendado;4.95;4.95;822.0;0.0;;13.0;0.0;;unknown;2
35681.0;8402001021985;Fideos orientales sabor pollo Hacendado;Fideos orientales;Hacendado;0.65;10.0;98.0;2.1;0.7;0.5;1.1;0.7;unknown;4
11931.0;7613036862295;Café en cápsula espresso intenso Dolce Gusto;Cápsulas compatibles Dolce gusto;Dolce Gusto;4.95;0.31;;;;;;;unknown;{}
35707.0;5059319026053;Cereales copos de trigo integral y arroz Special K Classic;Cereales integrales y muesli;Special K;3.25;7.22;392.0;8.0;6.0;0.3;15.0;0.84;c;3
19949.0;8402001043345;Fideos orientales sabor gamba Hacendado;Fideos orientales;Hacendado;0.65;10.0;97.0;2.2;0.7;0.5;0.6;0.002225;b;4
63101.0;8480000631015;Filetes de merluza al huevo Hacendado ultracongelados;Pescado rebozado;Hacendado;5.15;8.58;189.0;11.0;;1.4;0.2;1.16;c;4
39640.0;8480000396402;Bebida de frutas rojas antioxidante Hacendado sin azúcares añadidos;Fruta variada y otros sabores;Hacendado;1.95;1.95;32.0;0.2;0.4;0.0;4.9;0.01;c;4
52311.0;8480000523112;Paté de cerdo con pimienta Hacendado;Paté;Hacendado;1.1;6.88;250.0;11.9;;8.1;1.2;0.0018;d;4
16440.0;5056784900826;Bebida energética Energy Ultra zero Strawberry Monster;Energético;Monster;1.79;3.58;2.0;0.0;0.0;0.0;0.0;0.16;c;4
26000.0;8429386916101;Alubia cocida roja Hacendado;Alubias;Hacendado;1.2;2.11;;;;;;;;
61089.0;8480000610898;Mix frutos rojos Hacendado ultracongeladas;Fruta;Hacendado;1.9;6.33;40.0;0.9;;0.0;5.2;0.0;a;1
63581.0;8480000635815;Pizza jamón y queso Hacendado;Pizzas refrigeradas;Hacendado;2.5;6.02;224.0;14.0;;3.4;1.6;0.00375;c;4
20001.0;8402001007897;Yogur sabores Hacendado;Yogures de sabores;Hacendado;2.4;1.2;82.0;3.6;;1.7;11.4;0.13;c;4
2857.0;2105100028577;Hígados y corazones de pollo;Pollo;;1.2;4.0;;;;;;;;
52668.0;8402001014284;Anacardo tostado 0% sal añadida Hacendado;Frutos secos;Hacendado;2.7;13.5;618.0;21.2;4.5;8.6;8.8;0.01;d;{}
9792.0;8402001025488;Cono de golosinas celebración Hacendado;Golosinas;Hacendado;1.25;1.25;;;;;;;;
52855.0;8402001019845;Postre lácteo sabor coco +Proteínas Hacendado 0% MG 10 g proteínas;Yogures desnatados;Hacendado;1.55;3.23;60.8333333333333;8.3;;0.5;5.2;0.0975;a;4
34194.0;8402001000515;Castañas cocidas y peladas Hacendado;Frutos secos;Hacendado;1.3;13.0;172.0;4.1;6.9;0.2;10.0;0.0;a;1
10282.0;8411700011302;Bebida láctea Omega 3 Puleva con nueces y leche desnatada;Leche desnatada;Puleva;1.95;1.95;50.0;2.8;;0.5;4.4;0.1;c;4
9369.0;8480000093691;Media Hogaza integral de avena, semillas de girasol y sésamo rebanado;Otros panes;;0.95;2.71;250.0;11.3;8.3;0.8;2.6;0.93;a;4
14102.0;8480000141026;Galletas María Hacendado;Galletas desayuno;Hacendado;1.35;1.69;431.0;6.4;4.3;0.9;21.0;0.96;d;4
14706.0;8402001039249;Bebida de soja con calcio y vitaminas sin azúcares añadidos Hacendado;Bebidas vegetales;Hacendado;3.9;0.65;;;;;;;;
34078.0;8480000340788;Pipas girasol tostadas Hacendado gigante aguasal;Frutos secos;Hacendado;1.1;5.5;631.0;30.0;8.1;5.8;4.3;0.03;a;3
69326.0;2105499693264;Berenjena;Otras verduras y hortalizas;;0.56;1.5;;;;;;;;
13053.0;8402001030987;Cheesecake con arándanos Hacendado;Otros postres;Hacendado;1.7;10.63;235.0;3.9;;;;0.365;unknown;{}
12821.0;4007993036524;Helado duo brownie Hacendado sabor vainilla con trozos de bizcocho;Tarrinas;Hacendado;3.35;6.7;395.0;3.2;1.4;16.0;31.0;;unknown;{}
82099.0;8480000820990;Bizcochos Hacendado;Bollería envasada;Hacendado;2.0;6.67;341.0;8.6;1.8;1.5;31.0;1.9;e;4
9040.0;8411700012217;Preparado lácteo crecimiento Peques 3 Puleva;Leche;Peques 3;1.99;1.99;58.0;1.7;;1.2;2.6;0.11;not-applicable;4
18621.0;8402001009792;Mejillones picantes en escabeche Hacendado pequeños;Mejillones;Hacendado;2.0;18.02;201.0;13.0;0.0;1.9;0.5;1.1;c;3
10617.0;8410297112010;Leche entera Asturiana;Leche entera;Asturiana;1.29;1.29;;;;;;;;
61283.0;8480000612830;Judía verde plana Hacendado ultracongelada;Verdura;Hacendado;1.3;1.3;31.0;1.9;2.4;0.0;3.0;0.0;a;1
10801.0;8410297012105;Leche desnatada Asturiana;Leche desnatada;Asturiana;1.13;1.13;34.0;3.2;;0.17;4.7;0.0975;b;1
12753.0;8402001030383;Bebida láctea sabor fresa y plátano +Proteínas Hacendado 0% MG 0% azúcares añadidos 17,4 g proteínas;Yogures líquidos;Hacendado;2.5;2.5;48.4;6.96;;0.24;3.92;0.047;not-applicable;4
12766.0;8402001022821;Caramelos sabor lima Hacendado 0% azúcares;Caramelos;Hacendado;1.6;17.2;233.0;0.0;0.0;0.0;0.0;0.133;b;4
20940.0;8410500017552;Bebida láctea natural Danacol 0% azúcares añadidos 0% MG;Colesterol y otros;Danacol;5.9;5.9;38.0;2.7;;0.1;4.0;0.13;c;4
62179.0;8480000621795;Filetes de merluza del Cabo grandes sin piel Hacendado ultracongelados;Pescado;Hacendado;13.25;13.66;82.0;18.0;0.0;0.3;0.0;0.0;a;{}
11415.0;8480000114150;Infusión Respir Hacendado;Infusiones;Hacendado;1.4;46.67;1.0;0.0;;0.0;0.0;0.0;b;1
14393.0;8410783356430;Jamón cocido extra 50% raza ibérica Noel lonchas;Jamón cocido;Noel;2.85;23.75;147.0;20.0;;;;1.6725;unknown;4
11600.0;8402001028151;Topping de chocolate avellana Hacendado;Decoración;Hacendado;2.5;8.33;584.0;4.9;1.8;4.9;50.0;;unknown;3
64012.0;8480000640123;Helado hielo sorbete con naranja Hacendado;Granizados y helados de hielo;Hacendado;2.1;2.8;89.0;0.0;;0.0;20.0;0.02;c;4
60015.0;8480000600158;Cocktail tostado 0% sal añadida Hacendado;Cocktails;Hacendado;2.8;14.0;621.0;22.5;13.7;7.4;5.7;0.0;c;1
2794.0;2105100027945;Filetes pechuga de pavo;Pavo y otras aves;;5.16;8.75;;;;;;;;
5046.0;8436021416971;Filetes lomo de cerdo adobado familiar;Cerdo;;6.5;6.7;;;;;;;;
22182.0;8402001032684;Bolsita puré plátano, fresa, arándanos y avena Hacendado +8 meses;Tarritos de fruta;Hacendado;0.9;7.5;88.0;1.1;1.1;0.0;11.0;0.01;a;1
10642.0;4000980464010;Café con leche light sin lactosa Hacendado;Bebidas frías;Hacendado;0.75;3.0;;;;;;;;
86390.0;8402001024924;Fruta + leche mediterráneo Hacendado sin azúcares añadidos;Fruta + leche;Hacendado;1.0;1.01;;;;;;;unknown;{}
69744.0;8425779044444;Ensalada mezcla gourmet lavada;Lechuga;;1.1;6.29;21.0;1.5;;0.1;1.9;0.16;a;{}
78132.0;5600846269538;Gasas para bebé no tejidas Deliplus;Accesorios;Deliplus;1.97;0.02;;;;;;;;
51212.0;8480000512123;Queso untar sin lactosa de vaca Hacendado;Queso untable;Hacendado;1.9;9.5;288.0;4.1;;21.0;2.6;0.9;d;4
87211.0;8402001049224;Bacalao al punto de sal descongelado;Bacalao;;9.5;21.1;;;;;;;;
64514.0;8480000645142;Flash popitos Hacendado;Granizados y helados de hielo;Hacendado;1.5;1.5;32.0;0.0;;0.0;8.0;0.05;b;4
3976.0;8436039786349;Burger de pavo y espinacas;Hamburguesas;;2.4;10.0;99.0;15.0;2.9;1.0;0.7;2.4575;d;4
64464.0;8480000644640;Helado menta choco Hacendado con trocitos sabor chocolate;Tarrinas;Hacendado;3.0;6.0;264.0;4.3;;11.0;24.0;0.2;e;4
18552.0;8402001020605;Almejones al natural Hacendado;Berberechos y almejas;Hacendado;1.2;10.81;72.972972972973;9.5;;0.7;0.0;1.5725;c;3
16289.0;8402001048654;Galletas de cacao Caocream Hacendado rellena de crema chocolate;Con chocolate y rellenas;Hacendado;1.0;4.55;465.0;5.4;4.4;7.0;33.0;0.935;unknown;{}
11535.0;8402001027802;Vela de cumpleaños 6 Hacendado;Velas;Hacendado;1.25;1.25;;;;;;;;
13037.0;8402001032592;Cacao soluble Hacendado;Cacao soluble;Hacendado;4.9;4.9;383.0;6.9;7.4;1.6;69.0;0.02;unknown;4
16864.0;8480000168641;Sal fina de mesa Hacendado;Sal y bicarbonato;Hacendado;0.75;2.5;;;;;;;not-applicable;2
23059.0;8480000230591;Pipas girasol tostadas Hacendado 0% sal añadida;Frutos secos;Hacendado;1.3;6.5;636.0;28.7;8.0;6.8;4.0;0.0;a;{}
51208.0;8480000512086;Queso untar de vaca con finas hierbas Hacendado;Queso untable;Hacendado;1.85;9.25;167.0;5.9;;9.2;5.0;1.6;d;4
21734.0;8402001051852;Limonada sin gas light Hacendado;Otros refrescos sin gas;Hacendado;1.6;1.21;;;;;;;;
86913.0;8402001034268;Galletas tostadas Animadas Hacendado;Galletas desayuno;Hacendado;1.8;2.25;462.0;6.8;4.0;;;0.7775;unknown;{}
4911.0;8436009777506;Empanadilla de atún 16%;Bollería salada;;1.3;10.4;;;;;;;;
10730.0;8480000104786;Leche desnatada sin lactosa Hacendado;Leche desnatada;Hacendado;5.46;0.91;34.0;3.1;;0.2;4.7;0.13;unknown;{}
15966.0;8480000159663;Guindillas picantes Hacendado;Pepinillos y otros encurtidos;Hacendado;1.55;5.34;22.0;1.6;1.3;0.0;0.7;0.51;not-applicable;3
20830.0;8480000208309;Postre lácteo cremoso natural edulcorado Hacendado 0% MG 0% azúcares añadidos;Yogures desnatados;Hacendado;1.4;1.87;42.0;4.9;1.9;0.0;5.6;0.16;a;4
13889.0;8480000138897;Garfitos de maíz sabor queso Hacendado;Snacks;Hacendado;0.75;9.38;504.0;5.7;1.9;61.0;3.3;2.4;e;4
61101.0;8480000611017;Ensaladilla Hacendado ultracongelada;Verdura;Hacendado;1.1;1.1;65.0;2.5;2.5;0.0;2.7;0.03;a;1
86597.0;8480000865977;Lasaña a la boloñesa Hacendado ultracongelada;Pasta;Hacendado;3.0;5.0;154.0;8.2;;2.4;3.6;0.73;c;4
82222.0;8437006994002;Piquitos con salvado San Roque;Picos;San Roque;0.9;6.34;378.0;11.5;5.7;1.2;2.4;2.4;d;4
39216.0;8480000392169;Zumo de melocotón y uva Hacendado;Melocotón;Hacendado;1.5;1.25;57.0;0.6;;0.0;12.3;0.0;d;1
3236.0;8414196132360;Limones;Cítricos;;2.85;2.85;29.0;1.1;;0.0;0.0;0.0;a;1
13636.0;8480000136367;Café en cápsula extra forte Hacendado;Cápsulas compatibles Dolce gusto;Hacendado;3.35;0.21;;;;;;;unknown;1
21634.0;8402001046506;Paté de hígado de cerdo sabor intenso Hacendado;Paté;Hacendado;2.0;6.67;;;;;;;;
21760.0;8402001050442;Barritas de cereales avena y cacao Hacendado;Barritas de cereales;Hacendado;1.45;10.36;400.0;7.3;6.6;6.7;25.0;0.3825;unknown;{}
11171.0;8480000111715;Café molido fuerte Hacendado;Café molido;Hacendado;2.5;10.0;314.0;17.0;50.0;4.2;1.3;0.02;unknown;{}
50483.0;8710912054375;Queso tierno bola edam de vaca Holland Corona;Queso tierno;Holland Corona;3.6;7.91;320.0;25.4;;16.7;0.0;13.0;e;4
32316.0;8480000323163;Caramelo líquido Hacendado;Decoración;Hacendado;1.75;5.83;339.0;0.0;;0.0;66.0;0.24;e;4
4491.0;8480000044914;Lasaña de espinacas y requesón Hacendado;Pasta;Hacendado;2.75;7.86;165.0;5.9;1.5;4.4;2.8;0.8;c;3
20593.0;8480000205933;Copa crema de chocolate y nata Hacendado;Otros postres;Hacendado;1.4;3.04;147.0;3.2;;4.8;15.0;0.13;c;4
4040.0;8402001021626;Aceite de girasol refinado 0,2º Hacendado;Otros aceites;Hacendado;1.75;1.75;;;;;;;unknown;2
65008.0;8480000650085;Golosinas Xuxes Top Ten Hacendado;Golosinas;Hacendado;1.25;9.26;354.0;4.3;;0.1;58.0;0.09;e;4
60347.0;8480000603470;Leche condensada Hacendado;Leche condensada y otros;Hacendado;2.1;5.68;;;;;;;unknown;{}
22801.0;8480000228017;Café en cápsula doble espresso Hacendado;Cápsulas compatibles Dolce gusto;Hacendado;3.35;0.21;9.0;17.0;57.0;6.4;1.4;0.04;c;1
82626.0;8710482532303;Crackers integrales de espelta Bachman;Crakers y tartaletas;Bachman;1.65;6.88;440.0;15.0;14.0;1.4;3.8;1.0;c;3
15589.0;8480000155894;Patatas fritas corte ondulado Hacendado;Patatas fritas;Hacendado;1.1;7.33;550.0;5.7;4.6;3.4;0.6;1.2;d;3
34193.0;8480000341938;Pipas girasol naturales Hacendado peladas;Frutos secos;Hacendado;1.15;5.75;602.0;25.8;12.5;5.7;3.8;0.0;a;1
15545.0;8480000155450;Churros Hacendado ultracongelados;Churros;Hacendado;1.5;3.0;151.0;3.6;1.4;0.2;4.4;1.2;c;4
2817.0;2105100028171;Filetes lomo de cerdo cabeza;Cerdo;;4.22;6.3;;;;;;;;
10541.0;8480000105417;Leche semidesnatada Hacendado;Leche semidesnatada;Hacendado;9.0;1.0;46.0;3.1;;1.1;4.8;0.13;b;1
35870.0;8402001012310;Crema de calabacín Hacendado;Cremas y puré;Hacendado;1.7;4.86;36.0;0.3;1.8;0.2;2.5;0.59;a;3
11552.0;8402001028663;Salsa Cocktail Hacendado;Otras salsas;Hacendado;1.5;3.06;425.0;1.0;;6.6;4.33;0.9825;unknown;{}
35475.0;8402001019739;Pañal bañador desechable talla M Deliplus de 11-16 kg;Braguita y otros;Deliplus;5.9;0.49;;;;;;;;
28664.0;5060517883805;Bebida energética energy Monster;Energético;Monster;6.68;3.34;;;;;;;;
60308.0;8402001021039;Crema de verduras Hacendado;Cremas y puré;Hacendado;1.0;2.0;33.0;0.5;0.6;0.2;1.1;0.65;c;4
58293.0;8421384092375;Jamón serrano Incarlopsa;Jamón serrano;Incarlopsa;65.0;9.56;299.0;31.8;;6.8;0.5;3.6;e;{}
10198.0;8480000101983;Helado de nata Hacendado;Tarrinas;Hacendado;2.3;4.6;271.0;2.5;;14.0;18.0;0.1;d;4
50915.0;2105600509156;Queso tierno bajo en sal mezcla Hacendado;Queso tierno;Hacendado;3.87;11.05;;;;;;;;
80980.0;8480000809803;Tsatsiki Hacendado;Hummus y otros;Hacendado;1.9;8.64;196.0;3.7;1.4;7.3;3.0;0.0;c;3
12543.0;8480000125439;Chocolate blanco fundir Hacendado;Chocolate blanco;Hacendado;2.25;11.25;549.0;7.9;0.0;21.0;55.0;0.3;e;4
14215.0;8480000142153;Galletas Digestive manzana & avena Hacendado;Galletas integrales y digestive;Hacendado;1.65;4.3;468.0;7.3;7.4;2.1;20.0;1.0;d;4
24256.0;8427163080014;Tinta de sepia Nortindal congelada;Pescado;Nortindal;2.75;85.94;50.0;7.3;;0.08;0.07;8.3;unknown;{}
33436.0;8402001029523;Cortezas de cerdo fritas sabor barbacoa Hacendado;Snacks;Hacendado;1.4;14.0;632.0;45.0;;16.0;0.0;3.0;unknown;4
68149.0;8437001302246;Flan de huevo Hacendado;Flan;Hacendado;1.6;4.0;;;;;;;;
61251.0;8480000610836;Ajo troceado Hacendado ultracongelado;Verdura;Hacendado;0.95;6.33;98.6666666666667;5.1;;0.4;2.3;0.05;a;{}
14241.0;8480000142412;Barquillos con crema de avellanas Hacendado;Con chocolate y rellenas;Hacendado;1.6;6.4;517.0;6.0;;23.9;38.0;0.36;e;4
10544.0;8480000105448;Leche desnatada Hacendado;Leche desnatada;Hacendado;1.47;0.98;34.0;3.1;;0.2;4.7;0.13;b;1
8791.0;8402001022616;Bebida de naranja Hacendado sin azúcares añadidos;Naranja;Hacendado;1.85;1.54;22.0;0.3;0.2;0.0;4.0;0.0;c;{}
65143.0;8480000651433;Caramelos jengibre y própolis Hacendado 0% azúcares;Caramelos;Hacendado;1.35;15.0;239.0;0.0;;0.2;0.0;0.0;b;4
35849.0;8402001011276;Pan redondo sin gluten Hacendado;Otros panes;Hacendado;1.93;12.06;258.75;1.625;10.0;0.75;2.875;1.228125;c;4
27508.0;5449000004840;Refresco Fanta naranja;Naranja;Fanta;1.85;0.93;19.0;0.0;0.0;0.0;4.5;0.02;d;4
4798.0;8480000047984;Pastel de atún Hacendado;Hummus y otros;Hacendado;2.9;11.15;291.0;9.7;;2.9;1.7;1.03;c;{}
10794.0;8402001001987;Leche semidesnatada Hacendado;Leche semidesnatada;Hacendado;1.64;1.37;46.0;3.1;;1.1;4.8;;unknown;{}
19974.0;8422947520502;Seitán Soria Natural lonchas;Otros;Soria Natural;3.7;12.33;152.0;20.0;2.7;0.2;0.8;0.9;a;4
63514.0;8480000635143;Pizza jamón y queso sin gluten y sin lactosa Hacendado;Pizzas refrigeradas;Hacendado;3.2;7.62;206.739961759082;9.3;;3.7;1.8;1.3775;d;4
10545.0;8480000105455;Leche semidesnatada sin lactosa Hacendado;Leche semidesnatada;Hacendado;9.72;1.08;44.0;3.0;;1.0;4.6;0.13;unknown;{}
16561.0;8402001001710;Espárragos blancos muy gruesos Hacendado enteros;Conservas verdura;Hacendado;2.9;5.37;13.0;1.5;1.3;0.0;0.9;1.0;c;{}
60873.0;8402001029066;Ajo y Perejil Hacendado;Hierbas;Hacendado;1.35;18.24;;;;;;;;
5063.0;8411078010105;Arroz largo Hacendado;Arroz;Hacendado;1.2;1.2;;;;;;;;
86146.0;8402001017117;Patatas fritas extra crujientes Hacendado;Patatas fritas;Hacendado;1.35;9.0;497.0;7.4;5.5;3.3;0.5;1.3;d;3
9034.0;8411700012415;Preparado lácteo con cereales crecimiento Peques 3 Puleva;Leche;Peques 3;1.99;1.99;70.0;2.4;;1.4;4.0;0.1;not-applicable;{}
69850.0;8437008711928;Wraps Texas;Ensalada preparada;;3.1;10.33;795.0;9.2;;2.6;3.0;1.3;c;{}
23579.0;8480000235794;Ketchup Hacendado;Ketchup;Hacendado;1.05;1.75;115.0;1.3;;0.0;20.5;1.8;d;4
21706.0;8402001043086;Bebida energética Zero Katrine Energy drink Hacendado;Energético;Hacendado;1.0;2.0;2.3;;;;;0.22;unknown;{}
13069.0;8402001034114;Patatas fritas onduladas sabor queso de cabra y cebolla caramelizada Hacendado;Patatas fritas;Hacendado;1.2;8.0;525.0;6.1;3.6;3.0;2.4;3.5;e;4
6856.0;8410173072025;Placas para lasaña precocidas El Pavo;Lasaña y canelones;El Pavo;1.65;8.25;360.0;12.0;3.9;0.2;1.5;0.0;a;1
8930.0;8402001024146;Sal rosa del Himalaya Hacendado;Sal y bicarbonato;Hacendado;2.65;2.65;;;;;;;not-applicable;{}
64013.0;8480000640130;Helado hielo con limón Hacendado;Granizados y helados de hielo;Hacendado;2.1;2.8;71.0;0.0;;0.0;15.0;0.05;c;4
82287.0;8423102204084;Pan tostado classic Hacendado;Pan tostado;Hacendado;1.7;3.09;;;;;;;;
82905.0;8480000829054;Palmeritas Hacendado;Bollería envasada;Hacendado;1.55;5.74;526.666666666667;6.3;1.8;17.0;24.0;0.71;e;4
52336.0;8480000523365;Paté de salmón Hacendado;Paté;Hacendado;1.1;6.88;280.0;7.9;;3.4;1.7;2.0;d;4
82732.0;8480000827326;Magdalenas integrales 0% azúcares añadidos Hacendado;Bollería envasada;Hacendado;2.1;7.5;439.0;5.8;3.3;4.7;2.4;0.6;c;4
10376.0;8480000103765;Crema de soja Hacendado;Nata;Hacendado;1.1;5.5;141.0;1.8;0.2;1.6;3.8;0.23;c;4
7927.0;8480000079275;Hojaldre relleno de crema Hacendado sin azúcar añadido;Pastelitos surtidos;Hacendado;0.46;5.75;;;;;;;;
12130.0;8410109000085;Chocolate puro Valor con almendras enteras;Chocolate negro;Valor;4.5;18.0;259.655831739961;9.9;;17.0;36.0;0.06;e;4
28435.0;8410408070307;Bitter Kas sin alcohol;Tónica y bitter;Kas;0.99;3.0;19.0;0.0;0.0;0.0;4.7;0.0;d;4
86632.0;7792710000090;Infusión Yerba Mate Amanda;Infusiones;Amanda;2.85;5.7;176.0;0.6;;0.0;0.0;0.055;unknown;{}
35781.0;8402001010262;Espinaca picada en porciones Hacendado ultracongelada;Verdura;Hacendado;1.3;2.6;27.0;2.9;2.7;0.1;1.5;0.16;a;1
10106.0;8410261640228;Fruta + leche caribe Don Simón sin azúcares añadidos y zero materia grasa;Fruta + leche;Don Simón;1.5;1.25;13.0;0.5;0.0;0.0;2.8;0.1;d;4
52171.0;8480000521712;Bloc foie gras de pato Hacendado;Paté;Hacendado;5.25;52.5;468.0;4.9;;19.0;0.8;0.88;e;3
80782.0;8480000807823;Ensaladilla Delicias del mar Hacendado;Ensaladilla;Hacendado;1.6;6.4;234.0;5.2;;2.1;7.3;1.5;d;{}
29044.0;8402001000690;Refresco de limón Hacendado fresh gas;Limón;Hacendado;0.37;1.12;20.0;0.0;;0.0;4.6;0.0;c;{}
13811.0;8480000138118;Galletas Roditas bañadas con chocolate blanco Hacendado;Con chocolate y rellenas;Hacendado;2.1;7.0;502.0;6.6;1.7;14.0;35.0;0.39;e;4
12471.0;8480000124296;Bombones delicias de avellana Delizze Hacendado;Bombones;Hacendado;4.2;19.44;576.0;8.7;;13.0;34.0;0.258;e;4
86333.0;8402001021428;Gelatina 0% azúcar sabor cereza, cola y sandía Hacendado;Gelatina;Hacendado;0.9;1.5;1.0;0.0;0.0;0.0;0.0;0.14;not-applicable;4
6042.0;2105100060423;Longaniza roja fresca;Embutido;;2.03;7.5;;;;;;;;
5214.0;8480000052148;Garbanzo Hacendado;Garbanzos;Hacendado;2.15;2.15;348.0;18.6;14.4;0.4;6.0;0.1;a;1
23816.0;8402001043611;Mayonesa en sobres individuales Hacendado;Mayonesa;Hacendado;1.4;5.83;599.0;3.5;;85.0;1.0;1.0;unknown;{}
9508.0;8402001011764;Cereales copos de trigo Chocodays Hacendado con chocolate;Cereales;Hacendado;2.0;4.0;372.0;8.0;7.6;1.6;25.0;0.27;c;4
52928.0;8402001017674;Almendra palitos Hacendado;Decoración;Hacendado;1.85;18.5;;;;;;;unknown;{}
50944.0;2105600509446;Queso semicurado mezcla Hacendado cortado en cuñitas;Queso semicurado;Hacendado;4.25;12.5;;;;;;;;
33641.0;8480000336415;Nachos tex-mex sabor queso Hacendado;Snacks;Hacendado;0.95;6.33;514.0;5.4;5.4;3.5;2.6;1.0;c;4
86238.0;8410783409365;Jamón cocido extra cortado a mano Noel sabor ahumado;Jamón cocido;Noel;3.35;13.4;115.0;19.0;;1.2;0.9;1.4;c;4
69912.0;2105404699121;Tomate pera;Tomate;;0.18;1.5;;;;;;;;
69730.0;8414516002090;Espinacas cortadas y lavadas;Otras verduras y hortalizas;;1.3;4.33;;;;;;;;
10050.0;8402001000812;Batido de chocolate Hacendado;Batidos;Hacendado;1.55;1.29;61.0;2.1;;0.5;11.0;0.13;e;4
15691.2;8437016823064;Hogaza de centeno 50% rebanado;Pan rebanado;;1.7;3.4;;;;;;;;
39033.0;8480000390332;Zumo pura naranja Hacendado;Naranja;Hacendado;2.8;2.33;44.0;0.7;;0.0;9.3;0.0;e;{}
3505.2;2105459035059;1/4 Sandía baja en semillas;Melón y sandía;;2.5;1.55;;;;;;;;
82830.1;2105900828308;Barra de pan campesina masa madre;Barra de pan;;0.65;2.6;;;;;;;;
13914.0;8402001034923;Aceitunas verdes rellenas de pimiento asado Hacendado;Aceitunas verdes;Hacendado;1.75;5.0;;;;;;;unknown;{}
84629.0;2105900846296;12 Mini croissants de mantequilla;Bollería dulce;;2.15;8.96;;;;;;;;
16833.0;8480000168337;Combinado frutos secos, frutas desecadas y semillas de calabaza Hacendado;Cocktails;Hacendado;2.6;13.0;494.0;14.4;4.3;3.4;32.7;0.0;d;1
18407.0;8480000184078;Filetes de anchoa en aceite de girasol Hacendado;Salazones;Hacendado;2.1;17.5;172.413793103448;24.0;0.0;1.08;0.0;13.4;e;3
13413.0;8480000134134;Tequeños de queso Hacendado ultracongelados;Verdura rebozada y otros;Hacendado;4.7;9.79;343.0;13.1;1.9;10.8;3.4;1.15;d;3
20727.0;8480000207272;Mantequilla con sal Hacendado;Mantequilla;Hacendado;2.45;9.8;737.0;0.5;;55.0;0.8;1.01;e;2
83202.2;8480000832023;Barra de pan rebanada;Pan rebanado;;0.5;2.0;267.0;8.6;2.1;0.2;2.3;1.475;c;4
39100.0;8410261773278;Néctar de piña La Verja;Piña;La Verja;1.8;1.2;46.0;0.2;0.0;0.0;11.2;0.0;e;{}
53030.0;8480000530301;Salchichas cocidas estilo Viena con queso Hacendado de pollo y cerdo sabor ahumado;Salchichas;Hacendado;1.7;4.25;256.3;14.8;;8.8;0.5;2.2;e;4
6565.0;8005180060204;Tortellini carne Pagani;Pasta rellena;Pagani;1.4;5.6;394.0;14.0;2.1;4.8;1.5;2.7;e;4
86755.0;8480000867551;Mermelada de fresa Hacendado;Mermelada;Hacendado;1.45;3.63;194.0;0.5;;0.0;46.0;0.03;d;4
6048.0;2105100060485;Chorizo oreado;Embutido;;2.48;6.9;;;;;;;;
52776.0;8436569263174;Preparado de carne picada vacuno;Picadas y otros;;5.4;13.5;204.0;19.0;0.0;6.6;0.5;0.4;c;4
8177.0;2308280001785;Manzana roja dulce;Manzana y pera;;0.54;2.7;;;;;;;;
27559.0;5449000169327;Refresco Coca-Cola Zero Zero;Cola zero;Coca-Cola;0.95;2.88;0.3;0.0;0.0;0.0;0.0;0.03;c;4
13046.0;8402001034091;Secreto de cerdo;Cerdo;;4.28;6.2;;;;;;;;
50480.0;8710912054368;Queso tierno maasdam de vaca Holland Corona;Queso tierno;Holland Corona;3.3;8.25;354.0;26.5;;19.0;0.0;1.2;d;3
4711.0;8402001047213;Aceite de oliva virgen Hacendado;Aceite de oliva;Hacendado;12.85;4.28;;;;;;;;
87775.0;8480000877758;Patas de pulpo cocido;Sepia, pulpo y calamar;;10.5;42.0;;;;;;;;
13738.0;8480000137388;Cacahuete +Proteínas en polvo desgrasado Hacendado 14 g proteínas 70% reducido en grasa;Frutos secos;Hacendado;2.75;13.75;416.666666666667;46.7;13.3;1.7;10.0;0.0;not-applicable;1
51236.0;8480000512369;Queso rallado sin lactosa de vaca Hacendado;Queso rallado;Hacendado;1.8;12.0;353.0;24.0;;19.0;0.1;1.77;d;3
82585.0;8002190020204;Galletas saladas salpicks Galbusera;Crakers y tartaletas;Galbusera;1.9;4.75;471.0;8.0;2.5;2.1;7.0;2.25;e;4
87350.0;8402001024597;Filetes de Gallineta descongelada;Otros;;6.08;16.0;;;;;;;;
20221.0;8480000202215;Yogur natural edulcorado Hacendado 0% MG 0% azúcares añadidos;Yogures desnatados;Hacendado;1.05;1.4;39.0;4.8;;0.0;4.9;0.15;a;{}
34031.0;8480000340313;Cacahuete tostado Hacendado 0% sal añadida;Frutos secos;Hacendado;1.55;3.88;618.0;24.0;8.2;6.0;6.2;0.0;a;1
15301.0;8402001041945;Dátiles desecados sin hueso Hacendado;Fruta desecada;Hacendado;1.65;6.6;284.416826003824;2.2;7.5;0.0;68.0;0.0;d;{}
84736.0;2105900847361;Bizcocho de chocolate sin gluten y sin lactosa;Bollería dulce;;3.15;10.5;;;;;;;;
12084.0;8402001030239;Chorizo picante extra Hacendado lonchas;Chorizo;Hacendado;2.5;10.42;356.0;21.0;;11.0;2.1;;unknown;{}
13064.0;8402001034435;Gel corporal infantil Deliplus;Champú y jabón;Deliplus;1.8;4.5;;;;;;;;
16046.0;8410972200421;Tomate seco Hacendado en aceite de oliva;Tomate;Hacendado;2.2;11.58;140.0;2.9;;1.3;5.2;1.9;d;{}
11687.0;8411396001557;Empanados de pollo picantes sin gluten;Pollo;;3.1;8.61;209.0;15.6;0.0;2.3;0.5;1.8;d;4
3210.0;2105468032100;Limón;Cítricos;;0.82;3.15;;;;;;;;
8553.0;8480000085535;Salami extra pimienta Hacendado finas lonchas;Salchichón;Hacendado;1.75;17.5;440.0;15.0;;;;3.7375;unknown;{}
58220.0;2105600582203;Panceta salada ibérica La Hacienda del ibérico;Bacón;La Hacienda del ibérico;3.6;10.0;;;;;;;;
73249.0;8480000732491;Barritas de cereales y chocolate blanco Hacendado;Barritas de cereales;Hacendado;1.55;12.2;429.245283018868;5.18867924528302;9.43396226415094;9.90566037735849;25.0;0.520047169811321;d;4
92998.0;8424465915372;Panecillo sin sal añadida;Pan de bocadillo;;0.42;4.94;;;;;;;;
2867.0;8421610028673;Preparado de carne picada cerdo;Picadas y otros;;2.75;5.5;212.0;17.0;;5.0;1.0;0.2;c;{}
64414.0;8480000644138;Helado de leche merengada Hacendado;Tarrinas;Hacendado;2.95;2.95;212.0;2.8;;8.0;22.0;0.16;d;4
21432.0;8402001045929;Pasta de almendra Hacendado;Pastelitos surtidos;Hacendado;0.29;5.75;;;;;;;;
6358.0;8005709104839;Pasta tortiglioni Armando;Macarrones, pajaritas y hélices;Armando;1.4;2.8;354.0;14.0;2.7;0.3;3.2;0.005;a;1
3724.0;2105100037241;Pechugas enteras de pollo;Pollo;;3.33;6.65;108.0;22.0;;0.6;0.0;0.1875;unknown;{}
83203.2;8480000832030;3 Barras de pan rebanadas;Pan rebanado;;1.19;1.59;268.0;8.9;2.9;0.2;2.7;1.6;c;4
20164.0;8480000201645;Postre lácteo natural sin lactosa Hacendado 0% MG 0% azúcares añadidos;Yogures desnatados;Hacendado;1.35;2.7;36.8;4.1;;0.1;4.9;0.1;a;4
86418.0;8402001025334;Batido lácteo sabor chocolate +Proteínas Hacendado 30 g proteínas;Yogures líquidos;Hacendado;1.3;3.94;47.9;9.09;;0.0909090909090909;0.67;0.06;a;4
24200.0;2105300242001;Sepia faraónica limpia Hacendado congelada;Pescado;Hacendado;6.4;16.0;;;;;;;;
27842.0;8402001035258;Refresco sin gas de naranja Hacendado;Otros refrescos sin gas;Hacendado;1.6;1.21;;;;;;;;
86033.0;8480000860330;Mermelada de frambuesa Hacendado;Mermelada;Hacendado;2.4;7.06;188.0;0.7;;0.0;40.0;0.03;d;4
56652.0;8480000566522;Tiras de pechuga pollo al horno Hacendado;Pavo y otros;Hacendado;2.25;16.07;107.0;23.4;;0.4;0.6;1.77;b;4
10161.0;8402001027642;Nata ligera para cocinar Hacendado;Nata;Hacendado;1.55;3.1;168.0;2.6;0.18;10.0;3.7;;unknown;4
8839.0;8402001022807;Burger de cordero al romero;Cordero;;3.5;14.58;176.0;18.4;;5.1;0.5;0.43;c;4
65147.0;8402001035043;Chicles menta suave gragea Hacendado;Chicles;Hacendado;1.0;22.22;;;;;;;;
21810.0;8436541401419;Chuletas de cordero paletilla;Cordero;;7.1;24.5;;;;;;;;
14242.0;8480000142429;Galletas de espelta Hacendado 0% azúcares añadidos;Galletas integrales y digestive;Hacendado;1.25;6.25;422.0;;;;;;unknown;4
52889.0;8410173001018;Placas para canelones El Pavo;Lasaña y canelones;El Pavo;1.35;10.8;360.0;12.0;3.9;0.2;1.5;0.0;a;3
27545.0;5449000120984;Refresco Fanta naranja zero azúcares añadidos;Naranja;Fanta;1.85;0.93;2.8;0.0;0.0;0.0;0.4;0.01;c;4
69275.0;8480000692757;Apio verde;Otras verduras y hortalizas;;1.32;2.0;;;;;;;;
12847.0;8402001034954;Salsa Brasa & Sabor Hacendado;Salsas para carnes;Hacendado;1.6;5.16;454.0;2.1;;5.3;12.0;2.36;unknown;{}
15260.0;8402001011979;Melocotón light Hacendado sin azúcares añadidos;Conservas fruta;Hacendado;1.45;3.63;27.0;0.4;0.5;;4.0;0.02;unknown;4
3453.0;8421610034537;Preparado de carne picada vacuno y cerdo;Picadas y otros;;8.0;8.0;171.0;17.0;;5.0;0.5;0.2;c;4
51111.0;8480000511119;Queso curado y cheddar Hacendado en dados;Queso curado;Hacendado;1.15;9.2;425.0;26.0;;23.0;0.4;1.5;d;3
9333.0;3353157501195;Mini cereales rellenos de leche Hacendado;Cereales;Hacendado;1.95;11.14;431.0;9.7;;5.8;33.0;0.81;e;4
2813.0;2105100028133;Cerdo a tacos;Cerdo;;3.22;5.75;;;;;;;;
2622.0;8436021411211;Burger de pollo;Hamburguesas;;3.95;7.31;148.0;16.0;;2.4;1.4;1.9;d;4
27832.0;8402001014338;Refresco té verde Hacendado;Té;Hacendado;1.0;0.67;20.0;0.0;0.0;0.0;0.0;0.3;c;4
23359.0;8480000233592;Pan de molde blanco natural rústico Hacendado;Pan de molde;Hacendado;1.3;2.36;265.0;9.1;1.2;0.6;3.8;1.1;c;4
8914.0;8402001023354;Cacao soluble instantáneo Hacendado;Cacao soluble;Hacendado;2.8;5.6;383.0;4.8;6.9;1.6;77.0;0.4025;unknown;{}
11178.0;8480000111784;Café molido natural Hacendado;Café molido;Hacendado;4.5;9.0;324.0;17.0;50.0;4.9;1.7;0.0;unknown;{}
19837.0;8402001010552;Azúcar blanco en sobres Hacendado;Azúcar;Hacendado;1.55;4.43;;;;;;;unknown;{}
14378.0;5036034406834;Pan de pita Mission;Pan de hamburguesa y wrap;Mission;2.0;6.67;254.0;9.3;2.6;0.2;3.9;0.7;c;4
23086.2;5603786980051;Barra pan de pueblo rebanada;Pan rebanado;;1.6;2.0;;;;;;;;
61205.0;8480000612052;Alcachofa baby Hacendado ultracongelada;Verdura;Hacendado;3.05;10.17;36.0;3.3;;0.0;1.3;0.24;a;1
9488.0;8480000094889;Cereales copos de trigo integral y arroz Hacendado 0% azúcares añadidos;Cereales integrales y muesli;Hacendado;2.0;4.0;373.0;10.3333333333333;4.66666666666667;0.166666666666667;0.666666666666667;0.6;a;3
21700.0;8402001049002;Bebida isotónica Iso On blue Hacendado;Isotónico;Hacendado;0.7;1.4;21.0;;;;4.9;0.1;unknown;{}
2788.0;2105100027884;Muslos de pollo deshuesados con piel;Pollo;;2.78;5.55;;;;;;;;
21330.0;8402001040368;Bífidus con frutos silvestres probióticos Hacendado 0% MG 0% azúcares añadidos;Bífidus de sabores;Hacendado;1.3;2.6;47.2;4.0;;0.0;5.36;0.00048;a;4
18713.0;8402001013270;Calamar en salsa americana Hacendado;Otras conservas de pescado;Hacendado;2.7;11.25;162.5;12.0;;1.3;3.8;0.0;unknown;4
13298.0;8402001028304;Pañales bebé talla 4 de 9-15 kg Deliplus;Pañal talla de 4 a XL;Deliplus;5.85;0.17;;;;;;;;
21722.0;8402001042942;Refresco de naranja Hacendado Zero azúcar fresh gas;Naranja;Hacendado;0.37;1.12;;;;;;;;
51072.0;8480000510723;Queso fresco mascarpone de vaca Hacendado;Queso fresco;Hacendado;2.75;11.0;482.0;3.0;;36.0;3.8;0.11;d;3
11532.0;8402001027772;Vela de cumpleaños 3 Hacendado;Velas;Hacendado;1.25;1.25;;;;;;;;
80794.0;8480000807946;Tabulé oriental Hacendado;Hummus y otros;Hacendado;1.7;6.8;167.4;3.9;1.7;0.63;6.2;0.46;c;4
33235.0;8480000332356;Banderillas picantes Hacendado;Cóctel y banderillas;Hacendado;1.7;4.93;39.0;0.8;0.5;1.0;0.5;1.9;c;4
61289.0;8480000612892;Maíz dulce Hacendado ultracongelado;Verdura;Hacendado;1.24;3.1;78.0;2.9;3.3;0.3;5.5;0.01;b;1
52507.0;8402001013522;Macarrones Mac & Cheese Bacon Hacendado gratinados;Pasta;Hacendado;2.4;8.57;225.357142857143;8.57142857142857;1.0;7.14285714285714;1.89285714285714;1.96696428571429;d;4
13598.0;8402001024412;Nata montada azucarada Hacendado;Nata;Hacendado;1.45;5.8;311.0;1.9;0.0;19.0;14.0;0.086;d;{}
82735.0;8480000827357;Hogaza sin gluten;Otros panes;;2.96;9.87;273.0;3.7;8.0;0.6;3.4;1.1;b;4
6041.0;2105100060416;Longaniza fresca de pollo;Embutido;;3.99;7.25;;;;;;;;
84654.0;2105900846548;Rosquillas al cacao;Bollería dulce;;1.55;8.52;;;;;;;;
82295.0;8480000822956;Pan de molde con 35% avena Hacendado 0% azúcares añadidos con harina 100% integral;Otros panes;Hacendado;1.3;2.83;265.789473684211;13.0;6.1;1.2;1.7;0.99;a;4
10688.0;8402001046889;Bebida de avena con café Hacendado;Bebidas vegetales;Hacendado;0.9;3.6;47.0;1.2;0.5;0.2;4.9;0.13;c;4
60573.0;8402001018756;Pimentón dulce Hacendado;Colorante y pimentón;Hacendado;1.3;17.33;;;;;;;not-applicable;{}
11918.0;7613036562874;Café en cápsula ristretto napoli Dolce Gusto;Cápsulas compatibles Dolce gusto;Dolce Gusto;4.95;0.31;;;;;;;unknown;{}
53007.0;8410320127363;Salchichas cocidas estilo Frankfurt Campofrío sabor ahumado;Salchichas;Campofrío;2.45;4.38;141.428571428571;13.0;0.0;5.0;1.3;2.5;d;4
64247.0;8402001009099;Mini helado cucurucho sabor nata Hacendado sin azúcares añadidos;Cucuruchos;Hacendado;3.75;8.45;;;;;;;;
11136.0;3033710038381;Café soluble natural Nescafé classic;Café soluble;Nescafé;8.5;42.5;1.0;0.2;;0.0;0.0;0.0;unknown;{}
39119.0;8480000391193;Bebida de piña Hacendado sin azúcares añadidos;Piña;Hacendado;0.95;0.95;27.0;0.3;0.0;0.0;4.9;0.01;d;4
16022.0;8480000160225;Tomate troceado pelado Hacendado;Tomate;Hacendado;0.8;1.95;31.0;1.1;;0.0;4.8;0.5;a;4
39966.0;8480000399663;Salmorejo fresco Hacendado;Gazpacho y salmorejo;Hacendado;1.25;3.79;134.0;1.5;;1.4;2.1;0.95;c;3
29322.0;8480000293220;Bebida de soja 0% azúcar Hacendado;Bebidas vegetales;Hacendado;4.5;0.75;32.0;3.1;0.5;0.3;0.6;0.1;b;3
24203.0;2105300242032;Tubo de pota Argentina limpio Hacendado congelado;Pescado;Hacendado;1.5;15.0;;;;;;;;
29180.0;8480000291806;Harina semolosa de trigo Hacendado especial para fritos;Harina;Hacendado;1.2;1.2;343.0;10.0;;0.3;2.0;0.01;a;{}
27845.0;5449000205520;Refresco lima limón Sprite;Lima limón;Sprite;0.65;1.97;19.0;0.0;;;4.4;0.04;d;4
60671.0;8402001019777;Infusión Menta Poleo Hacendado;Infusiones;Hacendado;0.75;25.0;3.0;0.0;0.0;0.0;0.0;0.0;a;{}
16040.0;8402001022074;Corazones de alcachofa Hacendado;Conservas verdura;Hacendado;1.8;6.21;32.0;2.0;2.0;;1.0;2.5;unknown;{}
50459.0;8710912029939;Queso lonchas edam de vaca Holland Corona;Queso lonchas;Holland Corona;2.05;6.83;321.0;25.4;;17.0;;1.8675;d;{}
18011.0;8480000180117;Ventresca de atún claro en aceite de oliva Hacendado;Atún;Hacendado;3.3;29.73;205.0;25.0;;2.6;0.5;1.4;c;3
35987.0;5059319023410;Cereales de arroz inflado Choco Krispies Kellogg's con chocolate;Cereales;Kellogg's;3.1;7.38;391.01338;6.3;3.8;0.9;17.0;0.64;c;4
11630.0;8402001025693;Crema de avellanas y cacao Hacendado;Cremas de untar;Hacendado;2.35;5.88;547.0;6.5;3.1;11.0;52.0;0.1275;e;4
64200.0;8480000642004;Super helado sándwich sabor nata Hacendado;Bombones;Hacendado;2.9;3.33;331.0;3.9;1.6;;28.8;1.5725;unknown;4
21776.0;8402001051524;Zumo de naranja Hacendado;Naranja;Hacendado;1.1;3.33;;;;;;;;
52772.0;8402001015120;Cereales copos tostados de trigo integral y arroz Hacendado con chocolate;Cereales integrales y muesli;Hacendado;2.3;5.41;397.0;8.6;9.1;3.9;20.0;0.29;c;4
3651.0;2105400036517;Cerezas;Otras frutas;;4.0;8.0;;;;;;;;
24023.0;8436542052061;Migas de bacalao sin piel MareDeus ultracongeladas;Pescado;MareDeus;6.4;21.33;47.0;14.48;;0.02;1.0;2.0;c;3
11553.0;8700216488495;Pañales bebé talla 1 de 2-5 kg Dodot;Pañal talla de 0 a 3;Dodot;20.95;0.36;;;;;;;;
70744.0;8402001001697;Espárragos blancos delgados Hacendado cortos;Conservas verdura;Hacendado;1.25;6.25;13.0;1.5;1.3;0.0;0.9;1.0;a;3
11172.0;8480000111722;Café molido natural Hacendado;Café molido;Hacendado;2.5;10.0;336.0;17.0;48.0;5.9;1.7;0.03;unknown;{}
26028.0;8480000260284;Alubia cocida blanca Hacendado;Alubias;Hacendado;0.7;2.37;83.0;5.8;;0.1;0.8;0.8;b;3
16463.0;8402001050572;Bolsita puré manzana, mango, frambuesa, plátano y papaya Hacendado +6 meses;Tarritos de fruta;Hacendado;0.9;7.5;;;;;;;unknown;{}
87811.0;3516662870006;Levadura fresca Levital;Levadura y preparado repostería;Levital;0.5;10.0;74.0;16.0;;0.0;0.0;0.0;not-applicable;1
16519.0;8402001001680;Espárragos blancos medianos Hacendado;Conservas verdura;Hacendado;1.5;7.5;15.0;1.5;1.3;0.0;0.9;1.0;a;3
82787.0;8480000827876;Picatostes fritos con ajo Hacendado;Picatostes;Hacendado;0.8;8.0;492.0;8.6;;2.5;1.9;2.43;e;{}
15430.0;8420166510205;Miel de flores Hacendado;Miel;Hacendado;3.1;6.2;;;;;;;;
69338.0;2105487693382;Calabacín verde;Calabacín y pimiento;;0.74;1.85;;;;;;;;
64139.0;8402001035333;Hielo cocktail;Hielo;;1.5;0.75;;;;;;;;
10532.0;8410297113680;Leche desnatada Asturiana;Leche desnatada;Asturiana;6.78;1.13;34.0;3.2;;0.2;4.7;0.1;b;{}
22164.0;8402001031861;Café soluble descafeinado Hacendado;Café soluble;Hacendado;4.4;22.0;304.0;22.0;24.0;0.0;0.0;0.12;b;{}
23050.0;8402001028601;Batido de chocolate 90% leche Hacendado;Batidos;Hacendado;1.45;1.45;68.0;3.5;;0.7;10.0;0.12;d;4
34116.0;8480000341167;Azafrán molido Hacendado;Colorante y pimentón;Hacendado;1.9;4750.0;;;;;;;not-applicable;1
9377.0;8480000093776;Cereales rellenos de chocolate y avellana Hacendado;Cereales;Hacendado;2.0;4.0;429.0;6.2;5.2;2.5;38.0;0.7875;e;4
82938.0;8480000829382;Coulant de chocolate Hacendado;Otros postres;Hacendado;2.2;12.22;384.0;6.5;;9.4;34.7;0.1275;e;4
10599.0;8410297011108;Leche desnatada Asturiana;Leche desnatada;Asturiana;1.73;1.15;34.0;3.2;;0.17;4.7;0.0975;b;1
8243.0;8402001023088;Patatas fritas sabor chili y lima Hacendado;Patatas fritas;Hacendado;1.2;8.0;494.0;6.5;6.1;3.4;2.0;0.885;c;4
35466.0;8402001007972;Postre de soja sabor chocolate Hacendado;Postres de soja;Hacendado;1.55;3.88;109.0;3.4;2.0;0.6;16.0;0.11;c;4
28670.0;5060517883836;Bebida energética Energy Ultra zero Monster;Energético;Monster;6.68;3.34;2.0;0.0;;0.0;0.0;0.2;c;4
35961.0;8402001016547;Papilla tres frutas con yogur Hacendado +8 meses;Tarritos de fruta;Hacendado;2.9;5.58;71.0;1.6;1.1;0.6;7.6;0.098;not-applicable;4
26775.0;8480000267757;Chipirones enharinados Hacendado ultracongelado;Pescado rebozado;Hacendado;4.95;15.23;;;;;;;;
4850.0;8437009466476;Aceite de oliva virgen extra Picual Casa Juncal;Aceite de oliva;Casa Juncal;4.85;9.7;824.0;0.0;0.0;14.0;0.0;0.0;b;2
12073.0;8402001030222;Chorizo Pamplona extra Hacendado lonchas;Chorizo;Hacendado;1.95;8.13;452.0;17.0;;;;;unknown;{}
4487.0;8480000044877;Lasaña boloñesa Hacendado;Pasta;Hacendado;2.75;7.86;143.0;7.4;1.0;3.4;3.5;0.9;c;3
34128.0;8480000341280;Albahaca Hacendado;Hierbas;Hacendado;1.25;62.5;;;;;;;a;1
3839.0;2105400038399;Kiwis amarillos;Fruta tropical;;3.77;6.5;;;;;;;;
68125.0;8410500015794;Danonino sabor fresa y plátano Danone;Yogures y postres infantiles;Danone;1.7;5.67;87.7151051625238;5.9;;1.5;9.9;0.0875;b;4
21979.0;8402001050787;Gelatina sabores mango maracuyá, guayaba y piña coco Hacendado;Gelatina;Hacendado;0.9;1.5;;;;;;;unknown;{}
60588.0;8402001019272;Bebida de mango Hacendado sin azúcares añadidos;Otros sabores;Hacendado;1.25;1.25;30.0;0.3;0.5;0.0;5.7;0.01;b;{}
29625.0;5449000058560;Bebida isotónica limón Aquarius;Isotónico;Aquarius;0.99;3.0;18.0;0.0;;0.0;4.4;0.05;d;4
11530.0;8402001027758;Vela de cumpleaños 1 Hacendado;Velas;Hacendado;1.25;1.25;;;;;;;;
3433.0;2105446034331;Melocotón amarillo;Otras frutas;;1.52;4.9;;;;;;;;
60955.0;8480000609557;Yogur con frutas Hacendado;Yogures de sabores;Hacendado;2.0;2.0;91.0;3.6;;1.8;12.5;0.12;c;4
60690.0;8402001019876;Helado bombón mango blanco Hacendado con salsa de mango;Bombones;Hacendado;3.9;7.22;340.0;3.5;1.1;14.0;35.1;0.12;e;4
5547.0;8480000055477;Tomillo Hacendado;Hierbas;Hacendado;1.05;43.75;;;;;;;unknown;{}
33639.0;8402001026300;Tiras de maíz frito sabor barbacoa Hacendado;Snacks;Hacendado;0.8;5.33;541.0;5.4;4.6;3.9;0.8;1.6725;d;4
16883.0;8480000168832;Crema de cacahuete 100% Hacendado;Cremas de untar;Hacendado;2.65;5.3;606.666666666667;30.0;8.0;6.66666666666667;5.33333333333333;0.0;a;1
29078.0;8480000290786;Refresco de limón Hacendado zero azúcar fresh gas;Limón;Hacendado;0.95;0.48;2.2;0.0;;0.0;0.0;0.03;c;4
10678.0;8480000106780;Leche desnatada +Proteínas & calcio Hacendado;Leche desnatada;Hacendado;1.35;1.35;44.0;6.0;0.0;0.1;4.6;0.13;b;1
52622.0;8402001014055;Aceitunas verdes Picadedos sin hueso Hacendado aliñadas;Aceitunas verdes;Hacendado;3.8;5.35;;;;;;;unknown;{}
21557.0;8402001046414;Bebida láctea natural L-casei 0% MG 0% azúcares añadidos;L-Casei;L-casei;2.6;2.17;27.0;3.0;0.0;0.0;3.5;0.11;a;4
23048.0;8480000230485;Bebida de arroz sin azúcares añadidos Hacendado;Bebidas vegetales;Hacendado;6.3;1.05;38.0;0.4;;0.3;4.6;0.14;c;3
26997.0;5449000096197;Refresco Coca-Cola Zero Zero;Cola zero;Coca-Cola;9.96;2.52;0.2;0.0;;0.0;0.0;0.02;c;4
10530.0;8410297113666;Leche entera Asturiana;Leche entera;Asturiana;7.74;1.29;63.0;3.1;;2.4;4.6;0.1;c;{}
17228.0;3563490016397;Mostaza de Dijon Hacendado;Mostaza;Hacendado;1.25;6.25;149.0;7.2;;0.77;1.8;6.1;e;3
81200.1;2105361812007;Trucha abierta en libro con cabeza;Trucha;;4.13;7.95;;;;;;;;
64000.0;8480000640000;Helado bombón almendrado Hacendado sabor vainilla;Bombones;Hacendado;2.9;4.03;324.0;4.7;;11.3;30.9;0.11;e;4
39403.0;8480000394033;Zumo de manzana Hacendado;Otros sabores;Hacendado;0.8;0.8;44.0;0.1;0.0;0.0;10.5;0.0;d;1
27327.0;8411547001092;Agua mineral grande Solán de Cabras;Agua sin gas;Solán de Cabras;5.34;0.59;;;;;;;a;1
84688.0;2105900846883;6 Croissant rellenos de cacao;Bollería dulce;;1.75;6.36;;;;;;;;
79501.0;8480000221292;Limpiador bebé para biberones y tetinas Deliplus;Biberón;Deliplus;2.9;5.8;;;;;;;;
20154.0;8402001039683;Sticks longaniza de pavo extra Hacendado;Pavo y otros;Hacendado;1.5;30.0;410.0;37.0;;11.0;0.7;3.8;e;4
9058.0;8410175050021;Papilla verduritas con pollo y ternera Hero Solo +6 meses;Tarritos salados;Hero Solo;1.85;7.87;65.0;3.1;1.5;0.5;1.4;0.07;not-applicable;3
20640.0;8402001046384;Bebida láctea sabores L-casei;L-Casei;L-casei;2.25;1.88;;;;;;;unknown;{}
4949.0;2105100049497;Lagarto de cerdo;Cerdo;;4.0;8.0;;;;;;;;
6047.0;2105100060478;Chorizo picante aperitivo;Embutido;;2.59;8.65;;;;;;;;
39902.0;8480000399021;Salmorejo al estilo cordobés Hacendado;Gazpacho y salmorejo;Hacendado;2.2;2.2;85.0;1.1;1.3;0.9;2.7;0.002;a;3
34820.0;8480000348203;Cacahuete frito con sal Hacendado pelado;Frutos secos;Hacendado;0.9;3.6;600.0;23.4;8.2;5.8;4.6;0.8075;b;{}
64424.0;8480000644244;Helado choco cookies Hacendado con sirope y galletas de chocolate;Tarrinas;Hacendado;3.0;6.0;298.0;5.5;2.0;10.0;28.0;0.27;e;{}
52514.0;8411396001359;Filetes solomillos de pollo marinados empanados sin gluten;Pollo;;4.84;8.8;172.0;17.0;;0.9;0.6;1.5;c;{}
65067.0;8402001025747;Chicles menta fuerte gragea Hacendado;Chicles;Hacendado;1.95;19.5;;;;;;;not-applicable;{}
10286.0;3383670000615;Dulce de leche Chimbote;Cremas de untar;Chimbote;2.71;6.3;288.0;7.4;;1.9;56.0;0.35;e;4
65161.0;8402001044281;Chicles hierbabuena gragea Hacendado;Chicles;Hacendado;1.0;22.22;;;;;;;unknown;{}
87313.0;8402001030062;Filete de lubina;Lubina;;4.5;22.5;;;;;;;;
16344.0;8402001049958;Refresco té soluble manzana Hacendado;Té;Hacendado;1.5;41.67;100.0;0.0;0.0;;;0.0;unknown;{}
5220.0;8480000052209;Garbanzo lechoso Andaluz Hacendado;Garbanzos;Hacendado;2.5;2.5;348.0;18.6;14.4;0.4;6.0;0.07;a;{}
52686.0;8402001014512;Sticks vegetales Hacendado;Snacks;Hacendado;1.2;12.0;490.0;3.3;1.8;2.5;2.3;2.3;e;4
34122.0;8480000341228;Clavo en grano Hacendado;Otras especias;Hacendado;1.75;41.67;;;;;;;not-applicable;1
59332.0;8480000593320;Chopped Hacendado;Chopped;Hacendado;2.25;4.5;198.0;12.6;;4.9;1.7;2.0;d;{}
21735.0;8402001051845;Limonada  sin gas light Hacendado;Otros refrescos sin gas;Hacendado;0.4;1.21;;;;;;;;
21807.0;8436541401426;Chuletas de cordero palo y riñonada;Cordero;;8.99;31.0;;;;;;;;
12526.0;8410034075103;Barritas de barquillo Huesitos bañadas de chocolate con leche;Chocolatinas;Huesitos;2.8;14.0;502.0;6.5;;13.0;42.0;0.32;e;4
29606.0;8410973583363;Panceta curada sin corteza La Selva lonchas;Bacón;La Selva;2.65;13.25;488.0;16.0;0.9;17.0;0.8;2.8525;e;{}
50153.0;2105600501532;Queso lonchas de cabra Hacendado;Queso lonchas;Hacendado;3.41;15.5;;;;;;;;
47038.0;8402001028359;Pañal bebé braguita talla L de 12-18 kg Deliplus;Braguita y otros;Deliplus;6.9;0.29;;;;;;;;
61238.0;8480000612380;Espárrago verde troceado Hacendado ultracongelado;Verdura;Hacendado;2.55;8.5;28.0;2.9;1.5;0.1;1.9;2.5e-05;a;1
59158.0;8480000591586;Chorizo de pavo extra Hacendado lonchas;Chorizo;Hacendado;2.8;18.67;252.0;26.0;;4.2;3.3;4.425;e;4
52562.0;8402001010170;Helado stracciatella Hacendado con sirope de chocolate;Tarrinas;Hacendado;3.25;3.42;243.0;3.4;;8.5;31.0;0.19;e;4
35602.0;8445290686879;Papilla 8 cereales con galleta María Nestlé +6 meses;Papillas;Nestlé;5.75;7.93;398.0;12.0;4.5;1.6;21.0;;unknown;{}
32358.0;84100559;Preparado en polvo cuajada azucarada Royal sabor lácteo;Levadura y preparado repostería;Royal;1.45;30.21;76.0;3.3;0.1;2.5;5.9;0.2;b;4
34121.0;8480000341211;Comino en grano Hacendado;Otras especias;Hacendado;1.95;34.82;;;;;;;not-applicable;1
29016.0;8480000290168;Sal de frutas sabor limón Hacendado;Sal y bicarbonato;Hacendado;2.1;8.4;;;;;;;not-applicable;4
10505.0;8410297110740;Leche semidesnatada Asturiana;Leche semidesnatada;Asturiana;10.74;1.19;45.0;3.15;;1.0;4.65;0.1;unknown;{}
58160.0;2105600581602;Chorizo cular ibérico extra La Hacienda del ibérico;Chorizo;La Hacienda del ibérico;9.5;19.0;548.7;26.5;;1.2;0.7;3.7;unknown;4
9355.0;8480000093554;Muesli Crunchy Hacendado con chocolate;Cereales integrales y muesli;Hacendado;2.35;4.7;434.0;8.4;6.0;4.5;24.0;0.43;d;4
24350.0;2105300243503;Filete de salmón rosado salvaje con piel Hacendado ultracongelado;Pescado;Hacendado;4.05;13.5;;;;;;;;
69089.0;8414382410005;Cebollas;Cebolla y ajo;;2.0;2.0;0.0;;;;;0.0;unknown;{}
56661.0;8480000566614;Tiras de pechuga de pollo al natural Hacendado;Pavo y otros;Hacendado;2.25;16.07;107.0;23.4;;0.4;0.6;1.77;b;4
9421.0;7613032405601;Leche para lactantes en polvo 1 Nativa Nestlé;Leche en polvo;Nativa;12.95;16.19;496.0;10.9;;2.1;60.1;0.375;not-applicable;4
22476.0;8480000224767;Mermelada de ciruela y kiwi Hacendado;Mermelada;Hacendado;1.7;5.0;188.0;0.0;;0.0;46.0;0.03;d;4
64459.0;8480000644596;Helado 3 sabores Hacendado vainilla, chocolate y fresa;Tarrinas;Hacendado;2.3;2.3;204.0;3.2;;8.4;24.0;0.18;d;4
18102.0;8480000181022;Filetes de bonito del norte en aceite de oliva Hacendado;Bonito;Hacendado;8.1;20.25;364.0;19.0;0.0;5.0;0.0;0.0;b;{}
20931.0;8402001044120;Aperitivo de patata sabor barbacoa Hacendado;Patatas fritas;Hacendado;1.75;10.0;556.0;3.6;3.4;3.5;2.5;0.945;unknown;{}
21584.0;8402001043376;Galletas saladas con semillas y orégano Hacendado;Snacks;Hacendado;1.45;5.8;462.0;8.1;9.0;2.0;6.1;1.9;d;4
29062.0;8480000290625;Chocolate negro 72% de cacao Hacendado con almendras enteras;Chocolate negro;Hacendado;2.75;13.75;578.0;14.0;13.0;20.0;21.0;0.02;d;4
15165.0;8402001037863;Bizcocho Hacendado;Bollería envasada;Hacendado;1.75;6.03;397.0;5.0;2.3;2.3;20.0;0.44;d;{}
35900.0;8402001008870;Salteado de gambas, espárragos verdes, ajos tiernos, champiñón y cebolla Hacendado ultracongelado;Verdura;Hacendado;2.9;6.44;37.5555555555556;3.8;;0.2;1.8;0.4025;b;3
60089.0;8480000600899;Tortilla de patata con cebolla Listo para Comer;Platos calientes;Listo para Comer;8.5;6.54;153.0;5.0;;1.4;1.1;4.9175;e;{}
69173.0;2105427691737;Yuca;Patata;;1.82;3.3;;;;;;;;
69220.0;2105480692207;Coliflor;Repollo y col;;2.07;2.05;;;;;;;;
60698.0;8480000606983;Salchichón ibérico extra La Hacienda del ibérico lonchas;Salchichón;La Hacienda del ibérico;2.3;18.4;492.6;25.6;;17.4;1.5;3.5;e;4
35344.0;8402001007798;Salsa de Queso Hacendado;Otras salsas;Hacendado;1.65;5.89;272.0;4.4;;4.2;3.4;2.58;e;4
82380.1;2105945823801;Pan campeón del mundo;Barra de pan;;2.0;2.67;;;;;;;;
14968.0;8402001041341;Manteca de cerdo Hacendado;Cerdo;Hacendado;2.2;10.0;899.0;0.1;;39.0;;0.0975;unknown;{}
23289.0;8480000232892;Migas Hacendado;Carne;Hacendado;1.9;8.64;311.0;7.5;;4.5;1.9;1.8;d;4
82070.0;5601560111905;Mini tostadas de trigo Hacendado extra finas;Pan tostado;Hacendado;1.32;13.2;384.0;11.8;3.9;1.3;3.2;2.1;d;4
52639.0;8402001014574;Bebida de avena Hacendado 0% azúcar;Bebidas vegetales;Hacendado;4.5;0.75;35.0;0.7;0.5;0.2;0.0;0.1;a;4
3050.0;2105486030508;Mango;Fruta tropical;;1.8;2.9;;;;;;;;
62502.0;8480000625021;Palitos de surimi Hacendado;Surimi y otros;Hacendado;2.0;4.35;90.0;7.9;0.9;0.2;3.5;1.53;c;4
33136.0;8480000331366;Altramuces Hacendado;Pepinillos y otros encurtidos;Hacendado;1.75;2.54;105.0;12.0;3.8;0.3;0.0;3.5;d;3
21775.0;8402001051548;Shot jengibre, manzana y limón Hacendado;Smoothie;Hacendado;2.0;16.0;43.0;0.0;;;9.4;0.01;unknown;{}
11049.0;8402001031878;Café soluble classic en sobres Hacendado;Café soluble;Hacendado;1.1;55.0;;;;;;;unknown;{}
2785.0;2105100027853;Alas partidas de pollo;Pollo;;3.0;5.0;;;;;;;;
34043.0;8480000340436;Pipas girasol barbacoa Hacendado;Frutos secos;Hacendado;1.35;6.75;622.0;31.5;8.2;6.5;3.0;2.8;d;4
84900.0;8480000849007;Magdalenas con pepitas de chocolate;Bollería dulce;;3.1;8.16;432.0;5.8;1.6;5.2;29.0;0.7175;e;4
11690.0;5449000332110;Refresco té sabor limón Fuze Tea;Té;Fuze Tea;6.8;2.58;;;;;;;;
16315.0;8480000163158;Judías verdes redondas Hacendado;Conservas verdura;Hacendado;1.1;1.67;17.0;0.9;1.6;0.0;1.0;0.74;a;3
13787.0;8402001000607;Bacalao ahumado Hacendado en aceite de girasol;Ahumados;Hacendado;4.3;39.09;253.0;17.0;;3.1;0.5;2.5;d;3
15648.0;8480000156488;Bebida de almendras con calcio Hacendado;Bebidas vegetales;Hacendado;1.1;1.1;36.0;0.7;0.5;0.5;3.5;0.08;c;4
33642.0;8480000336422;Cuquitos sabor queso Hacendado;Snacks;Hacendado;0.85;8.5;522.0;5.0;3.3;3.1;2.2;2.0;d;4
82032.0;8480000820327;Valencianas Hacendado;Bollería envasada;Hacendado;2.5;3.57;445.0;5.7;1.9;2.7;27.0;0.9;d;4
62503.0;8480000625038;Delicias del mar de surimi Hacendado;Surimi y otros;Hacendado;2.0;8.0;54.8;7.4;1.3;0.7;1.9;1.455;c;4
80405.0;8410140063018;Boquerones en vinagre Hacendado en aceite de girasol;Salazones;Hacendado;1.65;20.63;;;;;;;;
39032.0;8480000390325;Zumo pura naranja con pulpa Hacendado;Naranja;Hacendado;1.9;1.9;44.0;0.7;0.8;0.0;9.3;0.0;d;1
6357.0;8005709104952;Pasta fusilli Armando;Macarrones, pajaritas y hélices;Armando;1.4;2.8;354.0;14.0;2.7;0.3;3.2;0.005;a;1
53141.0;8480000531414;Salchichas cocidas estilo Frankfurt Hacendado de pollo y cerdo sabor ahumado;Salchichas;Hacendado;1.8;2.56;201.1;11.5;;4.0;0.5;2.2;d;4
82551.0;3322680009706;Crepes rellenos de chocolate Hacendado;Bollería envasada;Hacendado;1.45;7.55;465.625;6.5625;2.1875;5.0;37.5;0.703125;e;4
18055.0;8480000180551;Atún claro en aceite de girasol Hacendado;Atún;Hacendado;4.2;8.75;251.666666666667;21.0;;2.9;0.5;0.885;b;3
52406.0;8480000524065;Queso fresco Burgos natural Hacendado;Queso fresco;Hacendado;2.05;4.1;157.0;11.0;;7.3;3.7;0.93;c;{}
50945.0;2105600509453;Queso semicurado mezcla Hacendado;Queso semicurado;Hacendado;10.79;9.99;;;;;;;;
67693.0;8480000676931;Molinillo pimienta negra Hacendado;Pimienta;Hacendado;1.85;28.46;;;;;;;not-applicable;1
23037.0;8480000227072;Queso grana padano Hacendado en escamas;Queso curado;Hacendado;2.4;24.0;398.0;33.0;0.0;18.0;0.0;1.5;d;3
51191.0;8480000511911;Queso fresco de vaca Hacendado;Queso fresco;Hacendado;1.6;6.4;168.0;11.8;;7.7;3.2;0.7;c;3
82190.0;8423102203704;Pan tostado con tomate Hacendado;Pan tostado;Hacendado;1.3;7.65;;;;;;;;
20893.0;8402001045165;Arroz de pescado Hacendado;Arroz;Hacendado;4.0;14.29;212.0;6.7;1.0;0.8;2.2;1.6725;unknown;{}
53056.0;8480000530561;Salchichas cocidas Hacendado de pollo y pavo sabor ahumado;Salchichas;Hacendado;1.5;3.75;202.5;13.5;;5.3;0.5;2.0;d;4
7032.0;8480000070326;Caldo de verduras Hacendado;Caldo líquido;Hacendado;0.95;0.95;8.0;0.1;0.0;0.2;0.2;0.7;c;4
14157.0;8480000141576;Galletas rebuenas Hacendado rellenas de chocolate;Con chocolate y rellenas;Hacendado;1.3;2.6;484.615384615385;6.53846153846154;5.0;7.69230769230769;33.4615384615385;0.0;e;4
34173.0;8480000341730;Nuez moscada molida Hacendado;Otras especias;Hacendado;1.65;28.45;;;;;;;not-applicable;{}
19975.0;8402001044250;Patatas fritas onduladas sabor campestre Hacendado;Patatas fritas;Hacendado;1.2;8.0;533.0;6.6;4.8;3.0;4.1;1.5;d;{}
13204.0;8410100025179;Cacao soluble instantáneo Nesquik;Cacao soluble;Nesquik;6.4;6.4;;;;;;;d;4
12524.0;8402001025594;Chocolate negro 85% cacao extrafino y edulcorante Hacendado 0% azúcares añadidos;Chocolate negro;Hacendado;2.3;23.0;583.0;11.0;15.0;32.0;1.0;0.1575;d;4
14313.0;8402001037191;Refresco sin gas de naranja Hacendado;Otros refrescos sin gas;Hacendado;0.4;1.21;;;;;;;unknown;{}
68138.0;8480000681386;Natillas de chocolate con leche Hacendado;Natillas;Hacendado;1.05;2.1;;;;;;;c;4
21696.0;8402001047770;Bebida energética Energy Drink Zero Hacendado;Energético;Hacendado;2.4;1.6;;;;;;;;
83547.0;8402001026508;Pan de molde 12 cereales y semillas Hacendado;Otros panes;Hacendado;1.5;2.21;262.790697674419;10.6976744186047;6.27906976744186;0.930232558139535;3.48837209302326;1.07558139534884;unknown;{}
34811.0;8480000348111;Palomitas caramelo Hacendado;Snacks;Hacendado;1.5;12.5;402.0;4.4;3.7;0.4;54.0;0.57;e;4
5250.0;8480000052506;Zumo de naranja recién exprimido Hacendado;Naranja;Hacendado;1.95;7.8;0.0;;;;;;unknown;{}
69289.0;8402001019258;Jengibre;Hierbas aromáticas;;1.65;8.25;;;;;;;;
29017.0;8437000623175;Preparado para repostería con impulsor incorporado Hacendado;Harina;Hacendado;1.0;1.0;342.0;10.0;;0.4;2.2;1.5;unknown;{}
81416.0;8436025381930;Berberechos;Marisco de concha;;6.2;12.4;;;;;;;;
14637.0;8480000146373;Galletas cookies sin gluten y sin lactosa Hacendado;Con chocolate y rellenas;Hacendado;2.05;10.25;477.0;4.5;1.5;6.5;31.9;1.0;e;4
19846.0;8410014515667;Cacao soluble ColaCao original;Cacao soluble;ColaCao;17.0;7.73;;;;;;;;
21333.0;8480000213334;Bebida láctea sabor fresa +Proteínas Hacendado 0% MG 20 g proteínas;Yogures líquidos;Hacendado;1.15;4.11;50.0;7.14285714285714;;0.25;3.78571428571429;0.0002946428571428;b;{}
18037.0;8480000180377;Atún en salsa de tomate Hacendado;Atún;Hacendado;2.1;8.75;298.076923076923;13.0;0.0;1.7;0.5;0.78;b;3
14141.0;8480000141415;Tortitas de arroz con chocolate blanco sabor yogur Hacendado;Tortitas;Hacendado;1.9;15.83;466.666666666667;7.33333333333333;3.0;12.0;29.0;0.72;e;4
9903.0;8402001026324;Snack de maíz Stars sabor mantequilla Hacendado;Snacks;Hacendado;0.8;10.0;580.0;4.8;1.1;4.6;6.3;1.515;e;4
14173.0;8480000141736;Tartaletas con relleno de fresa Hacendado;Con chocolate y rellenas;Hacendado;1.05;7.0;443.0;4.6;1.8;7.5;36.0;0.48;e;4
22860.0;8402001021459;Caldo de carne Hacendado en pastillas;Caldo en pastillas;Hacendado;0.85;7.08;284.0;12.0;0.5;;;50.255;unknown;{}
61354.0;3270120583159;Gnocchi de pollo y verduras Hacendado ultracongelados;Pasta;Hacendado;3.0;5.0;145.0;6.3;0.0;0.8;6.5;0.91;c;{}
3682.0;2105100036824;Pechugas enteras familiar de pollo;Pollo;;6.84;6.0;;;;;;;;
4079.0;8411396001076;Burger Crunchy Chicken;Hamburguesas;;2.0;8.33;240.0;17.0;0.0;2.5;;1.475;unknown;4
8448.0;8402001020360;Crema de pollo Hacendado con verduras;Cremas y puré;Hacendado;1.0;2.0;47.0;1.0;1.6;1.0;0.2;0.9825;c;4
83664.0;2105900836648;Pastel de crema 65%;Bollería dulce;;0.55;10.0;;;;;;;;
69392.0;8436006184475;Floretas de coliflor para microondas Hacendado;Verduras al vapor;Hacendado;1.6;5.33;27.0;2.2;2.1;0.05;0.51;0.02;unknown;{}
60226.0;8480000602268;Ensaladilla rusa mediana Listo para Comer;Platos fríos;Listo para Comer;6.5;6.5;;;;;;;;
79006.0;8480000790064;Solución fisiológica Deliplus;Accesorios;Deliplus;3.23;0.11;;;;;;;;
23406.0;8480000234063;Café soluble cappuccino Hacendado;Café soluble;Hacendado;2.75;11.0;401.0;5.6;3.1;4.3;63.0;1.45;unknown;4
13848.0;8480000138484;Bebida de avellana y arroz sin azúcares añadidos Hacendado;Bebidas vegetales;Hacendado;1.25;1.25;50.0;0.6;0.4;0.2;3.8;0.08;c;4
81055.3;2105300810552;Corvina a filetes;Corvina;;17.02;11.5;;;;;;;;
14470.0;2303297003555;Peras Conferencia;Manzana y pera;;2.68;2.5;;;;;;;;
69320.0;2105469693201;Pimiento verde freír;Calabacín y pimiento;;0.28;2.5;;;;;;;;
69664.0;8420585151102;Champiñones Portobello;Setas y champiñones;;2.16;7.2;;;;;;;;
86087.0;8480000860873;Postre lácteo con fruta Hacendado 0% MG 0% azúcares añadidos;Yogures desnatados;Hacendado;2.0;2.0;45.0;4.5;;0.0;5.9;0.16;a;4
81241.2;2105365812416;Lubina abierta a la espalda con espinas y con cabeza;Lubina;;4.62;10.5;;;;;;;;
59256.0;8480000592569;Jamón cocido Hacendado lonchas;Jamón cocido;Hacendado;2.25;11.25;102.0;19.0;0.0;0.9;0.9;4.75;e;4
63170.0;8480000631701;Varitas de merluza empanadas Hacendado ultracongeladas;Pescado rebozado;Hacendado;4.25;10.63;194.7;10.0;;1.2;0.0;0.8;b;4
39606.0;8480000396068;Bebida tropical Hacendado sin azúcares añadidos;Fruta variada y otros sabores;Hacendado;1.0;1.0;29.2;0.4;0.4;0.0;5.52;0.012;unknown;4
80450.0;8480000804501;Cocktail rumba Hacendado;Cocktails;Hacendado;1.6;5.33;563.0;21.5;8.1;6.6;5.6;1.0;d;3
17172.0;8480000171726;Allioli Hacendado;Allioli;Hacendado;1.1;5.5;712.0;1.1;0.1;9.5;0.1;1.2;e;3
63593.0;8480000635938;Pizza jamón y queso Hacendado;Pizzas refrigeradas;Hacendado;2.9;6.59;224.0;14.0;;3.4;1.6;0.00375;c;4
13216.0;7613039490266;Cacao soluble instantáneo Nesquik;Cacao soluble;Nesquik;4.05;10.38;;;;;;;d;4
60874.0;8402001002786;Almeja Hacendado congelada;Marisco de concha y otros;Hacendado;1.8;4.0;71.0;10.9;0.1;0.2;0.1;0.7975;unknown;{}
23049.0;8480000230492;Batido de chocolate Hacendado;Batidos;Hacendado;1.3;1.3;60.0;2.1;;0.4;10.0;0.21;e;{}
3277.0;5607761100038;Naranjas;Cítricos;;4.65;1.55;;;;;;;;
9982.0;8402001026676;Bebida láctea de frutas del bosque Hacendado;Yogures líquidos;Hacendado;1.3;1.3;76.0;2.3;;1.3;11.7;0.1175;unknown;4
60652.0;8402001021442;Patatas fritas con carne kebab y salsa Hacendado;Otros;Hacendado;3.5;9.46;186.0;7.0;1.7;2.1;1.0;0.7075;c;4
19812.0;8480000198129;Edulcorante en pastillas stevia Hacendado;Edulcorante y otros;Hacendado;1.85;205.56;12.0;3.0;0.0;0.0;0.0;18.3;not-applicable;4
14031.0;8436039788039;Filetes pechuga de pavo marinados extra tiernos;Pavo y otras aves;;5.1;8.5;;;;;;;;
25182.0;4052485456045;Cuartos traseros de pollo congelados;Carne congelada;;5.7;2.85;183.0;18.0;;3.6;0.0;0.27;a;1
18209.0;8480000182098;Sardinillas en tomate Hacendado;Sardinas;Hacendado;1.65;9.17;152.0;20.0;;2.1;0.8;1.1;b;3
86928.0;8402001047022;Entrecot aguja de cerdo Duroc;Cerdo;;5.12;8.0;;;;;;;;
86215.0;8480000862150;Picos 100% integrales Hacendado;Picos;Hacendado;0.8;3.2;379.0;14.0;11.0;0.8;3.1;2.1;c;3
10414.0;8402001019067;Leche en polvo desnatada Hacendado;Leche desnatada;Hacendado;5.4;7.71;357.0;32.5;;0.7;54.5;1.3;unknown;{}
12893.0;8402001034534;Preparado en polvo gelatina frutos rojos Hacendado 0% azúcares;Levadura y preparado repostería;Hacendado;2.0;68.97;;;;;;;;
28113.0;5449000018861;Refresco Coca-Cola;Cola clásica;Coca-Cola;5.6;2.8;;;;;;;;
22780.0;8480000227805;Crema de queso viejo tostado mezcla Hacendado;Queso untable;Hacendado;1.74;11.6;249.0;13.0;;15.0;2.2;1.8;d;4
27905.0;9002490100070;Bebida energética Red Bull;Energético;Red Bull;1.54;6.16;46.0;0.0;0.0;0.0;11.0;0.1;e;{}
21601.0;8402001048494;Lomo de cerdo cocido Hacendado finas lonchas;Pavo y otros;Hacendado;2.95;6.56;105.0;16.2;;;;;unknown;{}
39946.0;8480000399465;Zumo de piña selección Hacendado;Piña;Hacendado;2.6;2.6;43.0;0.4;0.2;0.0;10.2;0.0;c;1
82699.0;8402001018848;Sobaos Hacendado;Bollería envasada;Hacendado;2.0;4.17;461.365341335334;5.5;2.9;;;0.6;unknown;4
82931.0;8480000829313;Croissant Hacendado;Bollería envasada;Hacendado;1.85;4.3;447.222222222222;7.2;1.2;13.0;9.8;0.61;e;4
21491.0;8402001043185;Mix mini barritas de chocolate Hacendado;Chocolatinas;Hacendado;2.75;13.48;481.0;5.3;2.0;14.0;51.0;0.53;e;4
13847.0;8480000138477;Bebida de coco y arroz sin azúcares añadidos Hacendado;Bebidas vegetales;Hacendado;9.6;1.6;50.0;0.1;0.1;1.3;6.3;0.08;e;4
2777.0;2105100027778;Contramuslos de pollo sin piel;Pollo;;3.4;4.2;;;;;;;;
7878.0;8402001020568;Yogur líquido natural Hacendado con azúcar de caña;Yogures líquidos;Hacendado;2.0;1.67;75.2688172043011;2.04301072705177;0.215053766645411;1.39784941109278;12.3655913978495;0.127;e;{}
31505.0;8402001028229;Huevos medianos M;Huevos;;3.0;0.25;;;;;;;;
11521.0;8402001028885;Postre lácteo Carrot Cake Hacendado con zanahoria;Otros postres;Hacendado;1.7;9.44;235.0;4.1;;9.9;19.1;0.3725;d;{}
3506.0;2105451035064;Melón piel de sapo;Melón y sandía;;4.9;1.65;;;;;;;;
13865.0;8402001000621;Alcachofa troceada Hacendado ultracongelada;Verdura;Hacendado;2.55;6.38;37.0;3.3;0.0054;0.0;1.3;0.24;a;{}
86190.0;8480000861900;Pistacho tostado Hacendado 0% sal añadida;Frutos secos;Hacendado;3.5;14.0;616.0;21.6;11.4;6.5;11.0;0.0;a;1
23560.0;8480000235602;Chipirones rellenos enteros en aceite de girasol Hacendado;Otras conservas de pescado;Hacendado;2.25;19.57;175.0;12.0;;1.3;0.5;1.77;d;{}
13444.0;8480000134448;Mermelada de melocotón monodosis Hacendado;Mermelada;Hacendado;1.5;6.0;197.0;0.5;1.5;;47.4;;unknown;4
80057.0;8480000800572;Sopa de miso;Sopa;;2.25;0.75;110.687022900763;10.2;;0.7;4.7;9.0;unknown;3
10723.0;8411700010015;Bebida láctea crecimiento y desarrollo Puleva Max;Leche Infantil;Puleva;1.79;1.79;58.0;2.6;;1.2;5.3;0.17;not-applicable;4
5044.0;8480000050441;Arroz redondo Hacendado;Arroz;Hacendado;1.2;1.2;344.0;8.2;;0.2;0.5;0.01;b;1
82322.0;8480000823229;Pan de molde blanco sin corteza Hacendado;Pan de molde;Hacendado;1.05;2.33;228.571428571429;8.0;3.0;0.5;5.0;1.1;c;4
25972.0;2105100259728;Medio conejo troceado;Conejo;;5.64;9.4;;;;;;;;
63613.0;8480000636133;Pizza barbacoa Hacendado;Pizzas refrigeradas;Hacendado;2.5;6.02;250.0;11.9;;3.6;1.3;1.7;d;4
13232.0;8402001033162;Surtido sushi Bento grande;Platos fríos;;10.75;10.75;;;;;;;;
52602.0;8402001013843;Pan de burger Brioche Hacendado;Pan de hamburguesa y wrap;Hacendado;1.1;7.33;340.0;11.0666666666667;2.0;2.26666666666667;11.0666666666667;0.853333333333333;d;4
21718.0;8402001051210;Pasta fresca girasoles rellena de tomate frito y queso mozarella Hacendado;Pasta rellena;Hacendado;1.9;7.6;265.0;6.8;2.4;2.3;7.6;1.475;unknown;{}
8044.0;8410300101598;Sopa de pollo Gallina Blanca con fideos finos;Sopa;Gallina Blanca;0.85;11.97;24.0;0.8;0.2;0.1;0.0;0.76;unknown;4
17502.0;8480000175021;Salsa pimienta verde Hacendado;Salsas para carnes;Hacendado;1.25;25.0;382.0;14.0;1.3;7.1;20.1;9.7;e;4
3897.0;2105476038972;Lima;Cítricos;;0.35;4.4;;;;;;;;
34208.0;8718781824402;Cebolla frita crujiente Hacendado;Otras especias;Hacendado;1.15;7.67;393.333333333333;6.0;5.0;21.0;9.0;1.2;e;3
6175.0;150570037606;Pasta fresca gnocchi Hacendado;Pasta rellena;Hacendado;1.0;2.0;;;;;;;;
16812.0;8480000168122;Migas de bonito del norte en aceite de oliva Hacendado;Bonito;Hacendado;2.9;12.08;192.0;25.0;;1.6;0.5;1.2775;b;3
5330.0;8480000053305;Lenteja pardina Hacendado;Lentejas y otros;Hacendado;1.95;1.95;320.0;24.5;9.6;0.2;1.3;0.05;a;1
8778.0;5449000324108;Refresco Fanta naranja zero azúcares añadidos;Naranja;;4.24;1.61;;;;;;;;
11529.0;8402001027741;Vela de cumpleaños 0 Hacendado;Velas;Hacendado;1.25;1.25;;;;;;;;
21721.0;8402001047848;Refresco de naranja Hacendado zero fresh gas;Naranja;Hacendado;2.22;1.12;;;;;;;;
3527.0;2105400035275;Calabaza cacahuete cortada a trozos;Otras verduras y hortalizas;;2.39;4.6;;;;;;;;
63503.0;8480000635037;Pizza romana Hacendado con champiñones salteados;Pizzas refrigeradas;Hacendado;2.9;6.74;212.0;11.7;;3.3;4.0;1.7;d;{}
13930.0;8402001032998;Refresco sin gas Berry Lime Hacendado;Otros refrescos sin gas;Hacendado;1.15;0.77;18.0;0.1;;;;0.01;unknown;{}
16265.0;8410014519917;Crema al cacao y leche con avellanas Nocilla;Cremas de untar;Nocilla;2.95;8.19;;;;;;;;
50985.0;8480000509857;Queso viejo tostado mezcla Hacendado;Queso curado;Hacendado;20.94;13.42;;;;;;;;
67786.0;8402001011474;Callos a la madrileña Hacendado;Platos de cuchara;Hacendado;2.45;6.36;138.0;14.4;;3.2;0.5;0.865;unknown;{}
85795.0;8480000857958;Hojaldre cabello de Ángel Hacendado;Pastelitos surtidos;Hacendado;0.58;5.75;;;;;;;;
34822.0;8402001001659;Palomitas de maíz con sal Hacendado para microondas;Frutos secos;Hacendado;1.1;4.07;;;;;;;unknown;{}
24345.0;2105300243459;Rodaja de emperador Hacendado ultracongelado;Pescado;Hacendado;4.47;14.9;;;;;;;;
3321.0;2105400033219;Uva roja sin semillas;Plátano y uva;;3.0;5.0;;;;;;;;
63432.0;8480000634320;Calamar patagónico pequeño Hacendado ultracongelado;Pescado;Hacendado;5.5;11.0;78.0;16.0;;0.7;;0.6;unknown;{}
51146.0;8002710411147;Queso en polvo grana padano Hacendado;Queso rallado;Hacendado;1.65;16.5;398.0;33.0;;18.0;0.0;1.5;d;3
34923.0;8480000349231;Almendra laminada Hacendado;Decoración;Hacendado;2.15;17.2;604.0;25.8;;3.9;4.2;0.0;c;1
27666.0;8414100306856;Tónica original Schweppes;Tónica y bitter;Schweppes;5.2;1.97;25.0;0.0;;0.0;5.8;0.0;unknown;{}
5020.0;8480000050205;Arroz vaporizado Hacendado;Arroz;Hacendado;1.55;1.55;345.0;7.9;;0.2;0.6;0.0;b;1
11523.0;8402001027376;Velas de cumpleaños Hacendado;Velas;Hacendado;1.4;0.14;;;;;;;;
3235.0;2105456032358;Naranja de mesa;Cítricos;;0.65;2.15;;;;;;;;
81649.5;2105300816493;Salmón media pieza abierto en libro sin cabeza y sin espina;Salmón;;19.93;10.95;;;;;;;;
13042.0;8402001033292;Golosinas Tropical Jelly Hacendado;Golosinas;Hacendado;1.6;5.33;331.0;3.5;;0.3;72.0;0.1;e;4
31010.0;8480000310101;Huevos cocidos;Huevos;;2.2;0.37;121.0;13.0;;0.34;0.4;0.335;a;4
69584.0;2105467695849;Pepino;Pepino y zanahoria;;0.43;1.7;;;;;;;;
28116.0;8007640982941;Gel energético con cafeína Enervit Sport sabor cítricos;Energético;Enervit Sport;3.75;40.76;225.0;1.1;;0.0;37.0;0.23;e;4
80773.0;8480000807731;Tortilla de patata con chorizo Hacendado;Tortilla;Hacendado;3.4;5.67;226.0;7.1;;2.8;2.1;1.2;c;3
39643.0;8480000396433;Néctar de maracuyá Hacendado fruta de la pasión, mango, uva y manzana;Otros sabores;Hacendado;1.5;1.5;63.0;0.5;0.4;0.0;14.4;0.0;e;3
8138.0;8402001010934;Pasta penne rigate Hacendado;Macarrones, pajaritas y hélices;Hacendado;0.8;1.6;361.0;13.0;3.5;0.3;3.6;0.01;a;1
63323.0;8427260028087;Nuggets de pollo Hacendado ultracongelados;Empanados y rebozados congelados;Hacendado;2.5;5.0;228.0;13.1;;1.5;1.5;1.9;d;{}
24291.0;8436048075083;Puntilla de la Índia Hacendado congelada;Pescado;Hacendado;4.7;10.44;61.0;13.0;;0.4;0.0;0.55;a;{}
8308.0;8436569263198;Steak Tartar de vacuno marinado;Vacuno;;5.4;27.0;111.0;16.0;;0.8;1.8;2.8;d;4
52774.0;8402001012365;Café en cápsulas doble espresso Hacendado;Cápsulas compatibles Nespresso;Hacendado;3.8;0.19;1.0;0.0;0.0;0.0;0.0;0.0;unknown;1
21307.0;8402001041006;Bífidus natural probióticos Hacendado;Bífidus naturales;Hacendado;1.2;1.6;70.6;3.8;;2.8;4.4;0.14;b;4
6142.0;8480000061423;Pasta fresca tortellini rellena de carne Hacendado;Pasta rellena;Hacendado;1.9;7.6;267.0;11.0;;2.2;0.7;1.45;d;4
8804.0;8402001022562;Té negro Hacendado;Té;Hacendado;0.85;24.29;57.1428571428572;0.0;0.0;0.0;0.0;0.0;unknown;{}
27406.0;5449000050205;Refresco Coca-Cola light;Cola zero;Coca-Cola;0.85;2.58;0.2;0.0;0.0;0.0;0.0;0.02;c;4
16861.0;8480000168610;Galantina con pistacho y trufa Hacendado finas lonchas;Mortadela;Hacendado;1.85;12.33;179.0;13.0;;5.0;0.5;2.1;d;4
14379.0;8402001037696;Moras;Otras frutas;;2.68;15.75;;;;;;;;
9190.0;8480000091901;Preparado lácteo con cacao y cereales Hacendado +1 año;Leche;Hacendado;2.3;1.92;90.0;2.5;1.0;0.8;6.8;0.1;not-applicable;4
2781.0;2105100027815;Pollo entero;Pollo;;6.65;3.5;;;;;;;;
68322.0;8480000683229;Cuajada Hacendado;Otros postres;Hacendado;1.2;2.4;92.0;5.0;0.0;3.5;6.4;0.16;c;4
39191.0;8480000391919;Zumo de piña Hacendado;Piña;Hacendado;1.75;1.75;50.0;0.5;0.2;0.0;11.3;0.0;d;4
22899.0;8402001034138;Pan Brioche Hacendado;Otros panes;Hacendado;2.35;5.88;337.0;9.2;2.5;5.2;;0.865;unknown;{}
3791.0;8402001053429;Alas partidas de pollo certificado alimentado con un 50% de maíz;Pollo;;3.97;6.2;;;;;;;;
12793.0;8421384151577;Filetes secreto de cerdo;Cerdo;;3.24;6.9;;;;;;;;
37417.0;8480000374172;Cayena molida Hacendado;Otras especias;Hacendado;1.65;30.0;;;;;;;not-applicable;1
64436.0;8480000644367;Helado de cheesecake Hacendado con salsa de fresa;Tarrinas;Hacendado;3.0;6.0;272.0;3.7;;11.0;23.0;0.3;e;4
68116.0;8437001302284;Flan de queso Hacendado;Flan;Hacendado;2.15;5.38;;;;;;;;
67586.0;8480000675866;Ketchup en sobres individuales Hacendado;Ketchup;Hacendado;1.4;5.83;115.0;1.3;;0.0;20.5;1.8;d;4
11691.0;5449000325983;Refresco té sabor limón Fuze Tea;Té;Fuze Tea;0.99;3.0;19.0;0.0;0.0;0.0;4.5;0.03;d;4
63321.0;8402001024382;San Jacobos empanados de york y queso Hacendado ultracongelados;Carne rebozada;Hacendado;1.45;4.14;224.0;5.71428571428571;1.25714285714286;1.71428571428571;3.77142857142857;1.46;d;4
23632.0;8436000461732;Albóndigas de pollo;Picadas y otros;;5.8;6.9;167.0;17.9;1.6;3.4;0.1;1.2;c;4
4241.0;8402001027482;Aceite de oliva 0,4º Hacendado;Aceite de oliva;Hacendado;18.75;3.75;;;;;;;;
20273.0;8402001044052;Jamón cocido extrafino Hacendado lonchas;Jamón cocido;Hacendado;2.5;16.67;102.0;;;;;;unknown;{}
23127.0;8480000231277;Croquetas caprichos de jamón Hacendado ultracongeladas;Carne rebozada;Hacendado;2.75;5.5;161.0;8.0;;3.2;2.3;0.85;c;4
20996.0;8480000209962;Postre lácteo con fresa +Proteínas Hacendado 0% MG 10 g proteínas;Yogures desnatados;Hacendado;1.55;3.23;53.3333333333333;8.3;;0.005;4.6;0.1;a;4
67609.0;8480000676092;Alubia roja Hacendado;Alubias;Hacendado;3.1;3.1;292.0;21.4;18.9;0.3;2.3;0.03;a;{}
11682.0;8402001028953;Queso curado mezcla afrutado Hacendado cortado en cuñitas;Queso curado;Hacendado;4.83;14.65;;;;;;;;
15094.0;8402001011771;Confitura de melocotón Hacendado 0% azúcares añadidos;Confitura y otros;Hacendado;1.6;4.21;40.0;0.0;0.0;0.0;5.1;0.0;b;4
67416.0;8402001045004;Crema al cacao con avellanas Hacendado;Cremas de untar;Hacendado;1.95;3.9;550.0;;;;;;unknown;{}
2179.0;8411713111068;Callos preparados de ternera Rogusa;Empanados y elaborados;Rogusa;4.1;8.2;142.0;16.0;;2.6;0.6;1.5;c;4
52467.0;8402001013218;Salsa Miel y Mostaza Hacendado;Otras salsas;Hacendado;1.45;4.26;158.0;1.3;0.5;0.1;34.0;1.6;d;4
3427.0;2105424034278;Nectarina;Otras frutas;;0.82;4.3;;;;;;;;
52167.0;5413546447287;Mousse de pato Hacendado;Paté;Hacendado;1.9;19.0;;;;;;;;
82098.0;8480000820983;Bocaditos bañados al cacao Hacendado;Bollería envasada;Hacendado;2.25;4.5;461.44578313253;5.3;2.5;11.0;28.0;0.75;e;4
28176.0;5449000226785;Refresco lima limón Sprite;Lima limón;Sprite;4.88;1.85;9.0;0.0;;0.0;2.0;0.0;unknown;{}
50589.0;2350589006503;Queso curado DOP manchego de oveja Hacendado;Queso curado;Hacendado;5.43;20.1;;;;;;;;
52454.0;8402001012655;Masa pizza fresca familiar Hacendado;Base de pizza;Hacendado;1.7;4.25;270.0;8.6;;0.7;3.6;3.75;e;{}
31011.0;8402001023422;Huevos de codorniz;Huevos;;1.85;0.1;154.0;13.1;0.0;3.6;0.5;0.35;a;{}
20852.0;8480000208521;Mantequilla en porciones Hacendado sin sal añadida;Mantequilla;Hacendado;2.05;13.67;743.0;0.5;0.0;56.0;0.8;0.05;e;2
13628.0;8402001031076;Filetes de caballa del sur en aceite de oliva Hacendado;Caballa y melva;Hacendado;2.7;11.25;202.352941176471;18.0;;4.1;0.5;0.89;d;3
22397.0;8480000223975;Panes especiales sabor pizza con queso Hacendado;Rosquilletas;Hacendado;0.85;10.63;493.0;13.0;4.7;5.9;3.4;1.9675;d;4
82786.0;8480000827869;Picatostes fritos Hacendado;Picatostes;Hacendado;0.8;8.0;519.0;8.5;;2.9;1.9;1.63;d;{}
21336.0;8480000213365;Bífidus natural probióticos Hacendado con coco, almendras y chocolate;Bífidus naturales;Hacendado;1.2;6.67;106.0;6.0;;5.5;8.8;0.12;c;{}
39280.0;8480000392800;Néctar de guayaba Hacendado;Otros sabores;Hacendado;1.3;1.3;48.0;0.3;;0.0;10.0;0.0;e;{}
9905.0;8402001026485;Mousse sabor chocolate +Proteínas Hacendado 10 g proteínas;Otros postres;Hacendado;2.55;6.38;74.0;10.0;1.0;1.0;4.0;0.0975;a;4
23225.0;8480000232250;Crema de calabaza y zanahoria Hacendado;Cremas y puré;Hacendado;1.7;4.86;48.0;0.9;1.4;0.4;0.8;0.55;b;4
22281.0;8410184040747;Arroz cocido integral Sabroz;Arroz;Sabroz;1.05;4.2;131.2;3.8;2.8;0.4;0.5;0.295;b;4
22967.0;8402001028618;Batido de chocolate Hacendado 0% sin azúcares añadidos;Batidos;Hacendado;1.85;1.54;44.5;2.2;;0.9;5.5;0.1125;d;4
64509.0;8480000645098;Helado sorbete con limón Hacendado;Tarrinas;Hacendado;2.35;2.35;131.0;0.7;;0.5;23.0;0.07;c;4
82830.2;2105900828308;Barra de pan campesina masa madre rebanada;Pan rebanado;;0.65;2.6;;;;;;;;
17174.0;8402001019944;Preparado de coco Hacendado;Bebidas vegetales;Hacendado;1.4;3.5;165.0;0.5;;15.0;2.5;;unknown;4
52880.0;8402001017193;Canela en rama Hacendado;Otras especias;Hacendado;1.5;78.95;;;;;;;unknown;{}
54105.0;8436012510374;Chorizo de Tarancón Bricio;Chorizo;Bricio;3.05;3.05;417.0;21.1;;13.8;0.7;3.67;e;4
5815.0;8480000058157;Salchichas cocidas de cerdo estilo Bratwurst Hacendado;Salchichas;Hacendado;2.6;7.43;286.857142857143;13.0;7.0;10.0;0.5;2.0;d;4
69840.0;8425779046660;Ensalada mezcla tierna lavada;Lechuga;;1.4;9.33;18.0;1.0;0.6;0.2;0.8;0.1;a;{}
23086.1;5603786980051;Barra pan de pueblo;Barra de pan;;1.6;2.0;;;;;;;;
84663.0;2105900846630;Caracola con pasas 10%;Bollería dulce;;1.0;9.71;;;;;;;;
60550.0;8402001019715;Copa de chocolate y nata +Proteínas Hacendado 12,5 g proteínas;Otros postres;Hacendado;2.55;5.1;84.0;10.0;;1.84;4.0;0.1475;a;4
80895.0;8480000808950;Tortilla de patata y cebolla Hacendado;Tortilla;Hacendado;2.6;4.33;193.0;5.7;;1.7;1.4;1.1;c;3
11672.0;8402001028861;Queso semicurado de oveja Hacendado cortado en cuñitas;Queso semicurado;Hacendado;4.14;14.8;;;;;;;;
26763.0;8402001046094;Rodajas de merluza del Cabo Hacendado ultracongeladas;Pescado;Hacendado;5.95;9.92;;;;;;;;
3498.0;8435137101368;Paraguayos;Otras frutas;;2.4;3.2;;;;;;;;
3727.0;2105100037272;Cuartos traseros de pollo;Pollo;;2.9;3.3;;;;;;;;
14210.0;8480000142108;Galletas avena Hacendado;Galletas integrales y digestive;Hacendado;1.65;4.3;469.0;8.0;8.4;2.0;18.0;0.95;c;4
52775.0;8402001014659;Café en cápsula cappuccino Hacendado;Cápsulas compatibles Dolce gusto;Hacendado;3.35;0.42;56.0;2.1;1.0;1.4;3.3;0.04;unknown;4
62396.0;8402001045981;Carne de mejillón de Chile cocido Hacendado ultracongelado;Marisco de concha y otros;Hacendado;2.5;9.09;;;;;;;;
59333.0;8480000593337;Chopped cerdo Hacendado lonchas;Chopped;Hacendado;1.3;5.2;198.0;12.6;;4.9;1.7;1.9675;d;{}
24551.0;8410261640082;Fruta + leche tropical Don Simón sin azúcares añadidos y zero materia grasa;Fruta + leche;Don Simón;1.4;1.41;13.0;0.5;;0.0;2.8;0.1;c;{}
17131.0;8480000171313;Tomate frito receta artesana Hacendado;Tomate frito;Hacendado;1.4;4.67;201.0;1.6;;2.1;12.5;0.9;c;3
3680.0;2105100036800;Cuartos traseros familiar de pollo;Pollo;;5.02;2.9;;;;;;;;
52594.0;8402001013201;Galletas Digestive avena chocolate con leche Hacendado;Con chocolate y rellenas;Hacendado;1.4;5.0;484.848484848485;7.4;6.3;6.6;31.0;0.7;e;4
19882.0;8402001042669;Sopa hortelana Hacendado;Sopa;Hacendado;1.7;4.86;72.0;1.3;0.9;0.4;1.2;0.68;c;{}
52426.0;8436021413505;Alas de pollo barbacoa congeladas;Carne congelada;;3.7;4.93;177.0;16.2;;3.3;1.5;0.69;b;4
26108.0;8480000261083;Fabada Hacendado;Platos de cuchara;Hacendado;2.9;3.37;175.0;6.1;;5.0;0.5;0.9;c;{}
69701.0;8437004621016;Perejil troceado lavado;Hierbas aromáticas;;0.9;22.5;51.0;3.0;3.3;0.0;0.9;0.14;a;1
20531.0;8480000205315;Yogur griego con fresa Hacendado;Yogures griegos;Hacendado;1.7;3.4;140.0;3.0;;5.6;13.3;0.1;c;4
11873.0;8711000501009;Café en cápsula espresso Tassimo;Cápsulas compatibles Tassimo;Tassimo;5.89;0.37;;;;;;;unknown;1
69435.0;8425779046646;Lechuga romana cortada y lavada;Lechuga;;1.15;5.75;14.0;1.0;;0.1;0.5;;unknown;{}
86008.0;8480000860088;Pan tostado 100% integral;Pan tostado;;1.8;3.27;373.913043478261;16.0;10.2;0.7;3.3;1.5;c;4
14176.0;8402001036903;Horchata de chufa sin azúcares añadidos Hacendado;Bebidas vegetales;Hacendado;1.6;1.6;54.0;0.9;1.0;0.9;3.7;0.07;d;4
4797.0;8480000047977;Albóndigas guisadas Hacendado;Carne;Hacendado;2.65;9.64;180.0;10.4;;3.5;0.7;1.2;c;4
22343.0;8480000223432;Pizza Prosciutto Hacendado jamón y queso;Pizzas refrigeradas;Hacendado;3.9;9.75;198.0;13.7;;3.0;1.3;1.18;c;4
51201.0;8480000512017;Mozzarella fresca di bufala campana Hacendado;Queso fresco;Hacendado;1.85;6.61;247.0;14.0;;14.0;0.5;0.59;c;3
17327.0;8480000173270;Salsa Yogur Hacendado;Otras salsas;Hacendado;1.2;3.87;257.0;0.8;;3.1;8.3;0.0025;c;4
14354.0;8402001035531;Mortadela italiana Hacendado finas lonchas;Mortadela;Hacendado;1.85;9.25;318.0;16.0;;;;17.7025;unknown;{}
29007.0;8480000290076;Bicarbonato de sódio Hacendado;Sal y bicarbonato;Hacendado;1.45;1.45;0.0;;;;;;unknown;1
35390.0;8006540618851;Pañales bebé talla 4 de 9-14 kg Dodot;Pañal talla de 4 a XL;Dodot;18.95;0.33;;;;;;;;
19817.0;8480000198174;Edulcorante granulado stevia Hacendado;Edulcorante y otros;Hacendado;3.05;15.25;0.0;0.0;0.0;0.0;0.0;0.0;not-applicable;4
47287.0;4015400846789;Pañales bebé talla 2 de 4-8 kg Dodot;Pañal talla de 0 a 3;Dodot;20.95;0.36;;;;;;;;
11123.0;8480000111234;Café soluble Espresso Creme Hacendado;Café soluble;Hacendado;2.9;36.25;285.0;23.0;28.0;0.0;0.0;0.41;unknown;1
14235.0;8480000142351;Galletas María sin gluten y sin lactosa Hacendado;Galletas desayuno;Hacendado;1.6;7.8;447.0;6.0;5.5;1.1;22.0;0.75;d;4
16288.0;8402001047640;Bizcocho de manzana;Bollería dulce;;4.2;7.0;49.5;0.583333333333333;0.25;;;0.122916666666667;unknown;{}
67633.0;8480000676337;Flan de café Hacendado;Flan;Hacendado;2.0;5.0;151.0;5.0;0.0;2.9;20.4;0.09;c;{}
31592.0;8402001022340;Huevos super grandes XL;Huevos;;4.3;0.36;17.0;1.5;1.5;0.0;0.0;1.9;c;3
9579.0;8410175073792;Papilla sin gluten crema de arroz Hero Solo +4 meses;Papillas;Hero Solo;2.95;13.41;384.0;8.0;1.1;0.2;0.5;0.03;not-applicable;4
21549.0;8402001047053;Torrezno precocinado Hacendado;Bacón;Hacendado;7.35;17.5;;;;;;;;
6300.0;8480000063007;Macarrón al huevo Hacendado;Macarrones, pajaritas y hélices;Hacendado;1.45;2.9;359.0;12.0;;1.0;3.5;0.08;b;1
3170.0;2105496031700;Pera Ercolina;Manzana y pera;;0.31;3.9;;;;;;;;
26029.0;8480000260291;Garbanzo cocido Hacendado;Garbanzos;Hacendado;0.8;1.4;89.3881453154874;5.5;4.7;0.5;0.7;0.8;b;3
64520.0;8480000645203;Mini helado sándwich sabor vainilla y cookie Hacendado;Bombones;Hacendado;3.0;5.88;342.0;5.2;0.8;10.0;31.3;0.3;e;{}
23122.0;8480000231222;Boquerones al vinagre Hacendado en aceite de girasol;Salazones;Hacendado;5.6;16.97;156.0;24.7;;1.4;0.0;2.7825;d;3
20321.0;8411700412321;Preparado lácteo con cereales y frutas Peques 3 Puleva;Leche;Peques 3;2.0;3.33;90.0;2.4;0.2;1.4;3.3;0.11;c;{}
14581.0;8480000145819;Galletas de mantequilla Hacendado Belgas;Galletas desayuno;Hacendado;1.65;9.17;473.0;5.7;0.5;11.0;41.0;1.225;e;3
17153.0;8480000171535;Tomate frito estilo casero Hacendado;Tomate frito;Hacendado;1.2;3.16;104.0;2.0;;0.5;9.7;0.7875;b;3
16103.0;8437007259018;Pimientos asados en tiras Hacendado;Conservas verdura;Hacendado;2.4;8.28;;;;;;;;
2849.0;2105100028492;Filetes lomo de cerdo extra tiernos;Cerdo;;4.0;7.7;;;;;;;;
15757.0;8480000157577;Aros de maíz Hacendado;Snacks;Hacendado;0.85;7.08;474.0;4.9;3.9;1.9;1.6;1.65;d;3
22001.0;8402001034862;Bebida láctea natural Cuidacol 0% azúcares añadidos;Colesterol y otros;Cuidacol;2.5;3.13;;;;;;;unknown;{}
23053.0;8480000230539;Bebida láctea sabor canela y limón Hacendado;Leche condensada y otros;Hacendado;1.6;1.6;62.0;3.3;;0.7;10.0;0.12;unknown;{}
13815.0;5060751213130;Bebida energética Mango Loco Monster;Energético;Monster;6.68;3.34;48.0;8.0;;11.0;11.0;;unknown;{}
11168.0;8480000111685;Infusión Manzanilla Hacendado;Infusiones;Hacendado;0.65;24.07;;;;;;;b;1
59151.0;8421384012014;Jamón serrano Incarlopsa lonchas extrafinas;Jamón serrano;Incarlopsa;2.45;20.42;247.8;33.5;;4.6;0.5;3.6;e;3
13656.0;8480000136565;Rosquillas de chocolate con leche y coco Hacendado;Con chocolate y rellenas;Hacendado;1.75;5.83;560.0;5.2;3.1;21.6;26.2;0.43;e;4
21688.0;8402001050398;Barritas crujientes Hacendado recubiertas de chocolate con leche;Chocolatinas;Hacendado;1.0;15.38;539.53488372093;6.04651162790698;;24.1860465116279;33.953488372093;0.151162790697674;unknown;{}
21563.0;8402001047169;Pistacho tostado Hacendado pelado;Frutos secos;Hacendado;2.95;29.5;623.0;23.0;8.5;5.6;7.6;1.77;unknown;{}
22442.0;8402001032691;Bolsita postre lácteo fresa y plátano Hacendado +8 meses;Yogures y postres;Hacendado;0.9;9.0;;;;;;;not-applicable;{}
17409.0;8402001047183;Salsa fresca Queso Hacendado;Salsas para pasta;Hacendado;1.45;8.06;120.0;4.9;0.2;5.6;2.3;1.3775;unknown;{}
19726.0;8402001039874;Preparado para ahumar Hacendado;Sal y bicarbonato;Hacendado;3.35;4.47;;;;;;;;
67660.0;8480000676603;Café soluble cappuccino caramelo Hacendado;Café soluble;Hacendado;2.75;11.0;2821.42857142857;7.4;2.4;5.8;49.0;1.5725;unknown;4
10459.0;3800047788858;Masa filo;Masas;;1.95;7.8;294.0;8.6;;0.1;1.5;1.4;unknown;{}
9242.0;8410175050229;Papilla zanahorias baby con ternera Hero Solo +6 meses;Tarritos salados;Hero Solo;1.85;7.87;65.0;2.8;1.1;0.6;1.2;0.07;not-applicable;3
22648.0;8480000226488;Pizza Pepperoni barbacoa Hacendado ultracongelada;Pizzas;Hacendado;3.5;6.48;251.0;10.0;;3.9;;;unknown;{}
60307.0;8480000603074;Margarina con sal Hacendado;Margarina;Hacendado;1.5;3.0;543.0;0.5;0.0;19.0;0.5;1.1;d;4
10276.0;8402001017742;Nata para montar Hacendado;Nata;Hacendado;1.95;3.9;;;;;;;unknown;{}
26033.0;8480000260338;Garbanzo cocido Pedrosillano Hacendado;Garbanzos;Hacendado;0.9;1.58;90.0;5.5;;0.5;0.0;0.8;b;3
35902.0;8402001011504;Brochetas de pollo, pimiento verde y tocino de cerdo con varilla;Pollo;;2.96;8.0;154.0;15.3;;;;;unknown;{}
39650.0;8410261773346;Bebida de zumo de naranja, mango y zanahoria La Verja sin azúcares añadidos;Fruta variada y otros sabores;La Verja;1.8;1.2;23.0;0.3;;0.0;5.4;0.01;e;4
86820.0;8480000868206;Relleno fajitas pollo, pimientos y cebolla Hacendado ultracongelado;Verdura;Hacendado;1.9;6.33;73.0;26.7;4.2;0.9;15.6;1.08;c;4
3824.0;2105433038243;Banana;Plátano y uva;;0.29;1.55;;;;;;;;
11715.0;8402001031113;Café molido Colombia Hacendado;Café molido;Hacendado;3.7;14.8;;;;;;;;
28576.0;8480000285768;Bebida isotónica sabor cítrico Iso drink;Isotónico;Iso drink;1.0;0.67;18.0;0.0;0.0;0.0;4.4;0.06;d;4
14013.0;8480000140135;Tortitas de arroz Hacendado;Tortitas;Hacendado;1.1;8.87;363.0;8.5;1.7;0.6;1.0;1.4;c;3
63477.0;8480000634771;Masa fresca pizza de cereales y semillas Hacendado;Base de pizza;Hacendado;2.5;4.81;270.0;7.9;;1.8;2.0;3.9;e;3
33581.0;8480000335814;Cuquis Hacendado;Snacks;Hacendado;0.75;9.38;473.0;6.5;1.6;2.0;0.7;1.5;d;3
18212.0;8480000182128;Sardinillas picantes en aceite de girasol Hacendado;Sardinas;Hacendado;1.8;10.0;270.0;15.5;;4.06;0.0;1.06;d;3
13499.0;8480000134998;Crema de calabaza Hacendado;Cremas y puré;Hacendado;1.0;2.0;36.0;0.7;0.7;0.8;2.7;0.6875;b;{}
64220.0;8480000642202;Helado hielo sorbete con mango Hacendado;Granizados y helados de hielo;Hacendado;2.3;3.07;100.0;0.0;;0.0;18.1818181818182;0.025974025974026;c;4
16253.0;8402001049729;Snack de lentejas horneado Lentils Hacendado;Snacks;Hacendado;1.25;12.5;413.0;14.0;4.2;1.1;1.3;1.475;d;{}
2861.0;2105100028614;Filetes hígado de vacuno;Vacuno;;4.58;10.4;;;;;;;;
61092.0;8480000610928;Fresas enteras Hacendado ultracongeladas;Fruta;Hacendado;1.9;6.33;30.0;0.7;;;4.7;;unknown;1
3819.0;2105410038198;Plátano de Canarias IGP;Plátano y uva;;0.44;2.9;;;;;;;;
15611.0;8480000156112;Cereales avena Crunchy Hacendado;Cereales integrales y muesli;Hacendado;1.8;4.5;387.0;13.0;11.0;1.0;4.6;0.2;a;3
6246.0;8402001042249;Tallarines Hacendado;Spaghetti y tallarines;Hacendado;0.8;1.6;351.0;13.0;3.4;0.3;3.3;0.02;unknown;{}
22719.0;8402001031854;Café soluble descafeinado Hacendado;Café soluble;Hacendado;3.1;31.0;;;;;;;;
3515.0;2105409035153;Medio melón piel de sapo;Melón y sandía;;3.01;2.05;;;;;;;;
53048.0;8480000530486;Salchichas cocidas bocata queso Hacendado;Salchichas;Hacendado;2.1;6.0;277.0;14.7;;8.6;0.5;2.4;e;4
8994.0;8421384147594;Panceta fina sin corteza corte fino;Cerdo;;3.15;6.3;;;;;;;;
12476.0;8480000124760;Chocolate blanco Hacendado;Chocolate blanco;Hacendado;1.1;11.0;556.0;6.6;0.0;20.0;56.0;0.0;e;4
23372.0;8480000233721;Bizcochos de huevo Hacendado;Bollería envasada;Hacendado;1.8;4.5;382.0;7.1;1.1;;49.0;0.025;unknown;4
19860.0;8436542193276;Sirope de agave Hacendado;Edulcorante y otros;Hacendado;2.6;7.43;309.0;0.0;;0.0;77.2;0.0;d;1
34963.0;8402001002021;Mezcla semillas Hacendado;Frutos secos;Hacendado;1.46;7.3;603.0;22.0;13.0;6.3;2.5;0.03;a;1
85787.0;8480000857873;Espiral al cacao Hacendado;Pastelitos surtidos;Hacendado;0.37;5.75;;;;;;;;
2796.0;2105100027969;Codornices;Pavo y otras aves;;4.2;12.0;;;;;;;;
35856.0;8402001010705;Golosinas Mix con pica Hacendado;Golosinas;Hacendado;1.6;5.33;340.0;4.4;;0.0;63.0;0.27;e;4
13296.0;8402001028281;Pañales bebé talla 2 de 3-6 kg Deliplus;Pañal talla de 0 a 3;Deliplus;6.9;0.16;;;;;;;;
61416.0;8480000614162;Patatas prefritas gajo Hacendado ultracongeladas;Patatas;Hacendado;1.65;2.2;150.0;2.5;2.3;0.7;1.0;0.79;c;4
2778.0;2105100027785;Jamoncitos de pollo;Pollo;;3.22;3.5;;;;;;;;
11447.0;8480000114471;Infusión Cola de caballo Hacendado;Infusiones;Hacendado;1.05;35.0;;;;;;;b;4
69297.0;5600842240661;Ajos morados;Cebolla y ajo;;1.85;7.4;;;;;;;;
18562.0;8402001001703;Espárragos blancos medianos Hacendado;Conservas verdura;Hacendado;1.85;5.36;13.0;1.5;1.3;0.0;0.9;1.0;a;3
63322.0;8427260028179;Delicias de pollo Hacendado ultracongeladas;Empanados y rebozados congelados;Hacendado;3.7;7.4;187.0;16.0;;0.9;4.7;1.4;c;{}
11101.0;8410100021546;Café soluble descafeinado Nescafé classic;Café soluble;Nescafé;8.5;42.5;;;;;;;unknown;1
15193.0;8402001038204;Coquito;Pastelitos surtidos;;0.19;5.75;;;;;;;;
83116.0;2105900831162;Pan mini semillas;Pan de bocadillo;;0.35;3.89;;;;;;;;
86684.0;8480000866844;Mermelada de melocotón Hacendado;Mermelada;Hacendado;1.35;3.07;194.0;0.5;0.0;0.0;44.0;0.0;d;4
15076.0;8410154005004;Mermelada de naranja amarga Hacendado;Mermelada;Hacendado;1.35;3.07;;;;;;;unknown;{}
59143.0;8410783320813;Jamón cocido extra Noel lonchas;Jamón cocido;Noel;2.25;11.25;126.0;18.0;;1.9;0.5;2.18;d;4
83284.0;2105900832848;Panecillo harina integral 50% de trigo sin sal añadida;Pan de bocadillo;;0.33;4.13;;;;;;;;
22396.0;8480000223968;Panes especiales con tomate y orégano Hacendado;Rosquilletas;Hacendado;0.85;10.63;483.0;9.6;3.3;2.1;4.6;2.0;d;3
11871.0;8711000502518;Café con leche en cápsula Tassimo;Cápsulas compatibles Tassimo;Tassimo;5.89;0.37;;;;;;;c;4
69162.0;8421816100333;Cebollas rojas;Cebolla y ajo;;1.4;2.8;;;;;;;a;1
86809.0;8402001022531;Cocktail natural Hacendado;Cocktails;Hacendado;2.6;13.0;;;;;;;;
14711.0;4002652000670;Surtido de galletas y barquillos Hacendado;Galletas surtidas;Hacendado;2.2;4.4;497.0;5.4;;13.0;28.0;0.4;e;4
35356.0;8402001007965;Toallitas bebé Aqua Deliplus;Toallitas;Deliplus;1.5;0.03;;;;;;;;
4425.0;2105100044256;Carrillada de cerdo congelada;Carne congelada;;5.75;12.5;;;;;;;;
17386.0;4006824998802;Salsa Ranch Hacendado;Otras salsas;Hacendado;1.4;5.6;402.0;1.1;;6.6;4.1;2.5;e;4
35776.0;8402001010187;Tortitas de maíz con sabor a jamón Hacendado;Tortitas;Hacendado;1.75;12.5;417.142857142857;6.85714285714286;1.71428571428571;0.857142857142857;0.571428571428571;2.27857142857143;d;{}
59364.0;8480000593641;Cabeza de cerdo finas lonchas Hacendado;Pavo y otros;Hacendado;1.7;11.33;213.0;15.0;0.0;7.0;0.0;2.4;e;4
63645.0;8480000636454;Pizza pollo y bacón Hacendado;Pizzas refrigeradas;Hacendado;2.9;6.9;245.0;14.7;;5.0;3.3;1.4;d;4
21778.0;8402001051500;Zumo de clementina Hacendado;Naranja;Hacendado;1.8;1.8;;;;;;;;
34212.0;8480000342126;Palomitas de maíz sabor mantequilla Hacendado para microondas;Frutos secos;Hacendado;1.2;4.44;433.0;13.9;15.6;8.0;1.0;1.5;d;4
27510.0;5449000103758;Refresco Fanta naranja zero azúcares añadidos;Naranja;Fanta;0.75;2.27;;;;;;;;
61405.0;5412588291063;Patatas prefritas corte grueso Hacendado ultracongeladas;Patatas;Hacendado;3.0;1.5;116.0;2.1;;0.5;0.5;0.05;unknown;{}
6326.0;8402001010903;Macarrón Hacendado;Macarrones, pajaritas y hélices;Hacendado;0.8;1.6;;;;;;;;
10540.0;8480000105400;Leche entera Hacendado;Leche entera;Hacendado;1.56;1.04;62.0;3.0;;2.4;4.5;0.13;c;1
21318.0;8402001040337;Bífidus con kiwi probióticos Hacendado 0% MG 0% azúcares añadidos;Bífidus de sabores;Hacendado;1.3;2.6;48.0;3.9;0.3;0.0;5.5;0.1775;a;4
12094.0;5601055317225;Disquitos Pintarolas de chocolate con leche coloreados;Chocolatinas;;2.0;10.0;502.0;0.5;1.0;12.0;64.0;0.2;e;4
62176.0;8402001044151;Pescadilla de merluza sin cabeza Hacendado ultracongelada;Pescado;Hacendado;5.25;5.25;;;;;;;;
59280.0;8435324003727;Jamón serrano medias lonchas Jamcal;Jamón serrano;Jamcal;4.1;17.08;251.0;33.3;;4.8;0.5;4.21;e;3
17147.0;8402001029011;Sazonador para burritos Hacendado;Sazonadores;Hacendado;1.3;32.5;;;;;;;unknown;{}
69643.0;8410405000352;Espárragos verdes gruesos;Otras verduras y hortalizas;;3.9;13.0;;;;;;;unknown;{}
51068.0;3073780810661;Queso fundido con palitos La vaca que ríe;Queso en porciones;La vaca que ríe;2.59;18.5;262.857142857143;10.5714285714286;1.14285714285714;7.42857142857143;5.42857142857143;2.80714285714286;e;4
29130.0;8402001028595;Harina de arroz Hacendado;Harina;Hacendado;1.31;2.62;354.0;7.0;1.0;0.0;0.0;0.0;b;1
59101.0;2105600591014;Cecina ahumada natural Embutidos Pajariel lonchas;Jamón serrano;Embutidos Pajariel;3.95;39.5;;;;;;;;
3119.0;2105434031199;Pera Conferencia;Manzana y pera;;0.49;2.75;;;;;;;;
10687.0;8480000105721;Leche desnatada calcio Hacendado;Leche desnatada;Hacendado;1.02;1.02;40.0;3.9;0.0;0.2;5.3;0.13;b;4
34183.0;8480000341839;Pimentón picante Hacendado;Colorante y pimentón;Hacendado;1.35;22.5;;;;;;;not-applicable;{}
13240.0;8402001027666;Ensalada de pollo, queso y frutos secos Listo para Comer;Ensalada preparada;Listo para Comer;4.0;4.0;179.0;9.4;2.4;3.3;5.8;0.0025;unknown;{}
22606.0;8480000226068;Dátiles en rama Hacendado;Fruta desecada;Hacendado;3.45;8.63;288.0;1.8;8.3;0.0;64.0;0.0;c;{}
84289.0;2105900842892;Empanada rellena de pollo y setas con crema de queso;Bollería salada;;3.65;7.3;;;;;;;;
14159.0;8480000141590;Galletas Chocominis sabor chocolate Hacendado;Con chocolate y rellenas;Hacendado;1.6;3.2;487.0;6.4;;2.6;25.0;0.6;d;4
18030.0;8480000180308;Atún en aceite de oliva Hacendado;Atún;Hacendado;7.7;8.56;363.0;18.0;;5.4;0.5;0.87;d;3
20891.0;8402001045233;Pistachos bañados de chocolate con leche Hacendado;Chocolatinas;Hacendado;2.5;25.0;571.0;12.0;3.7;16.6;40.0;1.5;unknown;{}
22720.0;8402001022937;Risotto de setas para microondas Hacendado ultracongelado;Arroz;Hacendado;2.0;5.71;145.0;3.0;0.5;2.7;0.0;0.7475;c;4
2783.0;2105100027839;Cuartos traseros de pollo certificado alimentado con un 50% de maíz;Pollo;;3.9;4.7;;;;;;;;
5850.0;8424465903799;Panes de cristal redondos cortados 100 % natural;Pan de bocadillo;;1.85;7.71;228.333333333333;7.33333333333333;;0.333333333333333;1.33333333333333;1.3;b;3
83594.0;2105900835948;Pan Viena;Pan de bocadillo;;0.4;5.0;;;;;;;;
67947.0;8480000679475;Pizza Formaggi Hacendado 4 quesos;Pizzas refrigeradas;Hacendado;3.9;9.75;280.0;14.7;;7.4;1.8;1.18;d;{}
61261.0;8480000612618;Brócoli Hacendado ultracongelado;Verdura;Hacendado;1.8;1.8;29.0;3.0;3.0;0.1;1.5;0.03;a;1
69484.0;8424717004007;Patatas para microondas;Verduras al vapor;;1.5;3.75;70.0;1.7;2.4;0.025;1.15;0.015;a;1
13810.0;8402001000560;Pan de molde blanco Hacendado;Pan de molde;Hacendado;0.8;1.74;240.418118466899;9.40766550522648;3.83275261324042;0.696864111498258;3.13588850174216;0.923344947735192;b;4
9860.0;8445291292024;Masa gruesa para empanadas Buitoni estilo Argentino;Masas;Buitoni;2.4;6.86;342.0;7.4;2.6;4.9;0.1;4.25;e;3
27762.0;8414100301752;Refresco limón Schweppes original;Limón;Schweppes;0.97;2.94;19.0;0.0;;0.0;4.3;0.02;d;4
60306.0;8480000603067;Pollo marinado rebozado Crispy American Style Hacendado ultracongelado;Empanados y rebozados congelados;Hacendado;4.9;9.8;210.325047801147;15.0;;0.77;0.64;3.0;d;4
84429.0;8480000844293;Mini pan de burger Hacendado;Pan de hamburguesa y wrap;Hacendado;1.25;7.58;269.0;9.0;;0.6;6.6;1.2;c;4
21565.0;8436548785543;Pollo Koreano con salsa;Empanados y elaborados;;3.42;9.0;;;;;;;;
10543.0;8480000105431;Leche desnatada Hacendado;Leche desnatada;Hacendado;8.82;0.98;34.0;3.1;;0.2;4.7;0.13;b;{}
11973.0;8402001029455;Mortadela de pavo con aceitunas Hacendado finas lonchas;Mortadela;Hacendado;1.5;7.5;169.0;10.5;;1.9;1.0;1.9675;d;{}
14338.0;8402001035388;Golosinas Mega Dedo Hacendado;Golosinas;Hacendado;1.0;10.0;;;;;;;;
10731.0;8480000103635;Leche desnatada sin lactosa Hacendado;Leche desnatada;Hacendado;0.91;0.91;34.0;3.1;;0.2;4.7;0.13;b;1
27462.0;5449000177551;Refresco Coca-Cola Zero Zero;Cola zero;Coca-Cola;1.99;1.0;0.2;0.0;0.0;0.0;0.0;0.02;c;4
17173.0;8480000171733;Allioli en sobres individuales Hacendado;Allioli;Hacendado;1.6;10.0;746.0;1.1;0.1;10.0;0.0;1.3;e;3
16717.0;4008100151611;Chucrut al estilo bávaro Hengstenberg;Conservas verdura;Hengstenberg;2.2;3.24;22.0;1.5;;0.1;1.7;1.1;c;3
83056.0;8425514085619;6 Panes de centeno 51%;Pan de bocadillo;;1.47;3.16;262.0;9.4;4.4;1.1;3.2;1.5;c;3
86419.0;8402001025341;Batido lácteo sabor vainilla +Proteínas Hacendado 30 g proteínas;Yogures líquidos;Hacendado;1.3;3.94;46.0;9.1;0.0;0.0;0.0;0.0;not-applicable;4
13609.0;8480000136091;Vinagre de Jerez reserva Hacendado;Vinagre y otros aderezos;Hacendado;2.1;8.4;37.0;0.0;;0.0;0.0;0.02;not-applicable;4
50916.0;2105600509163;Queso tierno de vaca Hacendado cortado en cuñitas;Queso tierno;Hacendado;2.56;8.0;;;;;;;;
10531.0;8410297113673;Leche semidesnatada Asturiana;Leche semidesnatada;Asturiana;7.02;1.17;45.0;3.2;;1.0;4.7;0.1;b;{}
13250.0;8480000130877;Ensaladilla de marisco Listo para Comer;Platos fríos;Listo para Comer;4.0;4.0;;;;;;;;
67949.0;8480000679499;Bebida de soja sabor vainilla Hacendado 0% azúcar;Bebidas vegetales;Hacendado;1.1;1.1;31.0;3.0;0.5;0.2;0.0;0.1675;b;4
20277.0;8402001041525;Mini galletas de cacao Caocream Hacendado rellenas de crema;Con chocolate y rellenas;Hacendado;1.5;9.38;509.0;6.0;4.0;11.0;31.0;0.59;e;{}
14203.0;8480000142030;Galletas María choco Hacendado;Con chocolate y rellenas;Hacendado;1.1;4.15;466.0;7.6;3.2;3.7;24.0;0.75;d;4
22178.0;8402001032653;Bolsita puré fruta variada Hacendado +6 meses;Tarritos de fruta;Hacendado;0.85;7.08;;;;;;;unknown;{}
81234.2;2105318812340;Dorada abierta a la espalda con espinas y con cabeza;Dorada;;4.75;9.5;;;;;;;;
34865.0;8402001001727;Almendra natural Hacendado;Frutos secos;Hacendado;2.3;11.5;586.0;24.0;13.0;3.5;4.1;;unknown;1
52441.0;8402001012068;Yogur griego natural Hacendado con azúcar de caña;Yogures griegos;Hacendado;1.5;2.0;150.0;3.7;;7.0;11.3;0.012;c;3
10199.0;8480000101990;Nata ligera para cocinar Hacendado;Nata;Hacendado;1.85;3.08;163.0;2.0;;10.0;3.0;0.1;d;4
64066.0;8402001009235;Mini helado bombón almendrado Hacendado sabor vainilla;Bombones;Hacendado;3.0;6.25;314.0;4.6;0.8;11.9;30.6;0.0975;e;4
20040.0;8402001048371;Yogur sabor fresa Hacendado;Yogures de sabores;Hacendado;0.75;1.5;;;;;;;;
61025.0;8480000610256;Salteado de setas Hacendado ultracongeladas;Verdura;Hacendado;1.61;3.58;16.0;1.8;1.9;0.1;0.3;0.03;a;1
21556.0;8402001046407;Bebida láctea de fresa L-casei 0% MG 0% azúcares añadidos;L-Casei;L-casei;2.6;2.17;27.0;2.8;;0.0;3.7;0.12;b;{}
51043.0;8413100611182;Queso fresco 0% MG de vaca Burgo de Arias;Queso fresco;Burgo de Arias;3.4;15.74;53.8461538461538;10.9722222222222;0.0;0.0;0.0;0.0;a;3
2228.0;2105100022285;Solomillo de cerdo marinado congelado;Carne congelada;;6.24;7.8;;;;;;;;
27502.0;5449000011527;Refresco Fanta naranja;Naranja;Fanta;0.8;2.42;19.0;0.0;;;4.5;0.02;c;4
22452.0;8480000224521;Mini helado bombón Boom Hacendado sabor leche tostada;Bombones;Hacendado;3.0;6.25;359.090909090909;4.0;0.6;10.3;32.5;0.17;e;4
69964.0;2105400699644;Pepino holandés;Pepino y zanahoria;;1.13;2.65;;;;;;;;
3529.0;2105458035296;Sandía baja en semillas;Melón y sandía;;7.61;1.15;;;;;;;;
15661.0;8480000156617;Yogur líquido frutos silvestres Hacendado 0% MG 0% azúcares añadidos;Yogures líquidos;Hacendado;1.3;1.3;33.0;3.3;;0.2;4.3;0.11;b;4
10381.0;8402001002090;Leche semidesnatada Hacendado;Leche semidesnatada;Hacendado;5.04;0.84;;;;;;;;
59154.0;8414389019386;Chorizo asturiano;Arreglos;;2.8;11.2;454.0;21.8;;14.6;0.5;3.14;e;4
64126.0;8425402826249;Cubos de hielo;Hielo;;1.15;0.58;;;;;;;;
13446.0;8480000134462;Postre de soja sabor vainilla Hacendado;Postres de soja;Hacendado;1.55;3.88;89.0;3.0;1.1;0.3;13.0;0.13;c;4
61034.0;8480000610348;Parrillada de verduras Hacendado ultracongeladas;Verdura;Hacendado;1.65;4.13;55.0;2.2;2.9;0.0;4.7;0.03;a;3
86935.0;8402001028274;Pañales bebé talla 1 de 2-4 kg Deliplus;Pañal talla de 0 a 3;Deliplus;6.6;0.22;;;;;;;;
20029.0;8436547770137;Kéfir natural sabor suave;Yogures naturales;;1.1;2.2;74.0;3.9;;2.9;2.3;0.0002;c;1
35904.0;8005709104013;Spaghetti Armando;Spaghetti y tallarines;Armando;1.4;2.8;354.0;14.0;2.7;0.3;3.2;0.005;a;1
4488.0;8480000044884;Lasaña boloñesa familiar Hacendado;Pasta;Hacendado;4.9;7.0;136.857142857143;8.0;1.0;3.42857142857143;2.8;0.899285714285714;c;4
27348.0;5449000034298;Refresco Coca-Cola;Cola clásica;Coca-Cola;3.95;0.99;42.0;0.0;;0.0;10.6;0.0;e;4
11753.0;8410100024202;Café molido natural Bonka;Café molido;Bonka;3.95;15.8;;;;;;;unknown;1
67972.0;8480000679727;Pechuga de pavo Hacendado finas lonchas;Pavo y otros;Hacendado;3.95;9.88;78.0;17.8;0.0;0.2;0.6;1.85;b;4
34120.0;8480000341204;Comino molido Hacendado;Otras especias;Hacendado;1.15;19.83;;;;;;;not-applicable;1
18436.0;8480000184368;Filetes de sardina ahumada Hacendado en aceite de girasol;Ahumados;Hacendado;2.15;25.29;412.941176470588;23.0;;4.4;0.0;3.7375;e;{}
11609.0;8402001025617;Cacao en polvo a la taza Hacendado;Chocolate a la taza;Hacendado;1.85;4.63;;;;;;;unknown;{}
23643.0;8402001021541;Pan de molde 100% integral sin corteza Hacendado;Pan de molde;Hacendado;1.1;2.44;225.0;9.29;6.43035714285714;0.9;1.8;0.99;a;4
14461.0;8436039781061;Chuletas de pavo contramuslo;Pavo y otras aves;;3.45;7.5;;;;;;;unknown;{}
31309.0;8411384009855;Claras de huevo líquidas pasteurizadas;Huevos;;1.7;5.67;50.0;11.0;;0.02;0.5;0.3;a;3
16285.0;8445291354548;Barritas de barquillo Kit-Kat bañadas de chocolate con leche;Chocolatinas;Kit-Kat;2.3;18.47;504.0;7.5;2.3;14.0;48.7;0.225;unknown;{}
80784.0;8480000807847;Ensaladilla rusa Hacendado;Ensaladilla;Hacendado;1.6;6.4;211.0;5.5;1.7;2.6;1.1;0.87;c;4
10533.0;8480000105332;Leche entera Hacendado;Leche entera;Hacendado;9.36;1.04;62.0;3.0;;2.4;4.5;0.13;c;1
70740.0;8480000707406;Edamame soja verde Hacendado ultracongelada;Verdura;Hacendado;1.75;3.5;145.0;12.0;7.5;1.1;2.8;0.0;a;{}
10380.0;8402001002083;Leche entera Hacendado;Leche entera;Hacendado;0.96;0.96;63.0;3.1;;2.4;4.6;0.0975;c;{}
21777.0;8402001051517;Zumo de naranja Hacendado;Naranja;Hacendado;2.1;2.1;44.0;0.6;0.0;0.0;10.0;0.0;c;1
12996.0;8402001032455;Snack frito Binkies sabor queso Hacendado;Snacks;Hacendado;1.0;12.5;472.0;4.1;1.8;3.4;4.5;2.7525;unknown;4
34138.0;8480000341389;Cebolla en polvo Hacendado;Otras especias;Hacendado;0.94;15.67;;;;;;;not-applicable;1
35955.0;8402001011696;Helado Dochi cheesecake Hacendado con salsa de frambuesa;Bombones;Hacendado;3.0;13.89;302.857142857143;3.42857142857143;0.571428571428571;9.14285714285714;28.2857142857143;0.0285714285714286;e;4
64450.0;8480000644503;Mini helado sándwich sabor nata Hacendado;Bombones;Hacendado;2.6;5.42;325.0;4.9;;10.4;25.6;0.11;e;4
53032.0;8480000530325;Salchichas cocidas bocata Hacendado;Salchichas;Hacendado;1.9;5.43;211.0;13.5;;6.0;0.5;1.7;d;{}
18092.0;8480000180926;Atún claro en aceite de girasol Hacendado;Atún;Hacendado;2.7;11.25;357.0;1.0;;4.5999999046326;0.5;0.89999997615814;d;3
16005.0;8402001001413;Pimientos del piquillo enteros Hacendado extra;Conservas verdura;Hacendado;1.45;4.26;0.29;1.0;2.0;0.06;6.7;0.65;c;{}
5673.0;8480000056733;Horchata de chufa Hacendado;Bebidas vegetales;Hacendado;1.2;1.2;76.0;0.5;;0.9;11.6;0.02;e;4
19904.0;8402001046308;Patatas prefritas Crispy Pops Hacendado congeladas;Patatas;Hacendado;2.3;3.07;170.0;2.1;2.3;0.9;0.5;0.64;c;{}
64248.0;8480000642486;Helado bombón negro sabor nata Hacendado;Bombones;Hacendado;3.2;4.44;307.0;3.5;;13.5;26.39999961853;0.0;e;{}
20716.0;8480000207166;Mantequilla sin sal añadida Hacendado;Mantequilla;Hacendado;2.1;8.4;743.0;0.5;;56.0;0.8;0.05;e;2
80531.0;8480000805317;Tortillas de avena 51% Hacendado;Pan de hamburguesa y wrap;Hacendado;1.85;5.14;286.666666666667;15.0;5.4;1.9;1.9;1.3;b;4
17330.0;8480000173300;Tomate frito sin azúcares añadidos Hacendado;Tomate frito;Hacendado;1.1;1.96;65.0;1.5;;0.3;4.7;1.18;c;4
86911.0;8436021419620;Burger de pollo gruesa;Hamburguesas;;3.2;8.89;114.0;16.0;;1.4;0.7;1.475;c;{}
58711.0;8437003894459;Taco jamón curado;Jamón serrano;;3.85;17.5;;;;;;;;
80862.0;8432089101422;Hummus de garbanzos Hacendado con pimiento del piquillo asado;Hummus y otros;Hacendado;1.45;6.04;308.0;5.6;7.8;3.4;0.3;0.4;a;3
87601.0;8480000876010;Mousse de queso Hacendado congelado;Tartas;Hacendado;8.0;15.38;322.0;3.4;0.5;13.0;26.0;0.72;e;{}
23453.0;8480000234537;Alubia pinta Hacendado;Alubias;Hacendado;2.3;2.3;349.0;19.0;25.4;0.1;2.2;0.03;a;{}
39651.0;8480000396518;Bebida multivitaminas Hacendado sin azúcares añadidos;Fruta variada y otros sabores;Hacendado;1.0;1.0;22.0;0.4;;0.0;4.0;0.0;not-applicable;4
20140.0;8402001044106;Berlina con cobertura de cacao crunch rellena de crema de cacao;Bollería dulce;;1.25;12.5;;;;;;;;
19808.0;8480000198082;Edulcorante sacarina en sobres Hacendado;Edulcorante y otros;Hacendado;1.05;17.5;327.0;0.0;;0.0;81.7;3.1;not-applicable;4
6106.0;8032804430822;Pasta fusilli 100% lentejas rojas Felicia;Macarrones, pajaritas y hélices;Felicia;1.65;6.6;334.0;26.0;7.6;0.4;1.2;0.01;a;{}
18031.0;8480000180315;Atún claro en escabeche blanco Hacendado;Atún;Hacendado;4.6;9.58;107.5;21.0;;0.6;;1.2;unknown;3
4240.0;8402001027475;Aceite de oliva 0,4º Hacendado;Aceite de oliva;Hacendado;3.9;3.9;;;;;;;;
13321.0;8402001028335;Pañales bebé talla 5 de 14-18 kg Deliplus;Pañal talla de 4 a XL;Deliplus;17.5;0.19;;;;;;;;
24181.0;6944955502759;Gamba pelada cruda tamaño mediano Hacendado ultracongelada;Marisco;Hacendado;4.9;13.61;72.0;14.7;;0.2;;0.9825;unknown;3
27488.0;8410600002380;Tónica zero Schweppes;Tónica y bitter;Schweppes;0.99;3.0;2.0;0.0;;0.0;0.0;0.05;unknown;{}
61233.0;8413993110472;Habas fina Hacendado ultracongelada;Verdura;Hacendado;1.19;2.64;;;;;;;;
12874.0;8436039782945;Tacos de pavo;Pavo y otras aves;;4.33;7.6;;;;;;;;
6305.0;8480000063052;Pajaritas vegetales Hacendado;Macarrones, pajaritas y hélices;Hacendado;0.9;1.8;347.0;13.0;4.2;0.3;3.1;0.03;a;1
22580.0;8410109121551;Cacao puro en polvo La Chocolatera;Chocolate a la taza;La Chocolatera;4.75;17.92;375.0;25.5;31.7;10.2;0.7;0.03;unknown;1
14423.0;8410376047981;Galletas tradicionales Hacendado;Galletas desayuno;Hacendado;2.15;3.58;448.0;5.0;2.3;7.0;26.0;0.53;unknown;4
12362.0;8480000123626;Huevos sorpresa de chocolate Hacendado dibujo;Chocolatinas;Hacendado;1.9;31.67;545.0;5.7;;20.0;58.0;0.21;e;4
83292.0;2105900832923;6 Panes pulguitas sin aditivos;Pan de bocadillo;;1.05;4.38;;;;;;;;
15068.0;8410154003000;Mermelada de albaricoque Hacendado;Mermelada;Hacendado;1.65;3.75;194.0;0.5;;0.0;44.0;0.0;unknown;{}
27445.0;5449000131843;Refresco Coca-Cola Zero azúcar;Cola zero;Coca-Cola;1.99;1.0;0.3;0.0;0.0;0.0;0.0;0.01;c;4
21366.0;8480000213662;Tarta de queso Hacendado;Otros postres;Hacendado;1.9;10.56;266.0;5.1;;12.3;18.3;0.4625;e;4
20376.0;8480000203762;Yogur cremoso con frutos silvestres Hacendado;Yogures de sabores;Hacendado;1.25;2.5;98.0;3.7;;2.2;13.2;0.1;c;4
12544.0;8480000125446;Gotas de chocolate negro para fundir Hacendado;Chocolate negro;Hacendado;2.75;11.0;501.0;6.0;7.6;15.0;55.0;0.02;e;4
9430.0;8011515946617;Quinoa Hacendado;Arroz;Hacendado;2.7;5.4;351.09;14.4;10.5;0.72;2.09;0.0;a;1
12107.0;8410109000078;Chocolate con leche Valor almendras enteras;Chocolate con leche;Valor;4.5;18.0;567.0;11.0;;16.0;41.0;0.00026;e;4
34171.0;8480000341716;Pimienta negra molida Hacendado;Pimienta;Hacendado;1.3;18.57;251.0;10.4;;;;;not-applicable;1
13327.0;8402001034732;Remolacha en tiras Hacendado;Conservas verdura;Hacendado;1.35;3.21;35.0;1.8;0.9;0.1;5.3;1.3775;c;{}
6238.0;8480000062383;Hélices Hacendado;Macarrones, pajaritas y hélices;Hacendado;0.8;1.6;361.0;13.0;3.5;0.3;3.6;0.01;a;1
84638.0;2105900846388;12 Mini saladas surtidas;Bollería salada;;1.4;7.18;;;;;;;;
69690.0;8422837122366;Cilantro;Hierbas aromáticas;;1.25;62.5;;;;;;;;
8946.0;8402001023606;Golosinas Mini Mix con pica Hacendado;Golosinas;Hacendado;1.6;5.33;333.0;4.3;0.1;;;4.23;unknown;4
2839.0;2105100028393;Pinchos de cerdo adobado sin varilla;Cerdo;;3.98;7.8;;;;;;;;
47367.0;5029053569345;Pañal junior braguita noche infantil de 27-57 kg Deliplus;Braguita y otros;Deliplus;10.65;0.82;;;;;;;;
50619.0;3070050570201;Queso brie marcillat de vaca Plaisir de Roy;Queso especialidades;Plaisir de Roy;1.65;8.25;341.778202676864;17.0;;22.0;0.0;1.2775;d;3
47039.0;8402001028366;Pañal bebé braguita talla XL de 16-28 kg Deliplus;Braguita y otros;Deliplus;6.9;0.31;;;;;;;;
39965.0;8480000399656;Gazpacho fresco Hacendado;Gazpacho y salmorejo;Hacendado;1.1;3.33;75.0;0.6;0.9;1.3;1.5;0.75;b;3
85788.0;8480000857880;Rosquilla al cacao Hacendado;Pastelitos surtidos;Hacendado;0.21;5.75;;;;;;;;
22279.0;8410184040723;Arroz cocido redondo Sabroz;Arroz;Sabroz;1.05;4.2;148.0;3.0;1.6;0.5;0.0;0.5125;c;4
3505.1;2105459035059;Media sandía baja en semillas;Melón y sandía;;4.79;1.55;;;;;;;;
81055.1;2105300810552;Corvina limpia con cabeza;Corvina;;17.02;11.5;;;;;;;;
69463.0;848000069463;Salteado de verduras para microondas cortado y lavado;Verduras al vapor;;2.5;6.25;;;;;;;;
22126.0;8402001046377;Bebida láctea natural azucarada L-casei;L-Casei;L-casei;2.25;1.88;;;;;;;unknown;{}
35183.0;8402001012013;Salsa fresca Carbonara Hacendado;Salsas para pasta;Hacendado;1.45;7.25;177.0;5.9;;9.5;0.8;1.18;unknown;{}
19994.0;8436565363397;Mini muslo de pollo 98% La Carloteña asado al horno;Pavo y otros;La Carloteña;3.25;10.83;173.0;19.7;;3.5;;4.0;unknown;4
14725.0;8402001039706;Hojaldre sabor pizza;Bollería salada;;1.3;13.0;;;;;;;;
7024.0;8410300349051;Caldo de pollo casero Gallina Blanca;Caldo líquido;Gallina Blanca;2.3;2.3;5.0;0.4;0.0;0.0;0.1;0.75;c;4
34606.0;8402001001352;Nuez natural Hacendado;Frutos secos;Hacendado;3.7;6.17;653.9;15.23;6.7;8.93;2.61;2.0;unknown;{}
6153.0;8480000061539;Pasta fresca tagliatelle al huevo Hacendado;Spaghetti y tallarines;Hacendado;1.2;4.8;290.0;11.0;2.6;1.0;1.0;0.07;a;1
63339.0;8480000633392;Pizza masa fina jamón Hacendado ultracongelada;Pizzas;Hacendado;2.5;6.25;232.0;9.7;;6.1;5.4;1.5;d;{}
65164.0;8402001044298;Chicles fresa gragea Hacendado;Chicles;Hacendado;1.0;22.22;147.0;0.5;0.1;0.1;0.0;0.02;c;4
80870.0;8480000808707;Maxi tortillas de trigo Hacendado;Pan de hamburguesa y wrap;Hacendado;1.5;4.17;293.333333333333;8.33333333333333;4.16666666666667;2.0;1.66666666666667;1.6375;c;4
28688.0;8480000286888;Bebida isotónica de naranja Iso drink;Isotónico;Iso drink;1.0;0.67;19.0;0.0;;0.0;4.4;0.06;d;4
21450.0;8402001044564;Cereales cubiertos de chocolate blanco rellenos con leche Hacendado;Cereales;Hacendado;1.75;14.0;;;;;;;;
11688.0;5449000329028;Refresco té sabor limón Fuze Tea;Té;Fuze Tea;1.99;1.33;19.0;0.0;;0.0;4.5;0.075;c;{}
10467.0;8436021417237;Mini burgers de pollo;Hamburguesas;;2.9;10.36;148.0;16.0;;2.4;1.4;1.9;unknown;4
6245.0;8402001010910;Spaghetti Hacendado;Spaghetti y tallarines;Hacendado;1.2;1.2;;;;;;;;
32329.0;8480000323293;Preparado en polvo natillas Hacendado;Levadura y preparado repostería;Hacendado;1.4;15.73;358.0;0.0;1.0;0.0;0.8;1.3;c;4
68188.0;8480000681881;Panna Cotta con caramelo Hacendado;Otros postres;Hacendado;1.2;3.0;201.0;3.3;;7.4;19.0;0.08;d;4
21472.0;8402001046025;Rosquilla de cacao Caocream Hacendado;Pastelitos surtidos;Hacendado;0.3;5.75;;;;;;;;
9474.0;8402001041723;Copos avena tostada Hacendado con semillas y frutos secos;Cereales integrales y muesli;Hacendado;2.4;6.0;438.0;13.2;12.5;3.0;4.7;0.04;a;{}
21725.0;8402001042966;Refresco lima limón Hacendado zero azúcar fresh gas;Lima limón;Hacendado;0.95;0.48;;;;;;;;
82599.0;8001405089876;Grissini palitos de pan Hacendado;Picos;Hacendado;1.65;6.6;421.0;9.9;4.0;1.0;3.5;2.5;d;{}
16074.0;8480000160744;Tomate doble concentrado Hacendado extra;Tomate;Hacendado;1.05;6.18;115.0;5.3;;;15.2;0.4925;unknown;3
19825.0;8480000198259;Edulcorante stevia en sobres Hacendado;Edulcorante y otros;Hacendado;2.1;38.89;0.0;0.0;;0.0;0.0;0.0;not-applicable;4
14087.0;8410014413611;Galletas tostadas Tosta Rica;Galletas desayuno;Tosta Rica;2.95;5.18;460.0;6.0;2.0;1.9;24.0;0.68;unknown;{}
4109.0;8436039785106;Filetes de pavo contramuslo;Pavo y otras aves;;4.92;8.2;;;;;;;;
27571.0;5449000187970;Refresco Fanta naranja;Naranja;Fanta;6.93;2.33;;;;;;;unknown;{}
86288.0;8402001034039;Golosinas Mix Hacendado;Golosinas;Hacendado;1.6;5.33;;;;;;;unknown;4
64128.0;8480000641281;Granizado de café Hacendado;Granizados y helados de hielo;Hacendado;3.15;2.63;70.0;0.7;;0.0;16.3;0.05;c;4
22453.0;8480000224538;Fideos orientales sabor pollo Hacendado;Fideos orientales;Hacendado;0.8;12.31;;;;;;;c;4
80771.0;8480000807717;Tortilla de patata Hacendado;Tortilla;Hacendado;2.6;4.33;157.0;5.7;;1.0;1.0;1.4;c;3
18018.0;8480000180186;Atún claro al natural Hacendado;Atún;Hacendado;4.2;8.75;98.75;21.0;0.0;0.4;0.5;1.1;a;3
82932.0;8402001018817;Croissant relleno de crema al cacao Hacendado;Bollería envasada;Hacendado;1.95;5.2;484.0;6.3;2.9;11.0;23.0;0.52;e;4
33556.0;5053990101597;Aperitivo de patata sabor crema agria y cebolla Pringles;Patatas fritas;Pringles;2.0;12.12;517.0;6.3;3.5;2.9;2.1;1.18;d;4
33121.0;8480000331212;Aceitunas verdes sin hueso aliñadas Hacendado;Aceitunas verdes;Hacendado;1.9;4.52;134.0;1.9;;2.1;0.0;3.0;d;4
33189.0;8480000331892;Jalapeños picantes en vinagre Hacendado;Pepinillos y otros encurtidos;Hacendado;1.65;12.22;18.0;0.3;1.1;0.2;0.0;1.3;c;3
6152.0;8006013990163;Pasta fresca ravioli rellena de calabaza con cebolla Hacendado;Pasta rellena;Hacendado;2.1;8.4;286.0;7.0;;5.6;4.5;1.3;d;3
61215.0;8480000612151;Guisante fino Hacendado ultracongelado;Verdura;Hacendado;1.5;1.5;82.0;6.0;5.0;0.2;2.8;0.01;b;1
67417.0;8402001045035;Crema al cacao con avellanas Hacendado de 2 sabores;Cremas de untar;Hacendado;1.95;3.9;;;;;;;;
69849.0;8480000698490;Ensalada César;Ensalada preparada;;2.6;12.38;74.0917782026768;4.47619047619048;0.333333333333333;1.42857142857143;1.23809523809524;0.0;a;4
69722.0;5600319265531;Zanahoria rallada lavada;Pepino y zanahoria;;1.0;6.67;25.0;0.6;2.6;;4.1;;unknown;{}
51232.0;8480000512321;Queso en porciones light Hacendado;Queso en porciones;Hacendado;1.5;6.0;153.846153846154;11.5;;6.0;6.0;1.8675;d;4
34009.0;8480000340092;Almendra frita y salada Hacendado pelada;Frutos secos;Hacendado;2.95;14.75;658.0;26.3;11.1;5.4;2.6;2.1;c;{}
18619.0;8480000186096;Mejillones en escabeche Hacendado pequeños;Mejillones;Hacendado;2.15;19.37;158.0;18.0;;1.9;0.5;1.1;b;4
11958.0;8402001030864;Corazones de alcachofa Hacendado;Conservas verdura;Hacendado;2.15;5.0;26.0;1.7;;0.1;0.7;1.0;unknown;{}
69810.0;8437013139014;Ensalada mezcla brotes tiernos maxi lavada;Lechuga;;1.7;9.71;22.0;1.6000000238419;;0.10000000149012;0.40000000596046;0.0;a;{}
28016.0;5060166690380;Bebida energética Energy Monster;Energético;Monster;1.79;3.58;47.0;0.0;;;11.0;0.1875;e;4
23064.0;8480000230645;Galletas Crunchy Choc Hacendado;Con chocolate y rellenas;Hacendado;2.65;5.1;450.0;6.3;3.5;4.0;26.0;0.53;d;4
33190.0;8480000331908;Alcaparras Hacendado;Pepinillos y otros encurtidos;Hacendado;1.35;10.0;34.0;2.6;;0.1;0.0;6.5;e;3
15269.0;8402001041808;Burgers vegetales Hacendado con calabaza;Otros;Hacendado;2.0;12.5;193.75;8.6;4.3;1.4;4.5;1.2;c;4
60699.0;8480000606990;Chorizo ibérico extra La Hacienda del ibérico lonchas;Chorizo;La Hacienda del ibérico;2.3;18.4;493.5;24.0;;17.7;0.8;3.6;e;4
64522.0;8480000645227;Helado hielo sorbete con lima limón Hacendado;Granizados y helados de hielo;Hacendado;2.3;3.48;93.0;0.0;;0.0;21.0;0.05;c;4
81241.4;2105365812416;Lubina abierta en libro sin cabeza y sin espina;Lubina;;4.62;10.5;;;;;;;;
4193.0;8402001034664;Aceite de coco virgen Hacendado;Otros aceites;Hacendado;5.25;11.67;900.0;0.0;0.0;95.0;0.0;0.0;e;2
11431.0;8480000114310;Infusión Tila Hacendado;Infusiones;Hacendado;0.85;35.42;;;;;;;b;1
7867.0;8402001014178;Caldo de pollo Hacendado en pastillas;Caldo en pastillas;Hacendado;1.4;5.83;176.0;14.3;0.6;;0.7;53.4;unknown;4
52534.0;8402001013706;Menestra de verduras Hacendado ultracongelada;Verdura;Hacendado;1.75;1.75;47.0;3.0;3.5;;;0.05;unknown;{}
18054.0;8480000180476;Atún claro en aceite de oliva Hacendado;Atún;Hacendado;3.7;18.97;;;;;;;;
13710.0;2105171137109;Codillo de cerdo asado Hacendado;Carne;Hacendado;4.61;6.4;;;;;;;;
8247.0;8402001021589;Bebida de melocotón Hacendado sin azúcares añadidos;Melocotón;Hacendado;1.0;1.0;27.0;0.5;0.7;;4.6;0.025;unknown;{}
2791.0;2105100027914;Filetes pechuga de pollo certificado alimentado con un 50% de maíz;Pollo;;4.8;9.6;;;;;;;;
52672.0;8402001014321;Burger de cerdo;Hamburguesas;;2.7;5.0;216.666666666667;14.6;;5.5;1.9;1.37777777777778;d;4
9588.0;8480000095886;Harina fina de maíz Hacendado;Harina;Hacendado;1.2;3.0;359.0;0.3;;0.1;0.5;0.1;c;2
59335.0;8480000593351;Mortadela con aceitunas Hacendado lonchas;Mortadela;Hacendado;1.25;5.0;244.0;10.5;;6.7;0.7;2.1;e;4
13936.0;8402001034572;Sazonador Topping Hacendado;Sazonadores;Hacendado;1.85;41.11;382.0;13.5;11.2;4.1;8.3;20.1;not-applicable;{}
6256.0;8480000062567;Fideo mediano Hacendado;Fideos;Hacendado;0.8;1.6;366.0;12.0;4.0;0.3;3.5;0.04;a;1
20041.0;8402001048388;Yogur sabor limón Hacendado;Yogures de sabores;Hacendado;0.75;1.5;;;;;;;;
13066.0;8402001034466;Loción corporal infantil hidratante Deliplus;Aceite y crema;Deliplus;2.65;6.63;;;;;;;;
69877.0;8422904015553;Palitos de zanahoria;Pepino y zanahoria;;2.1;11.67;34.0;0.175;0.0;0.05;6.8;0.0;a;1
63580.0;8480000635808;Pizza 4 quesos Hacendado;Pizzas refrigeradas;Hacendado;2.9;7.07;267.0;14.4;;6.8;2.2;1.4;d;4
9349.0;8480000093493;Barritas de cereales muesli y chocolate Hacendado;Barritas de cereales;Hacendado;1.55;11.23;430.434782608696;6.9;4.7;6.1;28.0;0.0775;d;4
12020.0;8480000120205;Cacahuetes Chocoiris Hacendado bañados de chocolate con leche coloreados;Chocolatinas;Hacendado;1.9;10.56;533.0;8.9;3.1;13.0;47.0;0.1;e;4
21720.0;8402001042935;Refresco de naranja Hacendado fresh gas;Naranja;Hacendado;0.37;1.12;;;;;;;;
60954.0;8411530643322;Croquetas de merluza Hacendado ultracongelados;Pescado rebozado;Hacendado;2.3;6.57;210.0;8.5;;3.4;1.7;1.22;unknown;{}
12347.0;8480000123473;Cacahuetes Hacendado chocolate con leche;Chocolatinas;Hacendado;2.05;8.2;554.0;15.0;4.4;16.0;39.0;0.09;e;4
39109.0;8480000391094;Bebida Bahamas Hacendado;Fruta variada y otros sabores;Hacendado;1.25;0.63;33.0;0.1;0.3;0.0;7.6;0.0;e;4
9420.0;7613032403720;Leche para lactantes en polvo 1 Nidina Nestlé;Leche en polvo;Nidina;14.95;18.69;519.0;9.6;;6.5;58.2;0.413;not-applicable;4
26174.0;8480000261748;Garbanzos a la riojana Hacendado;Platos de cuchara;Hacendado;1.35;3.21;120.0;5.8;2.5;1.7;0.7;0.9;c;3
68462.0;2368462001842;Repollo liso partido;Repollo y col;;1.94;2.15;;;;;;;;
8727.0;8402001023378;Fideos orientales Yakisoba sabor soja Hacendado;Fideos orientales;Hacendado;1.0;12.5;;;;;;;unknown;{}
21362.0;8480000213624;Yogur sabor limón Hacendado 0% MG 0% azúcares añadidos;Yogures desnatados;Hacendado;0.9;1.8;35.0;4.3;;0.0;4.4;0.13;a;4
22140.0;8480000221407;Rollo con sabor avellana Hacendado;Pastelitos surtidos;Hacendado;0.24;5.75;;;;;;;;
80858.0;8432089108018;Hummus de garbanzos Hacendado receta clásica;Hummus y otros;Hacendado;1.05;4.38;305.9;6.4;8.0;3.9;0.1;1.0;b;4
2833.0;2105100028331;Filetes pechuga de pollo finas hierbas marinadas;Pollo;;4.92;8.2;;;;;;;;
26011.0;8480000053329;Lenteja cocida Hacendado;Lentejas y otros;Hacendado;0.75;2.54;89.0;8.2;0.0;0.1;0.5;1.0;b;3
40475.0;8437004983411;Picada de ajo y perejil;Cebolla y ajo;;1.5;15.0;65.0;3.8;;0.1;1.1;0.03;not-applicable;1
22349.0;8480000223494;Azúcar moreno de caña Hacendado;Azúcar;Hacendado;1.9;1.9;400.0;;;;;;unknown;{}
22931.0;8402001022784;Toallitas infantiles cara y manos Deliplus;Toallitas;Deliplus;0.75;0.04;;;;;;;;
59223.0;8480000592231;Maxi york Hacendado;Jamón cocido;Hacendado;5.95;2.98;102.0;11.3;;1.1;1.0;2.1;d;{}
24477.0;8480000244772;Langostino cocido y pelado Hacendado ultracongelado;Marisco;Hacendado;5.0;22.73;77.9158699808794;17.2;;0.1;0.0;0.35;a;4
63474.0;8480000634740;Masa fresca Hacendado hojaldre con mantequilla;Masas;Hacendado;2.85;5.48;409.0;7.0;;17.2;1.4;1.2;d;3
67953.0;8480000679536;Picos camperos Hacendado;Picos;Hacendado;1.0;4.0;394.0;11.5;3.6;0.4;2.9;2.2;d;3
15793.0;8402001043567;Salsa Light Hacendado;Mayonesa;Hacendado;1.2;2.4;292.0;0.8;;5.3;;1.6725;unknown;4
6363.0;8480000063632;Pasta estrellas Hacendado;Fideos;Hacendado;0.8;1.6;361.0;13.0;3.5;0.3;3.6;0.01;a;1
14325.0;8480000143242;Galletas tostadas Hacendado;Galletas desayuno;Hacendado;1.35;1.69;429.0;7.0;2.2;0.9;20.0;1.0;d;4
24147.0;2105300241479;Gambón congelado;Marisco;;1282.05;12.95;;;;;;;;
61065.0;8402001011191;Salteado de verduras Hacendado ultracongelado;Verdura;Hacendado;1.55;2.58;31.0;2.0;0.0;0.1;3.0;0.02;a;1
20499.0;8480000204998;Yogur azucarado YogoMix Bolitas Hacendado con bolitas chocolateadas;Otros postres;Hacendado;1.3;4.33;128.0;4.8;;2.6;18.0;0.15;c;4
64133.0;8426342500015;Cubos de hielo;Hielo;;5.75;0.58;;;;;;;unknown;{}
35653.0;8402001008863;Pisto de verduras Hacendado ultracongelado;Verdura;Hacendado;2.1;4.67;64.0;1.6;2.3;0.3;5.6;0.4325;a;3
87598.0;8480000875983;Tarta San Marcos Hacendado congelada;Tartas;Hacendado;12.9;7.82;286.0;4.0;;8.0;31.0;0.0;d;4
29361.0;5000112626469;Refresco Coca-Cola Zero azúcar;Cola zero;Coca-Cola;1.5;3.0;0.2;0.0;;0.0;0.0;0.02;b;{}
67938.0;8480000679383;Refresco té sabor limón Hacendado;Té;Hacendado;1.0;0.67;19.0;0.0;;0.0;4.5;;unknown;{}
46559.0;8420221004533;Agua perfumada bebé con notas florales Deliplus;Colonia;Deliplus;3.2;32.0;;;;;;;;
63648.0;8480000636485;Bases de pizza artesanas extrafinas y crujientes Hacendado ultracongeladas;Base de pizza;Hacendado;1.8;4.29;202.142857142857;6.5;2.4;0.8;1.9;1.25;c;3
86483.0;8480000864833;Tortitas de legumbres y arroz Hacendado;Tortitas;Hacendado;1.75;16.06;366.300366300366;24.9084249084249;8.05860805860806;0.586080586080586;1.83150183150183;6.63003663003663;e;3
59218.0;8480000592187;Jamón de pavo Hacendado;Pavo y otros;Hacendado;2.85;5.7;85.0;14.0;;0.9;1.5;1.5;c;4
12846.0;8402001031670;Queso lonchas sin lactosa de vaca Hacendado;Queso lonchas;Hacendado;2.6;13.0;357.0;24.0;;19.0;;0.0045;unknown;3
21073.0;8480000210739;Postre lácteo con arándanos +Proteínas Hacendado 0% MG 10 g proteínas;Yogures desnatados;Hacendado;1.55;3.23;53.3333333333333;8.3;;0.1;4.6;0.1;a;4
8671.0;8480000086716;Tarta carrot cake Hacendado congelada;Tartas;Hacendado;11.0;12.5;383.0;4.2;1.2;11.0;22.0;0.77;unknown;4
15664.0;8480000156648;Bebida Kéfir de coco Hacendado;Colesterol y otros;Hacendado;1.1;4.4;53.2;0.52;;1.6;7.2;0.00095;e;4
10698.0;8480000104656;Leche entera sin lactosa Hacendado;Leche entera;Hacendado;6.18;1.03;62.0;3.0;;2.4;4.5;0.13;c;{}
2779.0;2105100027792;Medio pollo troceado;Pollo;;3.6;4.0;;;;;;;;
15086.0;5906716201562;Postre de manzana Jamar;Conservas fruta;Jamar;1.9;2.68;78.0;0.5;1.9;0.1;17.0;0.0;a;3
86276.0;8402001022883;Queso roquefort  de oveja Hacendado;Queso especialidades;Hacendado;1.95;19.5;;;;;;;;
21828.0;8402001051111;Refresco té verde zero Hacendado sabor maracuyá y mango;Té;Hacendado;0.5;1.52;;;;;;;;
34962.0;8402001002007;Semillas lino dorado Hacendado;Frutos secos;Hacendado;1.19;7.93;489.0;22.0;35.0;3.0;0.0;0.07;a;4
86245.0;8410500010614;Natillas de vainilla Danet;Natillas;Danet;1.94;4.04;109.0;3.1;0.0;1.7;14.8;0.13;c;4
14153.0;8410376049848;Galletas de cacao Caocream bañadas de chocolate blanco Hacendado rellenas de crema;Con chocolate y rellenas;Hacendado;1.95;7.74;509.0;4.9;;13.0;43.0;0.58;e;4
69669.0;5609503104083;Zanahorias;Pepino y zanahoria;;0.8;1.6;;;;;;;;
4848.0;8480000048486;Queso provolone de vaca Hacendado;Queso especialidades;Hacendado;2.55;12.75;365.0;24.0;;20.0;2.0;0.0;c;{}
63597.0;8480000635976;Pizzas tomate y queso Hacendado ultracongeladas;Pizzas;Hacendado;2.4;4.21;251.0;10.8;;3.0;3.5;1.3;d;4
53143.0;8480000531438;Salchichas cocidas bocata gourmet Hacendado de cerdo sabor ahumado;Salchichas;Hacendado;2.45;7.0;237.714285714286;12.3;0.0;8.5;0.5;2.1;e;4
55125.0;8480000551252;Longaniza clásica extra Hacendado;Salchichón;Hacendado;2.8;2.8;449.0;27.5;;14.1;2.7;3.7375;e;4
17112.0;8480000171122;Fritada pisto Hacendado;Tomate;Hacendado;1.3;3.42;92.0;1.3;;0.8;8.5;0.6;a;4
86167.0;8480000861672;Bebida de avena con calcio sin azúcares añadidos Hacendado;Bebidas vegetales;Hacendado;1.2;1.2;52.0;0.5;0.56;2.0;3.6;0.115;d;4
52856.0;8402001016219;Bastoncillos algodón para bebés Deliplus;Accesorios;Deliplus;1.05;0.02;;;;;;;;
63163.0;8480000631633;Anillas de pota a la romana Hacendado ultracongeladas;Pescado rebozado;Hacendado;5.25;10.5;167.0;7.0;;0.9;0.3;1.25;c;4
23908.0;8423352866407;Bebida de avena Alitey;Bebidas vegetales;Alitey;5.7;0.95;46.0;1.4;0.4;0.2;5.4;0.04;c;1
69099.0;8414108100081;Patatas;Patata;;5.6;1.12;;;;;;;;
51044.0;8413100611175;Queso fresco de vaca Burgo de Arias;Queso fresco;Burgo de Arias;3.4;15.74;164.0;11.0;;8.4;3.0;0.875;c;3
6040.0;2105100060409;Longaniza magro fresca;Embutido;;3.21;6.0;;;;;;;;
3830.0;2105495038304;Aguacate;Fruta tropical;;1.0;5.0;;;;;;;;
10546.0;8480000105462;Leche semidesnatada sin lactosa Hacendado;Leche semidesnatada;Hacendado;1.62;1.08;44.0;3.0;;1.0;4.6;0.13;b;1
15597.0;8480000155979;Galletas de cacao Caocream Hacendado rellenas de crema;Con chocolate y rellenas;Hacendado;1.55;3.52;472.727272727273;5.0;2.9;5.9;31.0;0.98;e;4
12126.0;8410109000023;Chocolate puro Valor;Chocolate negro;Valor;4.5;15.0;540.0;6.2;;21.0;47.0;0.08;e;4
12792.0;8402001047015;Chuletas lomo de cerdo finas;Cerdo;;3.66;6.9;;;;;;;;
33120.0;8402001001529;Aceitunas verdes con hueso Hacendado;Aceitunas verdes;Hacendado;2.95;3.14;182.0;1.4;;4.0;0.0;3.0;e;{}
18114.0;8410155024004;Filetes de melva canutera con pimientos del piquillo Hacendado en aceite de oliva;Caballa y melva;Hacendado;1.8;20.0;267.0;16.0;;3.5;0.5;0.65;c;3
86236.0;8480000862365;Helado cucurucho sabor vainilla Hacendado;Cucuruchos;Hacendado;2.2;3.06;320.0;4.0;1.5;13.0;28.0;0.22;e;{}
24357.0;8480000243577;Rodajas de atún de aleta amarilla Hacendado congelado;Pescado;Hacendado;4.38;17.5;;;;;;;;
11522.0;8402001027109;Snack Balls sabor queso Hacendado;Snacks;Hacendado;1.0;10.0;489.0;6.1;2.6;2.8;8.7;1.87;e;4
18433.0;8480000184337;Filetes de anchoa en aceite de oliva Hacendado;Salazones;Hacendado;1.3;30.95;192.0;25.0;;1.77;0.0;14.0;e;{}
50917.0;2105600509170;Queso tierno mezcla Hacendado;Queso tierno;Hacendado;3.13;8.95;;;;;;;;
21761.0;8402001049866;Barritas de cereales sabor mandarina Hacendado;Barritas de cereales;Hacendado;1.65;13.75;71.0;0.9;3.8;1.1;2.6;0.12;a;4
69079.0;5600319261069;Cebollas;Cebolla y ajo;;3.6;1.8;;;;;;;;
82900.0;8480000829009;Rosegones pasta de almendras Hacendado;Bollería envasada;Hacendado;1.9;7.6;463.0;10.3;3.8;5.5;26.0;0.48;d;4
61231.0;8480000612311;Coliflor Hacendado ultracongelada;Verdura;Hacendado;1.8;1.8;28.0;2.2;;0.1;2.6;0.04;a;1
7879.0;8402001017223;Patatas fritas horno y air fryer Hacendado ultracongeladas;Patatas;Hacendado;1.9;2.53;151.0;2.3;2.8;0.7;0.9;2.2125;d;4
14030.0;7622300165628;Mini galletas Oreo;Con chocolate y rellenas;Oreo;1.95;12.19;476.0;5.1;3.0;5.4;37.0;0.73;e;4
69872.0;8437013139441;Ensalada ensatún;Ensalada preparada;;2.6;10.4;156.0;8.5;1.2;2.3;1.6;0.99;c;3
13632.0;8402001031120;Filetes de caballa del sur en tomate Hacendado;Caballa y melva;Hacendado;2.6;10.83;115.0;17.0;0.0;0.7;0.5;0.87;a;3
29045.0;8480000290458;Refresco de limón Hacendado zero azúcar fresh gas;Limón;Hacendado;2.22;1.12;2.2;0.0;0.0;0.0;0.0;0.03;unknown;{}
11097.0;8480000110978;Refresco té sabor mango y piña Hacendado;Té;Hacendado;1.0;0.67;20.0;0.0;;0.0;4.8;0.05;d;4
50975.0;2105600509750;Queso añejo fuerte de oveja Hacendado;Queso curado;Hacendado;6.04;18.3;;;;;;;;
79428.0;8402001026034;Toallitas bebé frescas & perfumadas Deliplus;Toallitas;Deliplus;0.75;0.03;;;;;;;;
2797.0;2105100027976;Conejo entero;Conejo;;10.41;8.6;;;;;;;;
7313.0;8402001015168;Caldo de pollo Hacendado;Caldo líquido;Hacendado;0.75;0.75;5.0;0.5;0.5;0.1;0.5;0.71;c;4
24549.0;8402001054228;Bizcocho relleno de caramelo salado;Bollería dulce;;3.8;7.84;;;;;;;;
63440.0;8410239040333;Masa para empanadillas y postres Buitoni;Masas;Buitoni;1.25;7.81;342.0;6.8;1.7;4.9;0.5;0.18;c;3
12037.0;8480000120373;Chocolate extrafino con leche Hacendado almendras enteras;Chocolate con leche;Hacendado;2.0;10.0;561.0;12.0;3.4;15.0;40.0;0.2;e;4
13019.0;8410014478733;Cacao soluble ColaCao original;Cacao soluble;ColaCao;5.0;13.05;;;;;;;d;4
2715.0;2105100027150;Filetes lomo de cerdo adobado;Cerdo;;3.27;6.95;;;;;;;;
10726.0;8411700810011;Bebida láctea crecimiento y desarrollo Puleva Max;Leche Infantil;Puleva;10.74;1.79;58.0;1.7;;1.2;2.6;0.11;not-applicable;4
21985.0;8445292642446;Cacao soluble instantáneo Nesquik;Cacao soluble;Nesquik;16.15;6.46;;;;;;;;
10362.0;8410128891169;Fruta + leche tropical Bifrutas;Fruta + leche;Bifrutas;2.52;2.55;21.0;0.3;0.5;0.0;4.8;0.0;c;4
9247.0;8410175050120;Papilla arroz con pollo Hero Solo +6 meses;Tarritos salados;Hero Solo;1.85;7.87;66.0;2.6;0.7;0.6;0.6;0.07;not-applicable;3
9408.0;7613032378240;Leche de continuación en polvo 2 Nidina Nestlé;Leche en polvo;Nidina;17.95;22.44;500.0;8.5;;2.5;62.1;0.6375;not-applicable;4
19940.0;8402001043277;Café en cápsula ristretto Hacendado;Cápsulas compatibles Nespresso;Hacendado;3.8;0.19;;;;;;;;
20150.0;8402001043543;Longaniza de payés extra Hacendado lonchas;Salchichón;Hacendado;2.4;16.0;351.0;30.0;;8.2;3.7;3.54;unknown;{}
11628.0;8402001030840;Crema de lentejas Hacendado;Cremas y puré;Hacendado;1.7;4.86;70.0;4.57;0.0;0.37;1.31;0.0;b;3
34131.0;8480000341310;Hierbas provenzales Hacendado;Hierbas;Hacendado;1.2;48.0;;;;;;;not-applicable;{}
16124.0;8480000161246;Pimientos rojos asados Hacendado en tiras extra;Conservas verdura;Hacendado;1.35;5.63;132.0;0.5;0.0;0.0;5.4;0.0;a;3
20953.0;8402001045219;Bífidus cremoso con lima limón probióticos Hacendado 0% MG 0% azúcares añadidos;Bífidus de sabores;Hacendado;1.3;2.6;45.0;3.8;0.0;0.0;4.7;0.14;a;4
13700.0;8480000137005;Café molido fuerte Hacendado;Café molido;Hacendado;4.5;9.0;314.0;17.0;50.0;4.2;1.3;0.02;unknown;{}
17346.0;8480000173461;Salsa Barbacoa Hacendado;Salsas para carnes;Hacendado;1.15;3.29;150.0;1.2;;0.0;27.8;1.8;d;4
62501.0;8410063089621;Muslitos de surimi Hacendado ultracongelados;Pescado rebozado;Hacendado;2.75;6.11;159.0;8.2;;0.4;2.5;2.03;d;{}
84358.0;2105900843585;Ensaimada;Bollería dulce;;1.0;12.05;;;;;;;;
52100.0;5410399870514;Paté de cerdo con finas hierbas Hacendado;Paté;Hacendado;1.45;14.5;;;;;;;;
15662.0;8480000156624;Bebida Kéfir natural Hacendado 0% MG;Colesterol y otros;Hacendado;0.9;3.6;36.0;3.92;0.0;0.0;0.0;0.0;b;1
14015.0;8480000140159;Tortitas de maíz con chocolate Hacendado;Tortitas;Hacendado;1.9;14.62;471.875;6.15384615384615;3.38461538461539;12.9230769230769;33.8461538461538;0.423076923076923;e;4
69411.0;8436601680044;Puerros;Otras verduras y hortalizas;;2.52;2.8;;;;;;;;
51194.0;8480000511942;Queso fresco de cabra Hacendado;Queso fresco;Hacendado;3.0;12.0;262.0;12.7;12.7;15.6;2.2;0.8;c;4
59086.0;8480000590862;Chorizo extra Hacendado lonchas;Chorizo;Hacendado;1.85;7.71;341.0;24.0;;10.0;2.1;0.00825;d;4
16044.0;8402001001536;Tomate triturado Hacendado;Tomate;Hacendado;0.55;1.38;21.0;1.0;1.2;0.0;3.5;0.5;unknown;{}
84458.0;2105900844582;Trenza con nueces 4%;Bollería dulce;;1.0;12.5;;;;;;;;
65327.0;8410034548157;Caramelos regaliz mentol Respiral Halls;Caramelos;Respiral Halls;1.95;13.0;385.0;0.1;;0.0;78.0;0.06;e;4
82219.0;8480000822192;Pan rallado Hacendado;Pan rallado;Hacendado;0.85;1.13;369.0;9.58;;0.3;3.4;1.0;a;3
20196.0;8402001020247;Margarina 100% vegetal Hacendado;Margarina;Hacendado;1.6;6.4;540.0;5.0;;15.0;5.0;;unknown;2
13600.0;8480000136008;Galletas Diverkao Hacendado;Con chocolate y rellenas;Hacendado;1.7;5.45;455.0;6.1;6.4;2.8;27.0;0.51;d;4
20859.0;8480000208590;Bífidus natural azucarado probióticos Hacendado con cereales y fresas deshidratadas;Bífidus naturales;Hacendado;1.2;7.06;133.529411764706;4.7;1.0;2.5;12.8;0.26;c;4
10672.0;8480000106728;Café con leche descafeinado Hacendado;Bebidas frías;Hacendado;0.75;3.0;74.0;3.5;;1.6;7.8;0.18;d;4
56115.0;8480000561152;Maxi york Hacendado finas lonchas;Jamón cocido;Hacendado;2.3;4.6;102.0;11.3;;1.1;1.0;2.065;d;4
13707.0;2105171137079;Pollo asado troceado Hacendado;Carne;Hacendado;8.06;6.45;;;;;;;;
10355.0;8480000103550;Café en cápsula descafeinado Hacendado;Cápsulas compatibles Nespresso;Hacendado;3.85;0.19;1.0;0.0;0.0;0.0;0.0;0.0;unknown;{}
69656.0;8410405002950;Espárragos verdes finos;Otras verduras y hortalizas;;2.45;9.8;;;;;;;unknown;{}
69585.0;8412276200947;Maíz dulce en mazorca;Otras verduras y hortalizas;;3.0;1.5;;;;;;;;
12533.0;8480000125330;Chocolate con leche fundir Hacendado;Chocolate con leche;Hacendado;2.25;11.25;531.0;8.3;3.6;19.0;52.0;0.1;e;4
64001.0;8402001009259;Mini helado bombón surtido Hacendado;Bombones;Hacendado;3.0;4.39;310.0;3.9;0.8;12.8;30.4;;unknown;4
51198.0;8480000511980;Queso lonchas fundido burger mezcla Hacendado;Queso lonchas;Hacendado;1.9;6.33;240.0;12.4;;11.0;5.3;3.345;e;4
63582.0;8480000635822;Pizza atún y bacón Hacendado;Pizzas refrigeradas;Hacendado;2.9;6.99;263.0;14.0;;4.9;1.6;1.4;d;4
82757.0;8480000827579;Magdalenas sin gluten Hacendado;Bollería envasada;Hacendado;2.55;12.14;461.0;4.0;;2.6;20.0;0.64;d;4
26030.0;8480000260307;Lenteja cocida Hacendado;Lentejas y otros;Hacendado;0.9;1.58;89.0;8.2;;0.1;0.5;1.0;b;3
23404.0;8402001037337;Cortado en cápsula descafeinado Hacendado;Cápsulas compatibles Dolce gusto;Hacendado;3.35;0.21;;;;;;;unknown;{}
65311.0;3215690801920;Caramelos blandos Fruits Hacendado;Caramelos;Hacendado;1.6;5.33;422.0;0.8;;3.9;70.0;0.0;e;{}
23912.0;8423352861402;Bebida de avena Alitey;Bebidas vegetales;Alitey;0.95;0.95;47.0;1.6;0.7;0.1;5.4;0.03;c;1
7014.0;8410300100010;Caldo de pollo Avecrem en pastillas;Caldo en pastillas;Avecrem;2.95;12.29;182.0;10.0;0.5;5.8;0.8;53.4025;unknown;4
52157.0;8480000521576;Paté de cerdo y pollo con trufa y arándanos Hacendado;Paté;Hacendado;1.85;18.5;341.0;12.0;;10.0;8.0;2.0;e;{}
84287.0;2105900842878;Empanada de atún grande;Bollería salada;;7.2;6.43;;;;;;;;
63476.0;8480000634764;Masa fresca empanada Hacendado;Masas;Hacendado;2.4;5.22;362.0;5.4;;9.1;2.8;1.2;d;3
27608.0;5449000114884;Refresco Fanta limón zero azúcares añadidos;Limón;Fanta;0.75;2.27;;;;;;;;
63528.0;8480000635280;Crepes Hacendado ultracongelados;Churros;Hacendado;2.45;6.13;250.0;5.9;1.8;2.7;17.0;0.53;d;4
15206.0;8402001030093;Melocotón en almíbar Hacendado;Conservas fruta;Hacendado;2.35;3.92;;;;;;;;
29077.0;8402001000676;Refresco de limón Hacendado fresh gas;Limón;Hacendado;0.95;0.48;20.0;0.0;;0.0;4.6;;unknown;4
69719.0;8114516004031;Canónigos lavados;Lechuga;;1.2;9.6;;;;;;;;
29609.0;5449000133847;Bebida isotónica naranja Aquarius;Isotónico;Aquarius;2.1;1.4;19.0;0.0;0.0;0.0;4.5;0.06;d;4
5480.0;8480000054807;Pepinillos agridulces Hacendado;Pepinillos y otros encurtidos;Hacendado;1.5;2.24;56.0;0.9;1.0;0.4;11.0;2.2625;d;4
63632.0;8480000636324;Pizza carbonara familiar Hacendado;Pizzas refrigeradas;Hacendado;3.4;5.67;255.0;10.9;;4.1;2.7;1.5;d;4
11969.0;8402001029448;Mortadela de pavo Hacendado finas lonchas;Mortadela;Hacendado;1.5;7.5;346.0;21.8;;3.4;1.6;4.75;e;4
23139.0;8480000231390;Albóndigas de pollo Hacendado;Platos de cuchara;Hacendado;1.8;4.29;26.4285714285714;8.5;1.3;1.5;2.0;1.55;c;4
20210.0;8480000202109;Yogur natural Hacendado 0% MG 0% azúcares añadidos;Yogures desnatados;Hacendado;1.05;1.4;36.0;4.3;;0.0;4.5;0.13;a;4
4155.0;8436021411488;Burger de vacuno y cerdo con jamón y cebolla caramelizada;Hamburguesas;;2.8;11.67;219.0;16.200000762939;;5.6999998092651;2.7000000476837;2.0;d;{}
29604.0;5449000144607;Bebida isotónica naranja Aquarius;Isotónico;Aquarius;7.44;2.82;19.0;0.0;;0.0;4.5;0.06;d;4
6361.0;8005709104075;Pasta penne Armando;Macarrones, pajaritas y hélices;Armando;1.4;2.8;354.0;14.0;2.7;0.3;3.2;0.005;a;{}
67736.0;8402001010088;Golosinas Fresi Pink Mix Hacendado;Golosinas;Hacendado;1.6;5.33;331.0;3.7;;0.2;59.0;0.21;e;4
69117.0;8050762420075;Rabanitos;Otras verduras y hortalizas;;1.15;4.6;;;;;;;;
23353.0;8402001029028;Sazonador para fajitas Hacendado sabor tex-mex;Sazonadores;Hacendado;0.85;50.0;151.0;3.5;;;;51.535;unknown;4
24542.0;8402001052286;Golosinas Mini Mix Hacendado;Golosinas;Hacendado;1.6;5.33;;;;;;;;
52858.0;8402001023705;Salsa de tomate Boloñesa Hacendado;Salsas para pasta;Hacendado;1.75;4.38;100.0;5.1;;1.8;6.2;1.0825;unknown;4
6143.0;8480000061430;Pasta fresca ravioli rellena de ricotta y espinacas Hacendado;Pasta rellena;Hacendado;1.9;7.6;214.0;7.8;;3.6;5.8;1.8675;d;4
13243.0;8402001023255;Salmón con verduras Listo para Comer;Platos calientes;Listo para Comer;5.75;5.75;114.0;8.1;;0.9;2.1;0.4625;unknown;{}
86587.0;8480000865878;Crema de espárragos Hacendado;Cremas y puré;Hacendado;1.7;4.86;47.1;0.943;0.771142857142857;0.286;0.486;0.675;c;4
69287.0;8422837122335;Albahaca;Hierbas aromáticas;;1.55;77.5;;;;;;;;
14344.0;8402001036958;Tarta de la abuela Hacendado congelada;Tartas;Hacendado;11.8;9.83;321.0;5.0;;12.0;;0.245;unknown;{}
69889.0;8410405005487;Judía verde plana;Otras verduras y hortalizas;;2.95;3.93;;;;;;;;
16711.0;7443031440002;Palmito al natural entero Hacendado;Conservas verdura;Hacendado;2.65;6.46;29.0;2.2;;0.0;0.5;1.0;unknown;{}
10542.0;8480000105424;Leche semidesnatada Hacendado;Leche semidesnatada;Hacendado;1.5;1.0;46.0;3.1;;1.1;4.8;0.13;b;1
8970.0;8402001024238;Alas de pollo adobadas picantes;Pollo;;3.33;6.4;;;;;;;;
23622.0;8480000236227;Queso rallado especial fundir mezcla Hacendado;Queso rallado;Hacendado;2.1;5.25;284.0;19.0;;13.0;0.5;1.5;d;4
2787.0;2105100027877;Filetes pechuga de pollo;Pollo;;4.09;7.3;;;;;;;;
59071.0;8421384085544;Taquitos de jamón Incarlopsa;Jamón serrano;Incarlopsa;2.65;13.25;234.2;33.7;;3.5;0.5;3.6;e;3
27965.0;8410261657424;Limonada natural sin gas light Don Simón;Otros refrescos sin gas;Don Simón;1.35;0.9;23.0;0.1;0.0;0.0;5.6;0.01;c;4
6149.0;8006013990262;Pasta fresca medialunas rellenas de parmigiano reggiano y trufa Hacendado;Pasta rellena;Hacendado;2.6;10.4;287.0;11.0;;8.2;4.2;1.75;e;4
34014.0;8480000340146;Almendra tostada Hacendado 0% sal añadida con piel;Frutos secos;Hacendado;2.95;14.75;628.0;23.3;10.8;4.8;1.0;0.0;a;1
51073.0;7622202218309;Queso untar original Philadelphia;Queso untable;Philadelphia;2.9;10.74;249.0;3.7;0.2;16.0;2.8;0.00275;d;3
13301.0;8402001028328;Pañales bebé talla 5 de 14-18 kg Deliplus;Pañal talla de 4 a XL;Deliplus;6.05;0.2;;;;;;;;
61006.0;8480000610065;Coliflor, brócoli y zanahoria Hacendado ultracongelada;Verdura;Hacendado;1.8;1.8;32.0;2.1;2.6;0.0;3.4;0.05;a;1
64400.0;8480000644008;Helado de chocolate Hacendado con trocitos sabor chocolate;Tarrinas;Hacendado;3.2;3.2;292.0;4.6;2.2;12.0;27.0;0.19;e;4
13946.0;8402001035319;Refresco sin gas cero piña-coco Hacendado;Otros refrescos sin gas;Hacendado;1.15;0.77;20.0;0.1;0.0;0.0;4.5;0.01;d;4
12151.0;7622201024277;Chocolate con leche Milka;Chocolate con leche;Milka;1.95;13.0;530.0;6.3;1.8;18.0;58.0;0.37;e;4
68243.0;8410500010621;Natillas de chocolate Danet;Natillas;Danet;1.94;4.04;121.0;3.2;;1.8;17.5;0.13;c;{}
50967.0;2105600509675;Queso curado mezcla Hacendado;Queso curado;Hacendado;12.31;11.29;;;;;;;;
69469.0;8420695004176;Maíz dulce en mazorca cocido;Otras verduras y hortalizas;;1.55;3.44;104.0;3.5;;0.4;6.6;0.01;b;3
50943.0;2105600509439;Queso semicurado mezcla Hacendado;Queso semicurado;Hacendado;4.07;9.7;;;;;;;;
69741.0;8425779044475;Ensalada mezcla gourmet maxi lavada;Lechuga;;1.8;6.0;21.0;1.5;;0.1;1.9;0.16;unknown;{}
13709.0;2105171137093;Costillas de cerdo a la barbacoa cortadas Hacendado;Carne;Hacendado;6.25;12.5;;;;;;;;
13988.0;8402001035609;Jamón cocido sándwich Hacendado lonchas;Jamón cocido;Hacendado;1.95;7.8;99.0;17.2;0.0;1.0;1.4;2.1;d;{}
14136.0;8410376047264;Barquillos rellenos de nata Hacendado 0% azúcares añadidos;Con chocolate y rellenas;Hacendado;1.1;5.24;434.0;3.0;;13.0;1.0;0.23;d;4
6045.0;2105100060454;Longaniza fresca estilo criollo;Embutido;;3.34;8.8;;;;;;;;
63501.0;8480000635013;Pizza atún Hacendado ultracongelada;Pizzas;Hacendado;2.6;6.67;262.0;12.7;;4.3;2.9;1.4;d;{}
58247.0;8480000582478;Mini chorizo ibérico extra La Hacienda del ibérico;Chorizo;La Hacienda del ibérico;2.65;13.25;493.0;24.0;;17.7;0.8;3.6;e;4
8978.0;8402001023750;Barritas de barquillo Hacendado con relleno de avellana cubiertas de chocolate con leche;Chocolatinas;Hacendado;1.7;13.82;573.0;7.9;;18.0;41.0;0.248;e;4
10146.0;8411700811117;Bebida láctea Omega 3 Puleva con leche desnatada;Leche desnatada;Puleva;11.34;1.89;54.0;3.1;;0.5;5.2;0.15;b;4
68204.0;8437001302604;Flan de huevo Hacendado;Flan;Hacendado;3.6;4.0;;;;;;;;
35618.0;8032804431911;Pasta estrellas sin gluten Felicia;Fideos;Felicia;2.05;4.1;341.0;6.3;2.8;0.5;0.3;0.01;b;4
13877.0;8480000138774;Orejones albaricoque Hacendado;Fruta desecada;Hacendado;3.2;16.0;208.0;2.8;6.5;0.04;34.9;0.0;c;1
69725.0;8413106510007;Acelgas cortadas y lavadas;Otras verduras y hortalizas;;1.35;4.5;;;;;;;;
35851.0;8402001010668;Rosca jamón serrano y queso emmental Hacendado;Roscas, quiche y baguettes;Hacendado;3.7;8.22;259.0;15.5;;4.2;1.5;2.065;d;4
22180.0;8402001032677;Bolsita puré fresa y plátano Hacendado +8 meses;Tarritos de fruta;Hacendado;0.85;7.08;72.5;0.9;1.0;0.08333;11.66667;0.001;b;{}
30167.0;8402001028236;Huevos;Huevos;;5.6;0.23;;;;;;;;
4334.0;2105100043341;Chuletas cordero de lechal congeladas;Carne congelada;;15.95;29.0;;;;;;;;
33022.0;8480000330222;Ajos aliñados Hacendado;Pepinillos y otros encurtidos;Hacendado;2.6;7.54;36.0;2.7;0.5;0.1;0.0;2.3;c;3
5507.0;5608495000052;Arándanos;Otras frutas;;5.0;10.0;;;;;;;;
17441.0;8402001035265;Pasta de sésamo Tahini Hacendado;Otras salsas;Hacendado;2.95;14.75;710.0;25.0;3.4;10.0;1.4;0.04;d;1
34145.0;8480000341457;Pipas de girasol fritas Hacendado peladas;Frutos secos;Hacendado;1.1;5.5;646.0;27.9;6.4;5.4;3.1;1.4;c;3
61279.0;8480000612793;Espinaca en porciones Hacendado ultracongelada;Verdura;Hacendado;0.9;2.0;27.0;2.9;2.7;0.1;1.5;0.0;a;1
88407.0;8480000884077;Lentejas Listo para Comer;Platos calientes;Listo para Comer;4.0;4.0;;;;;;;;
35981.0;8402001011924;Noodles de arroz Hacendado;Spaghetti y tallarines;Hacendado;1.45;7.25;347.0;5.3;1.3;0.3;1.1;0.57;c;3
12794.0;8402001031090;Filetes de caballa del sur contenido reducido en sal Hacendado en aceite de oliva;Caballa y melva;Hacendado;3.2;13.33;202.352941176471;23.5294117647059;;2.94117647058824;0.588235294117647;0.68235294117647;a;{}
50919.0;2105600509194;Queso tierno mezcla Hacendado;Queso tierno;Hacendado;10.61;8.7;;;;;;;;
16443.0;8402001050152;Golosinas Rega Pica Mix Hacendado sabor fresa, frambuesa, manzana y cola ácida;Golosinas;Hacendado;1.6;5.33;353.0;2.0;;0.8;52.0;0.001275;unknown;{}
13406.0;8402001043550;Mayonesa Hacendado;Mayonesa;Hacendado;1.2;2.4;599.0;0.6;;7.9;1.3;1.1;e;{}
34095.0;8480000340955;Pipas calabaza tostadas Hacendado aguasal;Frutos secos;Hacendado;1.55;12.4;624.0;34.1;8.0;10.7;2.5;4.8;d;4
29134.0;8402001018176;Harina integral de trigo Hacendado;Harina;Hacendado;0.9;0.9;328.0;12.0;11.0;0.4;2.3;0.03;a;{}
86388.0;8402001024917;Fruta + leche mediterráneo Hacendado sin azúcares añadidos;Fruta + leche;Hacendado;0.95;0.95;;;;;;;unknown;4
13814.0;5060639121915;Bebida energética Mango Loco Monster;Energético;Monster;1.79;3.58;48.0;0.0;;0.0;11.0;0.05;e;4
52921.0;8437023917824;Malta Maltín Polar;Energético;Maltín Polar;1.15;4.6;60.0;0.5;;;11.0;;unknown;{}
15203.0;8410037002274;Piña en su jugo Hacendado rodajas;Conservas fruta;Hacendado;2.4;3.52;55.0;0.4;;0.0;11.0;0.01;a;1
64166.0;8480000641663;Medios cocos helados Hacendado;Bombones;Hacendado;2.7;7.71;214.0;3.3;0.7;9.3;21.2;0.1;d;4
60244.0;8480000602442;Pechuga de pavo finas lonchas Hacendado;Pavo y otros;Hacendado;2.3;11.5;78.0;17.8;;0.2;0.6;1.85;b;4
15967.0;8480000159670;Piparra Hacendado;Pepinillos y otros encurtidos;Hacendado;2.8;9.66;22.0;1.6;1.3;0.0;0.7;0.51;a;3
47366.0;5029053569338;Pañal junior braguita noche infantil de 17-30 kg Deliplus;Braguita y otros;Deliplus;10.65;0.67;;;;;;;;
50965.0;2105600509651;Queso curado mezcla Hacendado;Queso curado;Hacendado;4.67;11.4;;;;;;;;
3523.0;2105471035235;Melón Galia;Melón y sandía;;4.29;3.25;;;;;;;;
21160.0;8480000211606;Yogur griego con mango Hacendado;Yogures griegos;Hacendado;1.7;3.4;139.0;3.0;;5.6;13.0;0.1;c;4
11536.0;8402001027819;Vela de cumpleaños 7 Hacendado;Velas;Hacendado;1.25;1.25;;;;;;;;
65070.0;8412147570568;Golosinas Boca Fruit Hacendado;Golosinas;Hacendado;1.2;6.0;340.0;3.4;;0.0;69.0;0.21;e;4
12756.0;8402001030932;Arroz con verduras para microondas Hacendado ultracongelado;Arroz;Hacendado;2.0;2.5;101.0;2.8;0.0;0.0;0.0;0.0;unknown;{}
14131.0;8410376047042;Galletas Digestive chocolate con leche Hacendado;Con chocolate y rellenas;Hacendado;1.35;4.5;498.0;6.0;3.2;13.0;26.0;1.1;e;4
19713.0;8480000197139;Sal 60% menos de sodio Hacendado;Sal y bicarbonato;Hacendado;2.3;9.2;0.0;0.0;;0.0;0.0;39.3;not-applicable;2
34027.0;8480000340276;Anacardo frito salado Hacendado;Frutos secos;Hacendado;2.8;14.0;617.0;18.0;6.4;9.4;6.4;1.1;c;3
80478.0;8480000804785;Refresco té sabor melocotón Hacendado;Té;Hacendado;1.0;0.67;21.0;0.0;;0.0;4.7;;unknown;{}
82331.0;8480000823311;Pan de burger Hacendado;Pan de hamburguesa y wrap;Hacendado;0.95;4.32;264.0;9.1;3.3;0.6;4.7;1.0;c;4
14161.0;8480000141613;Mini galletas cookies Hacendado;Con chocolate y rellenas;Hacendado;1.4;8.75;486.0;5.4;3.0;6.5;31.0;0.9825;e;4
9491.0;8480000094919;Muesli Hacendado con frutas;Cereales integrales y muesli;Hacendado;2.4;2.4;364.444444444444;9.1;10.0;3.9;15.0;0.08;c;3
16041.0;8402001014413;Tomate entero pelado Hacendado;Tomate;Hacendado;1.35;1.69;22.0;1.0;;0.0;3.4;0.7;a;{}
10051.0;8402001000829;Batido de vainilla Hacendado;Batidos;Hacendado;1.55;1.29;51.0;1.9;;0.3;9.6;0.13;d;{}
16618.0;8480000166180;Champiñones laminados Hacendado;Conservas verdura;Hacendado;1.0;2.82;21.0;1.55555555555556;0.0;0.0;0.166666666666667;0.0;a;3
52634.0;8402001014369;Bebida de avena con chocolate sin azúcares añadidos Hacendado;Bebidas vegetales;Hacendado;1.25;1.25;44.0;1.2;1.0;0.3;2.4;0.15;d;4
65055.0;8402001043970;Golosinas Rega Relli Hacendado rellena con zumo de fruta;Golosinas;Hacendado;1.0;6.67;331.0;0.0;;1.1;46.0;0.0005;unknown;{}
22311.0;8480000223111;Natillas sabor vainilla +Proteínas Hacendado 12 g proteínas;Natillas;Hacendado;1.75;3.65;76.6666666666667;10.0;;1.0;3.6;0.1;a;4
63140.0;8480000631404;Merluza empanada pan fino Hacendado ultracongelada;Pescado rebozado;Hacendado;3.9;7.65;168.0;10.3;;2.5;0.5;0.72;c;4
33141.0;8480000331410;Cebollitas Hacendado;Pepinillos y otros encurtidos;Hacendado;1.65;4.71;32.0;0.6;1.6;0.1;5.7;1.45;c;4
51203.0;8480000512031;Queso untar suave de vaca Hacendado;Queso untable;Hacendado;1.4;4.67;244.0;4.2;;16.0;2.5;1.0;d;4
69853.0;8480000698537;Media calabaza cacahuete;Otras verduras y hortalizas;;2.22;3.0;;;;;;;;
46978.0;8480000469786;Gel-champú bebé para pieles atópicas Deliplus;Champú y jabón;Deliplus;3.7;6.17;;;;;;;;
83995.0;8480000839954;Bizcocho de yogur Hacendado;Bollería dulce;Hacendado;3.5;4.38;394.0;6.3;1.1;2.9;25.0;1.4;e;4
16275.0;8437028997005;Gelatina neutra en láminas Foodsy;Levadura y preparado repostería;Foodsy;1.1;55.0;356.0;89.0;0.0;;;0.9825;unknown;{}
9847.0;8402001024511;Café en cápsula Colombia Hacendado;Cápsulas compatibles Nespresso;Hacendado;3.8;0.19;1.0;;;;;;unknown;{}
63451.0;8480000634511;Masa fresca hojaldre Hacendado;Masas;Hacendado;2.4;4.62;395.0;7.1;0.0;10.5;1.4;0.0;d;3
51167.0;8480000511676;Mousse de queso de vaca con ajo y finas hierbas Hacendado;Queso untable;Hacendado;1.65;11.0;208.0;3.8;;14.0;3.9;1.5;e;4
64246.0;8480000642462;Mini helado cucurucho sabor nata Hacendado;Cucuruchos;Hacendado;3.3;7.43;352.0;4.7;2.1;11.1;25.4;0.07;e;4
53059.0;8480000530592;Salchichas cocidas bocata Hacendado de pollo y pavo sabor ahumado;Salchichas;Hacendado;2.0;5.0;202.0;13.5;;5.3;0.5;2.0;d;4
13846.0;8480000138460;Bebida de coco y arroz sin azúcares añadidos Hacendado;Bebidas vegetales;Hacendado;1.6;1.6;50.0;0.1;0.1;1.3;6.3;0.08;e;4
79427.0;8402001026027;Toallitas bebé frescas & perfumadas Deliplus;Toallitas;Deliplus;1.05;0.01;;;;;;;;
17539.0;8402001054181;Tarta tropical Hacendado congelada;Tartas;Hacendado;8.6;14.58;;;;;;;;
81661.2;2105300816615;Boquerón limpio sin cabeza;Boquerón;;0.99;4.95;;;;;;;;
52493.0;8402001013492;Barritas de cereales y frutos secos Hacendado;Barritas de cereales;Hacendado;1.65;11.0;472.0;13.0;8.0;3.3;11.0;0.6;c;4
83558.0;8414897100583;Pan 5 semillas;Otros panes;;1.5;3.0;274.0;11.0;5.1;0.7;2.4;0.845;b;4
2169.0;8411396000772;Flautas de bacón y queso;Cerdo;;2.2;7.86;315.0;13.8;;9.1;1.7;1.9;e;4
62320.0;8480000623201;Buey de mar cocido Hacendado congelado;Marisco;Hacendado;11.68;16.33;;;;;;;;
28119.0;5060337501316;Bebida energética Energy Ultra zero Monster;Energético;Monster;1.79;3.58;2.2;0.2;0.0;0.0;0.0;0.04;c;4
35892.0;8402001010873;Muesli Crunchy Hacendado;Cereales integrales y muesli;Hacendado;2.0;4.0;401.0;8.8;23.0;1.4;3.2;0.08;a;4
56084.0;8437005669765;Pollo 97% relleno La Carloteña asado al horno lonchas;Pavo y otros;La Carloteña;2.4;16.0;110.0;18.5;;3.3;1.3;1.5;d;4
16616.0;8480000166166;Champiñón laminado Hacendado;Conservas verdura;Hacendado;1.8;4.0;14.0;2.8;2.4;0.0;0.3;1.0;a;3
83452.0;2105900834521;5 Barras de pan 51% integral;Pan de bocadillo;;1.35;2.16;;;;;;;;
5710.0;8480000057105;Pechuga 92% pavo Hacendado lonchas;Pavo y otros;Hacendado;2.85;14.25;89.0;19.6;;0.4;0.8;1.875;c;4
32045.0;8480000320452;Preparado en polvo flan Hacendado;Levadura y preparado repostería;Hacendado;1.4;7.37;;;;;;;a;4
24341.0;8436048071856;Tiras de potón del Pacífico Hacendado congeladas;Pescado;Hacendado;4.95;12.38;53.0;12.0;;0.1;0.0;0.4;a;{}
20849.0;8480000208491;Postre lácteo cremoso natural azucarado sin lactosa Hacendado;Yogures naturales;Hacendado;1.55;3.1;94.4;4.48;;2.24;11.68;0.12;c;{}
58230.0;8480000582300;Surtido de ibéricos La Hacienda del ibérico;Lomo y otros;La Hacienda del ibérico;6.5;32.5;295.0;36.0;;6.6;0.7;2.4;e;{}
10686.0;8480000105714;Leche desnatada calcio Hacendado;Leche desnatada;Hacendado;6.12;1.02;40.0;3.9;;0.2;5.3;0.13;b;{}
70756.0;8480000707567;Chocolate con leche Fussion Hacendado relleno de galleta caramelizada;Chocolate con leche;Hacendado;1.35;12.27;554.0;5.4;1.4;14.0;41.0;0.2;e;4
10783.0;8402001001970;Leche entera Hacendado;Leche entera;Hacendado;1.71;1.43;63.0;3.1;;2.4;0.0;0.13;b;1
51097.0;8410789140118;Tofu firme Hacendado;Hummus y otros;Hacendado;1.75;4.38;110.0;11.1;0.4;1.2;0.4;0.04;b;3
11507.0;8436565363281;Lomo asado La Carloteña lonchas;Pavo y otros;La Carloteña;2.5;20.0;142.0;26.0;;1.4;0.5;1.2775;c;{}
29174.0;8480000291745;Harina de espelta Hacendado 100% integral;Harina;Hacendado;1.45;1.45;345.0;13.0;3.0;0.01;0.4;0.0;a;1
85786.0;8480000857866;Bizcocho con baño de cacao Hacendado;Pastelitos surtidos;Hacendado;0.39;5.75;;;;;;;;
17542.0;5449000350923;Refresco Fanta naranja;Naranja;Fanta;3.6;0.9;;;;;;;;
39106.0;8480000391063;Bebida de piña Hacendado sin azúcares añadidos;Piña;Hacendado;1.6;1.33;27.0;0.3;0.0;0.0;4.9;0.01;c;4
21715.0;8402001042911;Refresco cola Hacendado Zero azúcar;Cola zero;Hacendado;0.35;1.06;;;;;;;;
14383.0;8402001041198;Café en cápsula sabor Caramel Hacendado;Cápsulas compatibles Nespresso;Hacendado;2.4;0.24;;;;;;;unknown;{}
63657.0;8480000636577;Masa de hojaldre sin gluten Hacendado;Masas;Hacendado;2.8;10.0;346.0;2.5;4.0;9.1;1.0;0.9645675;d;4
11453.0;8480000114532;Infusión Tomillo Hacendado;Infusiones;Hacendado;1.05;43.75;;;;;;;b;1
8840.0;8436569263365;Burger de vaca madurada;Hamburguesas;;2.9;16.11;250.0;17.0;;8.8;0.5;1.1;d;4
17108.0;8480000171085;Tomate frito Hacendado;Tomate frito;Hacendado;0.9;1.61;77.0;1.5;;0.3;6.9;1.0;c;3
69984.0;8425779044451;Espinacas baby lavadas;Lechuga;;1.15;11.5;28.0;3.4000000953674;;0.10000000149012;0.5;0.34000000357628;a;{}
20356.0;8402001034930;Tarta delicia de fresa Hacendado congelada;Tartas;Hacendado;11.5;12.23;263.0;4.3;1.0;7.1;15.0;0.1475;unknown;{}
50371.0;8480000503718;Queso lonchas fundido sándwich mezcla Hacendado;Queso lonchas;Hacendado;1.2;6.0;288.0;17.0;;14.0;1.6;2.655;e;4
51071.0;8480000510716;Queso fresco batido desnatado 0% MG Hacendado;Queso fresco;Hacendado;1.1;2.2;46.0;8.0;0.0;0.1;3.5;0.1;a;3
34024.0;8402001001345;Nuez natural Hacendado pelada;Frutos secos;Hacendado;2.5;12.5;579.0;21.0;7.6;4.5;0.7;0.0;a;{}
65324.0;8410719001557;Caramelos miel sabor limón Pifarré;Caramelos;Pifarré;1.15;9.2;391.0;0.1;;0.0;77.0;0.02;e;4
14239.0;8480000142399;Barquillos rellenos con crema de cacao Hacendado;Con chocolate y rellenas;Hacendado;1.0;5.71;522.0;5.5;0.0;25.1;38.9;0.36;e;4
24260.0;8423316010143;Gambón grande congelado;Marisco;;23.0;11.5;85.0;19.0;;0.2;0.0;0.64;unknown;{}
58154.0;8480000581549;Paleta de cebo ibérica La Hacienda del Ibérico;Jamón serrano;La Hacienda del Ibérico;75.0;18.75;437.0;28.9;;9.9;0.5;3.6;unknown;{}
64146.0;8480000641465;Helado sándwich sabor nata Hacendado;Bombones;Hacendado;2.3;2.88;276.0;4.1;;6.5;23.0;0.4325;d;4
51151.0;8422241807378;Queso en polvo especial pasta mezcla Hacendado;Queso rallado;Hacendado;1.25;8.33;;;;;;;;
8779.0;5449000324122;Refresco Fanta limón zero azúcares añadidos;Limón;;4.24;1.61;;;;;;;;
52407.0;8480000524072;Queso fresco Burgos desnatado 0% MG Hacendado;Queso fresco;Hacendado;2.05;4.1;67.0;12.0;;0.1;3.9;0.91;b;{}
26951.0;8420585151737;Champiñones blancos;Setas y champiñones;;1.5;5.0;;;;;;;;
54053.0;2105600540531;Lomo Hacendado;Lomo y otros;Hacendado;6.13;17.5;;;;;;;;
3832.0;2105400038320;Kiwis verdes;Fruta tropical;;3.37;3.15;;;;;;;;
17265.0;8480000172655;Aliño de aceite con perejil y ajo Hacendado;Otras salsas;Hacendado;1.8;12.0;725.4;0.5;;9.0;0.4;0.5;d;3
10845.0;8402001000928;Bebida láctea desnatada omega 3 Hacendado;Leche desnatada;Hacendado;7.02;1.17;;;;;;;;
12890.0;8402001034503;Preparado en polvo gelatina cereza Hacendado;Levadura y preparado repostería;Hacendado;1.75;9.83;57.6271186440678;1.52542372881356;;0.0;12.7118644067797;0.0;unknown;{}
50148.0;2105600501488;Queso lonchas semicurado mezcla Entrepinares;Queso lonchas;Entrepinares;2.57;12.25;;;;;;;;
35884.0;8436569262924;Hamburguesa de lomo de vacuno;Hamburguesas;;4.0;16.67;240.0;19.0;;8.2;0.5;1.1;d;4
13592.0;8480000135926;Café molido descafeinado Hacendado;Café molido;Hacendado;2.5;10.0;327.0;14.0;52.0;5.5;2.1;0.01;unknown;1
52810.0;8402001015786;Cachopo de vacuno con jamón y queso sin gluten;Empanados y elaborados;;4.43;17.7;;;;;;;;
11470.0;8480000114709;Infusión Laxsen sabor menta Hacendado;Infusiones;Hacendado;1.05;35.0;3.0;0.0;0.0;0.0;0.0;0.0;unknown;{}
10502.0;8410297111150;Leche semidesnatada Asturiana;Leche semidesnatada;Asturiana;1.79;1.19;46.0;3.2;;1.1;4.7;0.1;b;1
11531.0;8402001027765;Vela de cumpleaños 2 Hacendado;Velas;Hacendado;1.25;1.25;;;;;;;;
19897.0;5602711110327;Azúcar blanco Hacendado;Azúcar;Hacendado;0.9;0.9;400.0;0.0;;;100.0;0.0;unknown;2
9210.0;4003994111901;Cereales copos de maíz Corn Flakes Kellogg's;Cereales;Kellogg's;2.5;5.0;378.0;7.0;3.0;0.33333;8.0;1.13333;d;3
6331.0;8402001010927;Spaghetti Hacendado;Spaghetti y tallarines;Hacendado;0.8;1.6;;;;;;;;
10676.0;8480000106766;Leche desnatada +Proteínas & calcio Hacendado;Leche desnatada;Hacendado;8.1;1.35;45.2;6.0;;0.12;4.8;0.13;b;1
32525.0;8480000325259;Azúcar vainillado Hacendado;Decoración;Hacendado;1.3;10.83;394.0;0.0;;0.0;98.6;0.0;e;4
4106.0;8402001021176;Sándwich atún y huevo Hacendado;Sándwich;Hacendado;1.8;9.73;246.0;11.8918918918919;0.0;1.0;4.81081081081081;0.0027027027027027;a;4
14266.0;8436021419675;Lomo de cerdo marinado empanado sin gluten;Empanados y elaborados;;3.2;10.0;;;;;;;;
14639.0;8480000146397;Galletas Choco negro con chocolatina Hacendado;Con chocolate y rellenas;Hacendado;1.35;9.0;496.0;6.4;4.0;15.2;34.4;0.8;e;4
16714.0;8480000167149;Maíz dulce Hacendado;Conservas verdura;Hacendado;1.25;5.56;75.0;2.6;;0.5;4.7;0.4925;b;3
13445.0;8480000134455;Panecillo tostado 100% integral de trigo Hacendado;Pan tostado;Hacendado;1.15;3.83;382.0;13.3;10.3;0.8;4.0;1.8;c;4
22163.0;8402001031830;Café soluble Classic Hacendado;Café soluble;Hacendado;3.9;19.5;;;;;;;unknown;{}
20941.0;8410500017538;Bebida láctea de fresa Danacol 0% azúcares añadidos 0% MG;Colesterol y otros;Danacol;5.9;5.9;43.0;3.2000000476837;;0.10000000149012;4.0999999046326;0.14000000059605;b;{}
26995.0;8480000269959;Migas de bacalao desaladas Hacendado;Salazones;Hacendado;7.64;26.8;;;;;;;;
52560.0;8402001010248;Helado sabor vainilla praliné con nueces pecán Hacendado y sirope de caramelo;Tarrinas;Hacendado;3.5;3.68;232.0;2.9;;;;;unknown;4
63007.0;8480000630070;Nuggets de pavo Hacendado ultracongelados;Empanados y rebozados congelados;Hacendado;3.4;8.5;218.0;12.3;0.7;1.8;0.3;1.23;c;4
81649.6;2105300816493;Salmón media pieza sin aletas y sin escamas;Salmón;;19.93;10.95;;;;;;;;
61371.0;8480000613714;Pimientos del piquillo rellenos de bacalao Hacendado ultracongelados;Verdura;Hacendado;2.1;11.35;93.0;5.3;;0.8;5.0;0.9;c;4
86168.0;8480000861689;Bebida de avena con calcio sin azúcares añadidos Hacendado;Bebidas vegetales;Hacendado;7.2;1.2;52.0;0.5;0.56;2.0;3.6;0.115;unknown;4
2832.0;2105100028324;Alas de pollo adobadas;Pollo;;3.53;5.6;;;;;;;;
64127.0;8480000641274;Granizado de limón Hacendado sin azúcares añadidos;Granizados y helados de hielo;Hacendado;2.85;2.38;35.0;0.1;2.5;;0.2;0.015;unknown;4
11400.0;8480000114006;Infusión Jengibre Hacendado;Infusiones;Hacendado;1.35;33.75;4.0;0.0;0.5;0.0;0.5;0.02;not-applicable;1
3979.0;8436021410078;Burger americana gruesas;Hamburguesas;;3.2;8.89;219.0;15.1;;6.7;1.1;;unknown;{}
27213.0;8410749001107;Agua mineral con gas grande Vichy Catalan;Agua con gas;Vichy Catalan;1.55;1.55;0.0;0.0;0.0;0.0;0.0;0.0975;a;{}
69121.0;8414243090018;Lechugas corazón romana;Lechuga;;1.75;0.88;;;;;;;unknown;{}
69580.0;2105490695809;Brócoli;Otras verduras y hortalizas;;1.25;2.6;;;;;;;;
35840.0;8410127050819;Mayonesa Hellmann's;Mayonesa;Hellmann's;2.95;6.56;554.0;0.8;;9.7;1.4;1.0825;c;4
16043.0;8402001001543;Tomate triturado Hacendado;Tomate;Hacendado;1.0;1.25;21.0;1.0;;0.0;3.5;0.5;c;{}
16252.0;8402001048333;Bacón Hacendado cintas;Bacón;Hacendado;2.2;8.46;293.0;16.6;;9.9;0.5;2.065;unknown;{}
22179.0;8402001009006;Bolsita puré plátano y manzana Hacendado +6 meses;Tarritos de fruta;Hacendado;0.85;7.08;74.0;0.7;0.9;0.1;13.0;0.01;c;{}
65158.0;8435063807655;Grageas de regaliz Hacendado;Golosinas;Hacendado;1.45;9.67;369.0;0.5;;0.3;84.0;0.15;e;{}
22186.0;8480000221865;Papilla plátano, mandarina y pera Hacendado +4 meses;Tarritos de fruta;Hacendado;2.85;5.48;58.0;0.8;1.8;0.1;10.0;0.02;a;1
79576.0;8480000795762;Cepillo limpiabiberón y tetina Deliplus;Biberón;Deliplus;2.5;2.5;;;;;;;;
13634.0;8480000136343;Café en cápsula classic Hacendado;Cápsulas compatibles Dolce gusto;Hacendado;3.35;0.21;114.285714285714;0.8;1.0;0.2;0.6;;unknown;1
68106.0;8480000681065;Flan de vainilla con caramelo Hacendado;Flan;Hacendado;1.1;1.83;95.0;2.4;0.0;1.1;16.5;0.22;c;4
82788.0;8480000827883;Picatostes tostados Hacendado;Picatostes;Hacendado;0.7;7.0;374.0;9.8;4.0;0.3;3.4;1.77;d;4
16807.0;8436551093109;Avena molida Hacendado;Cereales integrales y muesli;Hacendado;1.15;2.3;;;;;;;;
28185.0;8410749001114;Agua mineral con gas pequeña Vichy Catalan;Agua con gas;Vichy Catalan;6.15;3.42;;;;;;;unknown;{}
34838.0;8480000348388;Nuez macadamia Hacendado tostada con sal;Frutos secos;Hacendado;2.9;29.0;758.0;8.6;6.3;13.0;3.5;0.19;c;3
13951.0;8402001036606;Yogur sabores Hacendado 0% MG 0% azúcares añadidos;Yogures desnatados;Hacendado;1.6;1.6;35.0;4.3;;0.0;4.4;0.13;a;4
27971.0;8480000279712;Gaseosa pequeña Hacendado;Gaseosa;Hacendado;0.34;0.68;0.4;0.0;0.0;0.0;0.0;0.02;b;{}
50984.0;8480000509840;Queso viejo de oveja Hacendado;Queso curado;Hacendado;20.79;13.5;;;;;;;;
3852.0;8436008521001;Guacamole Hacendado;Otras salsas;Hacendado;1.8;9.0;;;;;;;;
60710.0;8480000607102;Queso lonchas emmental de vaca Hacendado;Queso lonchas;Hacendado;2.15;10.75;369.0;27.0;;21.0;0.5;0.83;d;3
21784.0;8402001051487;Zumo maracuyá y chía Hacendado;Smoothie;Hacendado;1.65;6.6;54.0;0.6;1.12;;11.2;;unknown;{}
13705.0;2105171137055;Alitas de pollo asadas Hacendado;Carne;Hacendado;4.4;8.8;;;;;;;;
14006.0;8402001009648;Galletas María Integral Hacendado;Galletas integrales y digestive;Hacendado;1.4;1.75;410.0;8.7;11.0;1.0;20.0;1.4;d;4
13947.0;8402001035197;Refresco sin gas cero fusión de frutas Hacendado;Otros refrescos sin gas;Hacendado;1.15;0.77;;;;;;;;
34125.0;8402001025723;Curry Hacendado;Otras especias;Hacendado;1.1;19.3;;;;;;;;
79470.0;8480000794703;Biberón 360 ml tetina silicona tres posiciones Deliplus +1 mes;Biberón;Deliplus;3.8;3.8;;;;;;;;
2871.0;8410783277223;Albóndigas de cerdo;Picadas y otros;;4.55;5.42;239.0;16.0;;7.5;0.5;1.2775;unknown;{}
67753.0;8480000677532;Mermelada de higo Hacendado;Mermelada;Hacendado;1.95;5.74;205.0;0.5;1.5;0.0;48.5;0.0;d;4
34149.0;8480000341495;Jengibre molido Hacendado;Otras especias;Hacendado;1.6;32.65;;;;;;;not-applicable;1
9407.0;7613032377625;Leche de continuación en polvo 2 Nativa Nestlé;Leche en polvo;Nativa;12.95;16.19;494.0;11.4;;2.3;40.5;0.525;not-applicable;4
10933.0;8480000109330;Leche entera fresca Hacendado;Leche entera;Hacendado;1.15;1.15;62.0;3.1;0.0;2.0;4.5;0.13;b;1
2868.0;8421610028680;Preparado de carne picada vacuno;Picadas y otros;;5.5;11.0;182.0;17.0;0.0;5.0;0.8;0.3;c;1
86659.0;8402001002069;Sazonador barbacoa Hacendado para pollo y costillas;Sazonadores;Hacendado;1.3;22.81;299.0;3.0;6.2;0.6;56.3;15.8;not-applicable;{}
82655.0;8710445020878;Pan de fibra y sésamo Hacendado;Crakers y tartaletas;Hacendado;1.13;4.52;400.0;13.0;24.7;1.1;3.0;1.13;a;3
5546.0;8480000055460;Refresco té zero sabor limón Hacendado;Té;Hacendado;1.0;0.67;2.9;0.0;0.0;0.0;0.0;0.09;c;4
21707.0;8402001043079;Bebida energética Zero Full Tropic Energy drink;Energético;Energy drink;1.0;2.0;;;;;;;;
50946.0;2105600509460;Queso semicurado mezcla Hacendado;Queso semicurado;Hacendado;14.49;9.41;;;;;;;;
21726.0;8402001042973;Refresco cola Hacendado;Cola clásica;Hacendado;0.8;0.4;;;;;;;;
3132.0;2105412031326;Plátano macho;Plátano y uva;;0.75;2.9;;;;;;;;
87208.0;8402001049217;Medio salmón;Salmón;;17.85;21.0;;;;;;;;
68029.0;8410100059839;Petit Nesquik Nestlé;Yogures y postres infantiles;Nestlé;1.85;5.14;160.0;4.2;0.5;4.0;17.8;0.54;d;4
10722.0;8480000104731;Leche semidesnatada sin lactosa Hacendado;Leche semidesnatada;Hacendado;0.94;0.94;44.0;3.0;;1.0;4.6;0.13;b;1
69990.0;8412276727222;Tomates cherry;Tomate;;2.2;4.4;;;;;;;unknown;{}
87789.0;8402001029554;Salpicón de marisco Hacendado;Marisco;Hacendado;4.88;12.2;;;;;;;;
82920.0;8410637114230;Tortas de aceite Inés Rosales sin azúcar;Bollería envasada;Inés Rosales;2.7;18.0;;;;;;;;
6043.0;8421610060437;Longaniza fresca sin tripa;Embutido;;3.15;5.63;212.0;13.0;;6.0;0.5;1.8;unknown;4
67659.0;8402001013577;Café cortado en cápsula Hacendado;Cápsulas compatibles Dolce gusto;Hacendado;3.35;0.21;475.0;25.0;15.0;12.5;20.0;;unknown;{}
10275.0;8480000102751;Nata para montar Hacendado;Nata;Hacendado;2.25;3.75;335.0;2.0;;24.0;3.1;0.0975;d;4
15099.0;8402001041518;Té Matcha en polvo Hacendado;Té;Hacendado;2.9;193.33;297.0;31.2;44.0;0.9;2.0;0.0;a;{}
81241.5;2105365812416;Lubina a filetes sin cabeza y sin espina;Lubina;;4.62;10.5;;;;;;;;
69720.0;8414516001086;Escarola rizada cortada y lavada;Lechuga;;1.25;8.33;;;;;;;unknown;{}
18602.0;8480000186027;Mejillones en escabeche Hacendado medianos;Mejillones;Hacendado;2.8;25.23;196.0;14.0;;2.2;;0.00275;unknown;4
5464.0;8402001034695;Semillas de chía Hacendado;Frutos secos;Hacendado;1.45;9.67;464.0;22.0;30.0;4.0;0.4;0.01;a;1
52051.0;8411769004185;Magro de cerdo cocido Coren;Jamón cocido;Coren;2.69;11.21;153.6;16.6;;3.7;0.5;2.1;d;4
63551.0;8480000635518;Pizza serrana Hacendado;Pizzas refrigeradas;Hacendado;2.9;7.25;261.0;15.5;;4.9;2.4;1.8;d;4
3395.0;2105100033953;Filetes lomo de cerdo familiar;Cerdo;;5.67;6.3;;;;;;;;
14960.0;8402001040993;Pasta fresca girasoles rellena de carrillera y puré de patata Hacendado;Pasta rellena;Hacendado;2.6;10.4;236.0;9.1;2.8;2.8;1.6;1.5;d;4
51197.0;8480000511973;Queso feta mezcla Hacendado en dados;Queso fresco;Hacendado;2.4;6.49;276.666666666667;16.0;0.0;16.4;0.0;2.2;e;3
11187.0;8480000111876;Cereales solubles con achicoria Hacendado;Otros;Hacendado;2.15;14.33;357.0;4.9;9.2;0.0;16.0;0.16;unknown;1
24230.0;6944955502742;Gamba pelada cruda tamaño grande Hacendado ultracongelada;Marisco;Hacendado;6.15;17.08;73.0;14.7;;0.2;1.0;1.0;a;{}
52896.0;8402001017162;Macedonia mix de frutas en almíbar Hacendado;Conservas fruta;Hacendado;2.1;5.0;69.0;0.4;0.4;0.0;14.0;0.01;b;3
69971.0;5600084699715;Tomates;Tomate;;4.2;2.1;;;;;;;;
6253.0;8480000062536;Fideuá Hacendado;Fideos;Hacendado;0.8;1.6;366.0;12.0;4.0;0.3;3.5;0.04;a;1
23405.0;8402001037344;Café con leche en cápsula descafeinado Hacendado;Cápsulas compatibles Dolce gusto;Hacendado;3.35;0.21;;;;;;;;
60095.0;8480000600950;Pincho tortilla de patata con calabacín Listo para Comer;Platos calientes;Listo para Comer;2.1;9.72;;;;;;;unknown;{}
34605.0;8480000346056;Arándanos deshidratados Hacendado;Fruta desecada;Hacendado;2.1;10.5;342.0;0.9;6.6;0.3;67.8;0.0;d;3
10320.0;8480000103208;Nata ligera para cocinar sin lactosa Hacendado;Nata;Hacendado;2.4;4.0;163.0;2.0;;10.0;3.0;0.1;d;4
52667.0;8402001014307;Nuez troceada pelada Hacendado;Frutos secos;Hacendado;1.8;12.0;709.0;18.0;5.9;5.9;2.0;0.0;c;1
84754.0;2105900847545;Muffin chocolate 3%;Bollería dulce;;1.45;12.08;;;;;;;;
34821.0;8480000348210;Maíz frito crujiente y tierno Hacendado;Frutos secos;Hacendado;1.0;5.88;522.0;6.4;5.5;3.0;1.0;2.4;c;4
15604.0;8402001019395;Gazpacho tradicional Hacendado;Gazpacho y salmorejo;Hacendado;1.6;1.6;40.0;0.9;1.1;0.4;3.3;0.7875;a;3
9965.0;8402001026447;Bizcocho con azúcar moreno y nueces;Bollería dulce;;3.35;8.38;436.0;9.5;0.9;4.8;29.0;1.14;e;{}
61248.0;8480000612489;Coles de Bruselas Hacendado ultracongeladas;Verdura;Hacendado;1.7;3.78;42.0;3.2;;0.1;2.7;0.03;a;{}
52967.0;8720608036677;Té negro PG tips;Té;PG tips;2.6;22.41;4.0;0.5;0.0;0.1;0.5;0.01;unknown;{}
29046.0;8480000290465;Refresco de limón Hacendado zero azúcar fresh gas;Limón;Hacendado;0.37;1.12;2.2;0.0;;0.0;0.0;0.03;c;4
61093.0;8480000610935;Arándanos enteros Hacendado ultracongelados;Fruta;Hacendado;2.15;7.17;52.0;0.7;2.4;0.0;10.0;0.0;a;1
15647.0;8480000156471;Bebida de almendras con calcio Hacendado;Bebidas vegetales;Hacendado;6.6;1.1;40.0;0.7;0.5;0.5;4.5;0.08;c;4
22455.0;8480000224552;Fideos orientales sabor picante Hacendado;Fideos orientales;Hacendado;0.8;12.31;93.0;1.8;0.6;0.5;0.9;0.97;unknown;4
79433.0;8402001026003;Toallitas bebé pieles con tendencia atópica Deliplus;Toallitas;Deliplus;1.8;0.03;;;;;;;;
62049.0;8436542057042;Porciones de bacalao sin piel MareDeus ultracongeladas;Pescado;MareDeus;8.0;20.0;;;;;;;;
13577.0;8402001010880;Fideo cabello de ángel Hacendado;Fideos;Hacendado;0.8;1.6;;;;;;;unknown;{}
87607.0;8480000876072;Tarta red velvet Hacendado congelada;Tartas;Hacendado;10.0;14.29;399.0;5.3;;8.4;26.0;0.6;unknown;4
10732.0;8480000107329;Leche semidesnatada sin lactosa Hacendado;Leche semidesnatada;Hacendado;1.9;1.58;44.0;3.0;;1.0;4.6;0.13;b;1
5599.0;8480000055996;Perejil Hacendado;Hierbas;Hacendado;0.95;52.78;;;;;;;a;1
63400.0;8427260048252;Croquetas de jamón Hacendado ultracongeladas;Carne rebozada;Hacendado;1.4;2.8;205.0;7.4;;2.0;5.7;1.4;c;{}
5398.0;8480000053985;Patatas fritas 0% sal añadida Hacendado;Patatas fritas;Hacendado;1.5;11.54;544.0;7.1;4.8;4.5;0.5;0.011;c;3
28181.0;5449000028921;Refresco Coca-Cola;Cola clásica;Coca-Cola;1.39;1.11;42.0;0.0;;0.0;10.6;0.0;e;4
80859.0;8480000808592;Tortillas de trigo Hacendado;Pan de hamburguesa y wrap;Hacendado;1.15;3.19;294.444444444444;8.4;4.2;2.0;1.7;1.6;c;4
11971.0;8402001028991;Sazonador ajo y limón Hacendado para carne y pescado;Sazonadores;Hacendado;1.05;35.0;;;;;;;;
27972.0;8480000279729;Gaseosa pequeña Hacendado;Gaseosa;Hacendado;2.04;0.68;0.4;0.0;;0.0;0.0;0.02;c;4
16441.0;8411402285360;Caramelos masticables con palo Lolipop Fiesta sabor fresa;Caramelos;Fiesta;1.0;20.83;413.0;0.5;;3.7;53.8;0.0;unknown;{}
52099.0;5410399929489;Paté de cerdo con pimienta verde Hacendado;Paté;Hacendado;1.45;14.5;;;;;;;;
9259.0;8410175051226;Papilla zanahorias con arroz en caldito de pollo Hero Solo +6 meses;Tarritos salados;Hero Solo;1.85;7.87;61.0;2.4;1.2;0.3;2.0;0.06;not-applicable;3
14713.0;8410076601513;Barritas de avena y chocolate negro Crunchy Nature Valley;Barritas de cereales;Nature Valley;1.95;9.29;473.0;8.7;7.0;3.4;26.8;0.64;d;4
9187.0;8480000091871;Preparado lácteo Hacendado +1 año;Leche;Hacendado;8.4;1.4;65.0;2.2;;0.6;4.7;0.13;not-applicable;4
86387.0;8402001024900;Fruta + leche tropical Hacendado sin azúcares añadidos;Fruta + leche;Hacendado;1.2;1.0;18.0;0.4;0.2;0.0;3.8;0.0;d;4
2859.0;2105100028591;Filetes hígado de cerdo;Cerdo;;3.37;6.6;;;;;;;;
81649.2;2105300816493;Salmón abierto en libro sin cabeza y sin espina;Salmón;;40.84;10.95;;;;;;;;
29019.0;8402001018169;Harina de fuerza Hacendado;Harina;Hacendado;0.95;0.95;344.0;13.0;2.8;0.3;2.1;;unknown;1
69139.0;8414014005159;Cebollas tiernas;Cebolla y ajo;;1.25;0.42;;;;;;;;
84284.0;2105900842847;Empanada de atún;Bollería salada;;3.5;7.0;237.0;7.7;;0.8;2.3;;unknown;{}
29043.0;8402001000683;Refresco de limón Hacendado fresh gas;Limón;Hacendado;2.22;1.12;20.0;0.0;;0.0;4.6;;unknown;{}
19732.0;8402001001857;Sal yodada fina Hacendado;Sal y bicarbonato;Hacendado;0.45;0.45;0.0;0.0;0.0;0.0;0.0;100.0;unknown;{}
23305.0;8421384128562;Chuletas de cerdo sajonia;Cerdo;;3.67;9.4;;;;;;;;
63159.0;8480000631596;Figuritas de merluza empanadas Hacendado ultracongeladas;Pescado rebozado;Hacendado;3.6;7.2;240.0;8.8;;1.3;0.5;1.49;d;4
16329.0;8402001048005;Barritas de galleta y caramelo Hacendado bañadas de chocolate con leche;Chocolatinas;Hacendado;1.85;8.81;488.095238095238;5.0;0.0;14.047619047619;42.8571428571429;0.630952380952381;unknown;4
86505.0;8719200232044;Margarina Tulipán Original;Margarina;Tulipán;2.9;7.25;678.0;0.5;;28.0;0.5;0.26;d;4
2811.0;2105100028119;Costillas de cerdo carnosas a tacos;Cerdo;;4.96;8.0;;;;;;;;
28496.0;8480000284969;Yogur azucarado YogoMix Hacendado variado de copos maíz, bolitas y disquitos chocolateados;Otros postres;Hacendado;3.15;3.5;126.0;4.8;;2.2;18.0;0.15;c;4
55028.0;8410843011866;Salami montañés extra El Pozo;Salchichón;El Pozo;1.85;1.85;506.0;17.0;;15.3;4.3;4.4;e;{}
65123.0;3215690801913;Caramelos café Hacendado 0% azúcares;Caramelos;Hacendado;1.15;12.78;247.0;0.5;0.0;2.7;0.0;;unknown;4
22278.0;8410184040754;Quinoa cocida blanca y roja Sabroz;Arroz;Sabroz;1.45;5.8;117.6;5.88;3.75;0.63;0.75;0.51;b;4
19880.0;8402001041785;Tarta infantil Tesia and Friends Hacendado congelada;Tartas infantiles;Hacendado;13.8;9.86;;;;;;;;
11513.0;8402001026379;Cocktail rodeo Hacendado;Cocktails;Hacendado;1.7;5.67;490.0;9.0;4.7;2.7;3.3;2.5575;d;4
61300.0;8480000613004;Tempura de verduras Hacendado ultracongelada;Verdura;Hacendado;2.7;6.75;191.0;2.1;2.4;1.0;3.6;0.93;c;4
60595.0;8402001017902;Sopa de cebolla Hacendado;Sopa;Hacendado;0.65;15.12;297.0;10.1;5.0;5.5;17.8;21.735;unknown;{}
20287.0;8480000202871;Yogur natural de cabra Hacendado;Yogures naturales;Hacendado;2.1;4.2;72.8;4.1;;3.4;3.0;0.09;b;1
11994.0;8402001030963;Lasaña de pollo Hacendado;Pasta;Hacendado;2.75;7.86;170.0;6.6;1.0;5.4;1.5;0.7875;c;4
52734.0;8402001015014;Aceitunas negras sin hueso Hacendado;Aceitunas negras;Hacendado;1.05;3.0;125.0;0.5;;2.2;0.0;2.5;d;{}
10826.0;8402001000911;Bebida láctea semidesnatada con fibra Hacendado;Leche semidesnatada;Hacendado;1.3;1.3;51.0;3.0;4.0;0.9;4.8;0.13;b;4
69670.0;8402001035111;Lechuga iceberg cortada y lavada;Lechuga;;0.95;3.8;7.6;0.9;;;2.0;0.03;unknown;{}
10352.0;8480000103529;Café en cápsula espresso Hacendado;Cápsulas compatibles Nespresso;Hacendado;3.8;0.19;19.2307692307692;0.0;0.0;0.0;0.0;0.0;b;{}
22081.0;8480000220813;Fumet caldo de pescado Hacendado;Caldo líquido;Hacendado;2.85;3.0;26.0;0.9;0.0;0.3;1.2;1.1;c;4
9049.0;8411700812213;Preparado lácteo crecimiento Peques 3 Puleva;Leche;Peques 3;11.94;1.99;58.0;1.7;;1.2;2.6;0.11;unknown;{}
64102.0;8480000641021;Mini helado bombón surtido Hacendado sin azúcares añadidos;Bombones;Hacendado;3.0;6.58;295.121951219512;6.0;0.5;13.2;7.0;0.18;d;4
22154.0;8480000221544;Banderillas dulces Hacendado;Cóctel y banderillas;Hacendado;1.7;4.93;41.0;0.9;1.7;0.6;0.9;2.1625;c;4
29165.0;8402001020957;Harina de maíz blanco precocida Hacendado;Harina;Hacendado;1.6;1.6;357.0;9.2;3.0;0.2;0.6;;unknown;{}
69414.0;8423223001678;Tomates cherry en rama Dulcita;Tomate;Dulcita;2.5;12.5;;;;;;;;
59334.0;8480000593344;Mortadela Hacendado lonchas;Mortadela;Hacendado;1.25;5.0;244.0;13.2;;6.5;1.1;2.0;d;4
20584.0;8480000205841;Yogur natural con azúcar de caña Hacendado;Yogures naturales;Hacendado;1.05;1.4;94.0;2.7;0.0;2.7;11.6;0.1;c;4
68089.0;8480000680891;Petit de bolsillo de fresa Hacendado;Yogures y postres infantiles;Hacendado;1.7;4.72;97.0;6.3;;1.7;11.0;0.1;e;4
64214.0;8480000642141;Barra de helado sabor vainilla, chocolate y nata Hacendado;Barras de helado y barquillos;Hacendado;2.05;2.05;197.0;3.3;;7.1;22.0;0.16;d;4
22799.0;8480000227997;Postre lácteo sabor fresa sin lactosa Hacendado;Yogures de sabores;Hacendado;1.45;2.9;86.4;3.2;;2.2;11.0;0.1;c;4
82892.0;8423102210207;Palitos de pan con queso Anitin;Rosquilletas;Anitin;1.32;9.3;503.0;12.1;3.0;4.4;1.2;1.7;d;3
20991.0;8480000209917;Mantequilla sin lactosa Hacendado;Mantequilla;Hacendado;2.65;10.6;743.0;0.5;;56.0;0.8;0.05;e;{}
21705.0;8402001043048;Bebida energética Furious Energy drink Hacendado;Energético;Hacendado;1.0;2.0;;;;;;;;
16264.0;8410014519900;Crema al cacao con avellanas Nocilla original;Cremas de untar;Nocilla;2.95;8.19;545.0;4.8;;5.9;56.0;0.0975;unknown;{}
82842.0;8480000828422;Pan tostado 100% espelta integral Hacendado;Pan tostado;Hacendado;1.5;6.0;5232.87671232877;17.5;9.3;0.7;4.4;2.2;c;3
15660.0;8480000156600;Yogur líquido piña y coco Hacendado 0% MG 0% azúcares añadidos;Yogures líquidos;Hacendado;1.3;1.3;34.0;3.3;;0.3;4.2;;unknown;4
4176.0;2105100041767;Medallones preparado de solomillo cerdo congelados marinados;Carne congelada;;3.11;10.36;;;;;;;;
82412.0;8002190020167;Crackers 30% integral;Crakers y tartaletas;;1.85;3.7;430.555555555556;11.0;6.5;1.3;2.0;1.75;c;3
69066.0;2105444690669;Patata;Patata;;0.48;1.9;;;;;;;;
20057.0;8410500006150;Yogur sabor coco Danone;Yogures de sabores;Danone;1.0;2.08;72.0;3.0;0.0;1.5;10.0;0.11;b;4
51012.0;8413556010324;Requesón mezcla Hacendado;Queso fresco;Hacendado;1.0;5.0;139.0;8.7;0.0;8.1;4.4;0.12;c;3
39934.0;8402001019401;Gazpacho tradicional Hacendado;Gazpacho y salmorejo;Hacendado;2.15;2.17;40.0;0.9;1.0;0.4;3.3;0.8;a;3
4940.0;8480000049407;Vinagre de vino blanco Hacendado;Vinagre y otros aderezos;Hacendado;0.65;0.65;20.0;0.0;0.0;0.0;0.0;0.05;not-applicable;2
58159.0;2105600581596;Salchichón cular ibérico extra La Hacienda del ibérico;Salchichón;La Hacienda del ibérico;9.5;19.0;;;;;;;;
13372.0;8480000133724;Palitos con frutos secos Hacendado;Rosquilletas;Hacendado;1.05;8.08;487.0;13.0;4.3;2.6;2.7;3.0;e;3
11869.0;7613035260924;Café en cápsula descafeinado espresso intenso Dolce Gusto;Cápsulas compatibles Dolce gusto;Dolce Gusto;4.95;0.31;;;;;;;unknown;{}
12493.0;8402001016400;Porciones de Chocolate negro 85% cacao extrafino Hacendado;Chocolate negro;Hacendado;3.5;17.5;600.0;12.0;14.0;30.0;14.0;0.075;d;{}
2830.0;2105100028300;Solomillos de pollo certificado alimentado con un 50% de maíz;Pollo;;3.52;11.0;;;;;;;;
2853.0;2105100028539;Carcasa y espinazo de pollo;Pollo;;1.23;1.3;;;;;;;;
34130.0;8402001029035;Sal de ajo Hacendado;Sal y bicarbonato;Hacendado;1.8;13.85;;;;;;;;
27759.0;8414100302643;Bebida Florida Sunny Delight;Otros refrescos sin gas;Sunny Delight;1.5;1.2;13.0;0.0;;0.0;2.4;0.05;d;4
69586.0;2305191000692;Zanahorias;Pepino y zanahoria;;1.2;1.2;;;;;;;;
13706.0;2105171137062;Pollo asado Hacendado;Carne;Hacendado;7.06;5.65;;;;;;;;
50021.0;8413556003838;Queso rulo de cabra Hacendado;Queso especialidades;Hacendado;2.65;13.25;347.0;17.0;;21.1;0.9;1.1;unknown;{}
8730.0;8480000087300;Fideos orientales Yakisoba sabor soja Hacendado;Fideos orientales;Hacendado;0.9;10.0;204.0;4.4;0.0;4.2;3.0;1.3;unknown;4
20876.0;5410093156129;Margarina ligera Hacendado;Margarina;Hacendado;1.45;2.9;370.0;0.5;0.0;12.0;0.5;0.4;c;2
34102.0;8412917002084;Pimentón dulce de la Vera Hacendado;Colorante y pimentón;Hacendado;1.85;24.67;;;;;;;not-applicable;1
60348.0;8437013920131;Leche condensada Hacendado;Leche condensada y otros;Hacendado;3.35;3.35;322.0;7.4;;5.7;55.0;0.33;unknown;{}
9995.0;8436039786998;Solomillo de pavo;Pavo y otras aves;;4.8;8.0;93.0;22.0;;0.0;0.0;0.32;a;{}
39627.0;8480000396273;Bebida de arándanos y frutas rojas Hacendado sin azúcares añadidos;Fruta variada y otros sabores;Hacendado;1.75;1.75;19.0;0.20000000298023;1.0;0.0;3.4000000953674;0.0;d;4
58307.0;2105600583071;Hueso garrón;Arreglos;;1.16;4.0;;;;;;;;
53140.0;8410320249478;Pechuga de pavo al horno de leña Campofrío lonchas;Pavo y otros;Campofrío;1.85;14.8;82.0;16.0;;0.3;2.2;1.8;c;4
35822.0;8402001010675;Rosca lomo, bacón y queso emmental Hacendado;Roscas, quiche y baguettes;Hacendado;3.4;7.08;236.0;12.9;;3.5;;1.5725;unknown;{}
20200.0;8480000201607;Postre de soja natural Hacendado;Postres de soja;Hacendado;1.2;3.0;43.0;4.6;0.3;0.4;0.0;0.08;a;1
16004.0;8410313296328;Tomate para untar Hacendado con aceite de oliva;Tomate;Hacendado;1.65;5.16;;;;;;;;
27321.0;5449000055200;Refresco Coca-Cola;Cola clásica;Coca-Cola;9.96;2.52;;;;;;;unknown;{}
52990.0;8402001018602;Cocido Hacendado;Platos de cuchara;Hacendado;1.9;4.52;118.0;6.0;;2.0;0.7;1.0;c;3
4498.0;8480000044983;Pollo al curry Hacendado con arroz basmati;Arroz;Hacendado;2.85;10.18;136.0;8.2;;1.1;0.5;1.2;c;{}
60685.0;8402001019814;Pizza barbacoa Hacendado;Pizzas refrigeradas;Hacendado;2.9;6.59;250.0;11.9;;3.5;5.7;;unknown;{}
9356.0;8480000093561;Muesli Crunchy Hacendado con fruta;Cereales integrales y muesli;Hacendado;2.1;4.2;427.0;6.3;6.0;5.0;27.0;0.5;d;4
22430.0;8480000224309;Maxi pavo Hacendado finas lonchas;Pavo y otros;Hacendado;3.05;7.63;78.0;12.8;;0.1;0.7;2.3;d;4
47994.0;8480000479945;Hoja de laurel Hacendado;Hierbas;Hacendado;0.85;70.83;;;;;;;unknown;{}
21698.0;8402001047794;Bebida energética Energy Drink Hacendado;Energético;Hacendado;2.4;1.6;;;;;;;;
10814.0;8402001000904;Bebida láctea semidesnatada con fibra Hacendado;Leche semidesnatada;Hacendado;7.8;1.3;51.0;3.0;4.0;0.9;4.8;0.13;unknown;{}
50952.0;8480000509529;Queso añejo tostado mezcla Hacendado;Queso curado;Hacendado;6.19;16.74;;;;;;;;
9580.0;8410175073761;Papilla 8 cereales Hero Solo +6 meses;Papillas;Hero Solo;3.9;9.51;379.0;12.0;;0.4;1.0;0.0;not-applicable;4
6244.0;8480000062444;Pasta tiburón Hacendado;Macarrones, pajaritas y hélices;Hacendado;0.8;1.6;361.0;13.0;3.5;0.3;3.6;0.01;a;1
82199.0;8423102920106;Pan tostado con ajo y perejil Hacendado;Pan tostado;Hacendado;1.3;7.65;;;;;;;;
10453.0;8436021417244;Mini burgers de vacuno y cerdo;Hamburguesas;;3.1;11.07;221.0;17.7;;7.1;0.8;2.0;unknown;{}
64249.0;8480000642493;Helado bombón blanco Hacendado sabor vainilla;Bombones;Hacendado;3.2;4.44;309.0;3.0;;13.0;30.0;0.0;e;4
31540.0;8402001028250;Huevos grandes L;Huevos;;1.8;0.3;;;;;;;;
79663.0;8480000796639;Chupete silicona reversible Deliplus +0 a 6 meses;Chupete;Deliplus;2.5;2.5;;;;;;;;
69312.0;2105457693121;Pimiento verde;Calabacín y pimiento;;0.78;2.8;;;;;;;;
11408.0;8480000114082;Infusión Relax Hacendado;Infusiones;Hacendado;1.05;35.0;;;;;;;b;{}
12960.0;8402001032462;Snack de maíz Crunchy sabor agridulce picante Hacendado;Snacks;Hacendado;0.9;9.0;556.0;4.0;;;;;unknown;{}
60684.0;8402001020865;Helado cookie dough Hacendado vainilla con trozos de galleta y salsa de caramelo;Tarrinas;Hacendado;3.35;6.7;275.0;3.4;0.0;9.0;28.7;0.28;e;4
35847.0;8402001010279;Bebida láctea sabor açaí plátano +Proteínas Hacendado 0% MG 20 g proteínas;Yogures líquidos;Hacendado;1.15;4.11;50.7142857142857;7.14285714285714;;0.25;3.89285714285714;0.119642857142857;b;{}
69310.0;2105470693108;Pimiento rojo;Calabacín y pimiento;;1.0;2.7;;;;;;;;
20613.0;8480000206138;Bebida láctea de fresa y plátano Hacendado;Yogures líquidos;Hacendado;1.3;1.3;76.0;2.3;;1.3;11.8;0.12;e;4
69976.0;2105400699767;Tomates negros;Tomate;;2.6;2.6;;;;;;;;
9357.0;8480000093578;Muesli Crunchy Hacendado con frutos secos;Cereales integrales y muesli;Hacendado;2.1;4.2;458.0;8.0;6.0;2.0;22.0;0.5;d;4
21729.0;8402001043000;Refresco de naranja Hacendado fresh gas;Naranja;Hacendado;0.95;0.48;;;;;;;;
67968.0;8402001050145;Golosinas Rega Red Mix Hacendado sabor fresa, nata y tutti frutti;Golosinas;Hacendado;1.6;5.33;;;;;;;;
15953.0;8480000159533;Obleas para helado Hacendado;Galletas surtidas;Hacendado;0.7;13.46;390.0;11.0;3.0;1.2;1.0;0.3;b;{}
25184.0;4052485457080;Alas de pollo congeladas;Carne congelada;;3.2;3.2;180.0;18.0;;4.3;0.0;0.2;unknown;{}
11509.0;8402001027369;Bebida isotónica sabor cítrico Iso drink zero;Isotónico;Iso drink;1.0;0.67;1.4;0.0;;0.0;0.0;0.06;c;4
65135.0;8402001035050;Chicles original sabor frutas gragea Hacendado;Chicles;Hacendado;1.0;22.22;;;;;;;;
17259.0;8020950004011;Salsa de Trufa;Otras salsas;;3.1;38.75;256.0;2.14;;3.82;0.77;1.25;d;4
34721.0;8480000347213;Cilantro Hacendado;Hierbas;Hacendado;1.85;154.17;;;;;;;unknown;1
33178.0;8480000331786;Aceitunas verdes rellenas de jalapeño Hacendado;Aceitunas verdes;Hacendado;1.75;5.0;154.0;1.2;;3.06;0.5;2.26;d;4
52879.0;8001841144849;Pañales bebé talla 3 de 6-10 kg Dodot;Pañal talla de 0 a 3;Dodot;20.95;0.37;;;;;;;;
56619.0;8480000566195;Jamón de pavo Hacendado finas lonchas;Pavo y otros;Hacendado;1.9;8.44;85.0;14.0;;0.9;1.5;1.5;c;4
83230.0;8480000832306;Baguette masa madre;Barra de pan;;0.57;2.28;268.0;9.2;2.3;;2.3;1.5725;unknown;3
3840.0;8436008521063;Guacamole Hacendado;Otras salsas;Hacendado;3.95;7.9;203.0;1.8;10.7;3.0;1.9;1.5;b;4
24016.0;8436542052023;Filetes de bacalao MareDeus ultracongelado;Pescado;MareDeus;7.4;19.73;51.0;14.0;;0.2;1.0;2.0;c;3
63478.0;6945845570018;Rollitos primavera Hacendado ultracongelados;Verdura;Hacendado;1.55;5.17;131.0;3.0;;0.3;8.4;1.5;c;4
52561.0;8402001010224;Helado sabor huevo de chocolate Hacendado;Tarrinas;Hacendado;3.65;3.84;283.0;3.6;0.0;6.6;30.0;0.1775;d;4
22139.0;8480000221391;Rollo con sabor nata Hacendado;Pastelitos surtidos;Hacendado;0.24;5.75;;;;;;;;
9532.0;8480000095329;Cereales Cereal Mix Hacendado 0% azúcares añadidos;Cereales integrales y muesli;Hacendado;2.4;6.4;372.0;9.4;5.6;0.7;0.7;0.0;a;4
63623.0;8480000636232;Pizza 4 quesos sin gluten y sin lactosa Hacendado ultracongelada;Pizzas;Hacendado;3.1;7.56;241.0;10.2;;6.2;2.0;1.3;d;4
34113.0;8480000341136;Ñoras Hacendado;Otras especias;Hacendado;1.56;62.4;;;;;;;a;1
60212.0;8480000602121;Ensaladilla rusa pequeña Listo para Comer;Platos fríos;Listo para Comer;3.5;3.5;;;;;;;;
63529.0;8480000635297;Pizza pollo Hacendado;Pizzas refrigeradas;Hacendado;2.9;6.74;229.0;14.0;;4.1;4.6;1.475;d;4
60621.0;8402001019616;Arroz de verduras Hacendado;Arroz;Hacendado;3.5;12.5;122.0;3.1;3.2;0.6;2.3;1.18;c;4
4749.0;8402001047206;Aceite de oliva virgen Hacendado;Aceite de oliva;Hacendado;4.45;4.45;;;;;;;;
32227.0;8480000322272;Fideos de chocolate Hacendado;Chocolate con leche;Hacendado;1.75;17.5;495.0;6.0;7.0;15.0;58.0;0.01;e;4
21716.0;8402001047824;Refresco cola Hacendado Zero azúcar Zero cafeína;Cola zero;Hacendado;2.1;1.06;;;;;;;;
9891.0;8402001026263;Chocolate blanco Fussion Hacendado relleno de crema de galleta y cacao;Chocolate blanco;Hacendado;1.35;12.27;548.0;7.8;0.7;19.0;49.0;0.0005;e;{}
17151.0;8480000171511;Tomate frito Hacendado;Tomate frito;Hacendado;0.95;1.51;81.0;1.4;0.0;0.4;7.2;1.0;c;3
10644.0;8402001038389;Café con leche espresso Hacendado;Bebidas frías;Hacendado;0.75;3.0;62.0;3.2;0.3;0.8;8.8;0.18;c;4
23145.0;8480000231451;Chorizo sarta dulce extra de León Hacendado;Chorizo;Hacendado;4.2;12.0;435.0;26.6;;13.4;1.2;;unknown;{}
34047.0;8480000340474;Cocktail crunchy sabores Hacendado;Cocktails;Hacendado;1.6;8.0;547.0;16.0;4.7;4.4;9.1;1.8;d;4
52421.0;8402001012051;Yogur griego natural ligero Hacendado;Yogures griegos;Hacendado;1.45;1.93;48.0;5.8;0.0;1.4;0.0;0.0;a;4
14298.0;8402001038860;San Jacobos de cerdo sin gluten;Cerdo;;2.64;6.6;;;;;;;;
27356.0;8411547001085;Agua mineral grande Solán de Cabras;Agua sin gas;Solán de Cabras;0.89;0.59;;;;;;0.0012;a;{}
52768.0;8402001013928;Caldo de cocido Hacendado;Caldo líquido;Hacendado;0.9;0.9;4.0631;0.0;0.0;0.0;0.5;0.885;c;4
82150.0;7300400122092;Pan tostado vitalité Wasa;Pan tostado;Wasa;2.45;8.75;380.638764959988;2.1;1.8;0.2;0.0;0.2075;b;4
21633.0;8402001046513;Paté de hígado de cerdo ibérico Hacendado;Paté;Hacendado;2.0;6.67;;;;;;;;
23926.0;8480000239266;Bebida de almendras 0% azúcar Hacendado;Bebidas vegetales;Hacendado;1.15;1.15;16.0;0.5;0.0;0.3;0.0;0.08;b;4
63556.0;8480000635563;Pizza pepperoni Hacendado;Pizzas refrigeradas;Hacendado;2.9;7.07;295.172084130019;14.4;;6.7;1.8;1.6725;d;4
86331.0;8402001020490;Yogur líquido de fresa Hacendado;Yogures líquidos;Hacendado;2.0;1.67;67.0;1.8;;0.8;12.2;0.1;e;4
50546.0;8480000505460;Queso lonchas cremoso light de vaca Hacendado;Queso lonchas;Hacendado;2.9;9.67;267.0;27.0;0.0;12.0;1.2;0.0115;c;3
5501.0;5608495000069;Arándanos;Otras frutas;;3.1;13.78;;;;;;;;
60918.0;8402001014666;Melocotón en almíbar Hacendado;Conservas fruta;Hacendado;1.95;2.32;74.0;0.5;;0.0;16.0;0.0;c;3
21312.0;8402001022456;Bífidus con ciruelas pasas probióticos Hacendado;Bífidus de sabores;Hacendado;1.3;2.6;88.0;3.5;0.6;1.7;11.7;0.13;c;4
39130.0;8480000391308;Zumo de piña y uva Hacendado;Piña;Hacendado;1.65;1.38;54.0;0.6;;0.0;12.9;0.01;d;1
9919.0;8402001026348;Patatinas extra crujientes Hacendado;Patatas fritas;Hacendado;1.35;13.5;545.0;3.5;7.0;3.1;0.8;0.85;c;3
20571.0;8480000205711;Yogur griego stracciatella Hacendado;Yogures griegos;Hacendado;1.85;2.47;163.0;3.4;;6.4;15.0;0.11;d;4
14301.0;8402001037139;Dúo frutas fresa y plátano Hacendado congeladas;Fruta;Hacendado;2.75;6.11;54.0;0.9;1.4;0.0;9.3;0.0;unknown;{}
64491.0;8480000644916;Helado Mochi coco Hacendado;Bombones;Hacendado;2.9;13.43;250.0;2.2;0.4;3.0;35.5;0.08;d;4
35412.0;8402001007750;Salsa curry Tikka Masala Hacendado picante;Salsas para carnes;Hacendado;2.0;11.11;151.0;1.9;0.8;5.2;7.3;1.3175;not-applicable;4
69714.0;8437004621771;Ensalada California;Ensalada preparada;;2.6;13.54;226.0;5.3;;1.3;8.6;0.9;c;{}
69591.0;3760095950129;Endibias;Lechuga;;2.0;4.44;;;;;;;a;1
21827.0;8402001051128;Refresco té verde zero Hacendado sabor maracuyá y mango;Té;Hacendado;3.0;1.52;;;;;;;;
9280.0;8410175052223;Papilla verduritas con merluza Hero Solo +6 meses;Tarritos salados;Hero Solo;1.85;7.87;71.0;2.7;1.7;0.6;2.1;0.08;not-applicable;3
8667.0;8480000086679;Pechuga de pollo 92% Hacendado lonchas;Jamón cocido;Hacendado;2.85;14.25;89.0;18.1;;0.5;1.0;4.75;e;4
67798.0;8480000677983;Patatas con allioli Hacendado;Ensaladilla;Hacendado;1.55;6.2;238.0;1.5;;1.8;1.3;0.68;c;4
81234.3;2105318812340;Dorada sin limpiar;Dorada;;4.75;9.5;;;;;;;;
40358.0;8480000403582;Chocolate negro 55% cacao Hacendado con almendras;Chocolate negro;Hacendado;2.5;12.5;555.0;10.0;9.7;17.0;34.0;0.01;e;4
26039.0;8480000260390;Garbanzo cocido Hacendado;Garbanzos;Hacendado;0.75;2.54;90.0;5.5;;0.5;0.7;0.8;b;3
18402.0;8480000184023;Filetes de anchoa en aceite de oliva Hacendado;Salazones;Hacendado;6.75;48.21;192.0;25.0;0.0;1.77;0.0;12.0;e;{}
9246.0;8410175052421;Papilla verduritas con delicias de pavo Hero Solo natur +6 meses;Tarritos salados;Hero Solo;1.85;7.87;71.0;2.7;1.9;0.4;1.1;0.04;not-applicable;3
8805.0;8402001022364;Infusión frutos rojos Hacendado;Infusiones;Hacendado;1.4;35.0;4.0;0.7;0.0;0.0;0.0;0.0;unknown;4
50478.0;8402001023446;Queso tierno gouda de vaca Hacendado;Queso tierno;Hacendado;3.3;7.33;;;;;;;;
87602.0;8480000876027;Tarta selva negra Hacendado congelada;Tartas;Hacendado;14.9;7.84;307.0;3.9;;8.7;29.0;0.24;e;{}
21151.0;8480000211514;Postre lácteo con puré mango y maracuya +Proteínas Hacendado 0% MG 10 g proteínas;Yogures desnatados;Hacendado;1.55;3.23;56.6666666666667;8.33333333333333;;0.0;5.33333333333333;0.1;a;4
14140.0;5410126116236;Galletas caramelizadas Lotus Biscoff;Galletas desayuno;Lotus;1.6;8.6;483.870967741935;4.9;1.3;8.0;38.1;0.92;e;3
64230.0;8480000642301;Helado crocan choc vainilla Hacendado con lengua sabor chocolate;Bombones;Hacendado;3.0;6.67;385.0;4.0;;17.0;25.0;0.11;e;{}
35652.0;8402001008894;Pasta fresca girasoles rellena de queso de cabra y cebolla caramelizada Hacendado;Pasta rellena;Hacendado;2.1;8.4;273.0;9.2;2.7;4.6;4.9;7.11;e;{}
3653.0;8412610035907;Filetes pechuga de pollo extra tiernos;Pollo;;4.26;7.6;;;;;;;;
69423.0;8480000694232;Salteado de pimientos y cebolla cortado y lavado;Otras verduras y hortalizas;;2.4;6.0;37.0;1.0;1.6;;2.9;;unknown;{}
14214.0;8480000142146;Galletas Digestive Hacendado;Galletas integrales y digestive;Hacendado;1.55;1.94;464.0;6.0;3.6;2.0;17.0;1.5725;d;4
15726.0;8480000157263;Infusión Digest Hacendado;Infusiones;Hacendado;1.05;26.25;2.0;0.375;0.2;0.1;0.5;0.05;unknown;4
52409.0;8480000524096;Queso fresco Burgos desnatado 0% MG Hacendado;Queso fresco;Hacendado;1.15;4.6;67.2;12.0;;0.1;3.9;0.91;b;{}
21708.0;8402001043123;Bebida energética Zero Furious Hacendado Energy drink;Energético;Hacendado;1.0;2.0;;;;;;;;
35846.0;8402001010590;Dulce de membrillo Hacendado 0% azúcares añadidos;Conservas fruta;Hacendado;2.4;6.0;142.0;0.5;3.9;0.0;2.7;0.52;b;4
87609.0;8480000876096;Tarta Ferrer bombón crujiente Hacendado congelada;Tartas;Hacendado;9.5;13.38;388.0;4.9;2.2;13.0;26.0;0.225;e;4
87205.0;8402001049200;Rodaja de salmón;Salmón;;7.0;20.0;;;;;;;;
21061.0;8402001021053;Natillas con chocolate +Proteínas Hacendado 1,3 g MG 10 g proteínas;Natillas;Hacendado;1.75;3.65;80.8333333333333;8.4;0.7;0.6;6.6;0.1;a;4
21654.0;8402001052095;Bebida energética Zero Melow Energy drink;Energético;Energy drink;1.0;2.0;;;;;;;;
3363.0;2105400033639;Zumo de naranja recién exprimido Hacendado;Naranja;Hacendado;2.95;5.9;;;;;;;;
63653.0;8480000636539;Pizza carbonara Hacendado;Pizzas refrigeradas;Hacendado;2.9;6.74;253.0;12.1;0.0;5.0;3.0;1.5;d;4
19909.0;8402001042683;Caramelos Fruits & Flowers Hacendado 0% azúcares;Caramelos;Hacendado;1.35;15.0;;;;;;;unknown;{}
21604.0;8402001045264;Helado bombón pistacho Hacendado sabor almendra con salsa de pistacho;Bombones;Hacendado;4.6;8.52;378.571428571429;5.14285714285714;1.14285714285714;9.0;32.2857142857143;0.257142857142857;e;{}
15031.0;8424523080066;Cabello de Ángel Hida;Conservas fruta;Hida;2.6;5.0;239.0;0.7;1.2;0.0;48.5;0.0;d;4
86588.0;8480000865885;Sándwich pollo y queso Hacendado;Sándwich;Hacendado;1.85;10.0;321.081081081081;11.8918918918919;;5.0;2.32432432432432;1.17972972972973;d;4
3076.0;8480000030764;Piña;Fruta tropical;;4.08;2.0;;;;;;;;
69495.0;2369495002172;Pimientos tricolor;Calabacín y pimiento;;2.11;3.1;;;;;;;;
9264.0;3353154103491;Cereales rellenos de leche Hacendado;Cereales;Hacendado;2.4;4.8;447.0;10.0;;7.7;32.0;0.75;e;4
86840.0;8402001030628;Pasta fresca gnocchi rellena de quesos Hacendado;Pasta rellena;Hacendado;2.0;5.0;;;;;;;;
21841.0;8402001051760;Panes de semillas;Pan de bocadillo;;1.5;8.82;;;;;;;;
52637.0;8410184042895;Arroz redondo Sabor;Arroz;Sabor;2.45;2.45;;;;;;;unknown;{}
14142.0;8480000141422;Tortitas de arroz con chocolate con leche Hacendado;Tortitas;Hacendado;1.9;14.62;467.692307692308;7.1;2.4;11.0;28.0;0.46;e;4
19988.0;8402001037078;Chocolate con leche Hacendado almendras enteras;Chocolate con leche;Hacendado;2.5;16.67;507.936507936508;13.0;8.6;15.0;8.0;0.1975;d;4
26114.0;8480000261144;Alubias a la jardinera Hacendado;Platos de cuchara;Hacendado;1.2;2.86;85.0;4.8;;0.3;0.5;1.2;a;4
52750.0;8402001015175;Bebida Kéfir de fresa y plátano Hacendado;Colesterol y otros;Hacendado;0.9;3.6;57.0;3.1;;2.0;4.1;0.15;c;4
50942.0;8480000509420;Queso semicurado de cabra Hacendado;Queso semicurado;Hacendado;4.54;15.15;;;;;;;;
